Timestamp,คุณเคยซื้ออาหารแมวและมีประสบการณ์เลี้ยงแมวในบ้านหรือไม่,"แมวมีความหมายอย่างไรต่อคุณ เช่น เป็นเหมือนลูกของเรา, เป็นเพื่อนคลายเหงา [พิมพ์ตามความรู้สึกได้เลย]",คุณเลี้ยงแมวพันธุ์ใด [โปรดพิมพ์ระบุ],ปัจจุบันคุณซื้ออาหารแมวสำเร็จรูปชนิดเม็ดแบรนด์ใด[โปรดพิมพ์ระบุ],คุณสมบัติของอาหารแมวสำเร็จรูปชนิดเม็ดที่ส่งผลต่อการตัดสินใจซื้อ [ใช้วัตถุดิบจากธรรมชาติ],คุณสมบัติของอาหารแมวสำเร็จรูปชนิดเม็ดที่ส่งผลต่อการตัดสินใจซื้อ [ใช้วัตถุดิบนำเข้าจากต่างประเทศ เช่น เนื้อปลาทูน่าจากญี่ปุ่น],"คุณสมบัติของอาหารแมวสำเร็จรูปชนิดเม็ดที่ส่งผลต่อการตัดสินใจซื้อ [รสชาติกลมกล่อมอร่อยถูกปากแมว เช่น เทไว้แล้วแมวกินหมดไม่เหลือ, หยิบถุงแล้วแมวรอกิน]","คุณสมบัติของอาหารแมวสำเร็จรูปชนิดเม็ดที่ส่งผลต่อการตัดสินใจซื้อ [เป็นผลิตภัณฑ์จากต่างประเทศ เช่น ญี่ปุ่น, อเมริกา]",คุณสมบัติของอาหารแมวสำเร็จรูปชนิดเม็ดที่ส่งผลต่อการตัดสินใจซื้อ [แบรนด์มีชื่อเสียงเป็นที่รู้จัก],บรรจุภัณฑ์ (packaging) มีผลต่อการตัดสินใจซื้อใจหรือไม่,สำหรับบรรจุภัณฑ์อาหารแมว คุณชอบภาพแบบใด,บรรจุภัณฑ์ของอาหารแมวสำเร็จรูปชนิดเม็ดที่ส่งผลต่อการตัดสินใจซื้อ [บรรจุภัณฑ์ดูดีพรีเมียม],บรรจุภัณฑ์ของอาหารแมวสำเร็จรูปชนิดเม็ดที่ส่งผลต่อการตัดสินใจซื้อ [บรรจุภัณฑ์มีภาพแมว],บรรจุภัณฑ์ของอาหารแมวสำเร็จรูปชนิดเม็ดที่ส่งผลต่อการตัดสินใจซื้อ [บรรจุภัณฑ์มีภาพอาหารเม็ด รูปทรงของอาหารเม็ดจริงให้เห็น],บรรจุภัณฑ์ของอาหารแมวสำเร็จรูปชนิดเม็ดที่ส่งผลต่อการตัดสินใจซื้อ [บรรจุภัณฑ์มีภาพวัตถุดิบและส่วนผสมจริงให้เห็น],บรรจุภัณฑ์ของอาหารแมวสำเร็จรูปชนิดเม็ดที่ส่งผลต่อการตัดสินใจซื้อ [บรรจุภัณฑ์เป็นมิตรต่อสิ่งแวดล้อม],บรรจุภัณฑ์ของอาหารแมวสำเร็จรูปชนิดเม็ดที่ส่งผลต่อการตัดสินใจซื้อ [มีสัญลักษณ์สื่อถึงแหล่งผลิตหรือที่มา เช่น นำเข้าจากประเทศx],บรรจุภัณฑ์ของอาหารแมวสำเร็จรูปชนิดเม็ดที่ส่งผลต่อการตัดสินใจซื้อ [มีสัญลักษณ์์สื่อถึงประโยชน์หรือฟังก์ชั่น เช่น ช่วยลดก้อนขน],"บรรจุภัณฑ์ของอาหารแมวสำเร็จรูปชนิดเม็ดที่ส่งผลต่อการตัดสินใจซื้อ [มีการการันตี เช่น ได้รับรางวัล, ยอดขายอันดับ 1]",เมื่อนึกถึงบรรจุภัณฑ์อาหารแมวที่โดดเด่นและสะดุดตา คุณคิดถึงแบรนด์ใดเป็นอันดับแรก เพราะอะไร [โปรดพิมพ์ชื่อแบรนด์และเหตุผล],ถ้าคุณสามารถเพิ่มอะไรก็ได้เข้าไปในบรรจุภัณฑ์ของอาหารแมว คุณอยากเติมอะไร [พิมพ์ตามใจได้เลย] ,Option 1 คุณคิดเห็นอย่างไรกับการออกแบบบรรจุภัณฑ์นี้  [รู้สึกอยากซื้อสินค้า],Option 1 คุณคิดเห็นอย่างไรกับการออกแบบบรรจุภัณฑ์นี้  [รูู้สึกโดดเด่นและแตกต่างจากแบรนด์อื่นๆ],Option 1 คุณคิดเห็นอย่างไรกับการออกแบบบรรจุภัณฑ์นี้  [รู้สึกว่าสินค้าพรีเมียม คุณภาพดี],Option 1 คุณคิดเห็นอย่างไรกับการออกแบบบรรจุภัณฑ์นี้  [รู้สึกถึงรสชาติที่ดีกลมกล่อม แมวจะชอบทาน],Option 1 คุณคิดเห็นอย่างไรกับการออกแบบบรรจุภัณฑ์นี้  [รู้สึกว่าเป็นดีไซน์ที่เหมาะกับตัวฉัน],Option 2 คุณคิดเห็นอย่างไรกับการออกแบบบรรจุภัณฑ์นี้  [รู้สึกอยากซื้อสินค้า],Option 2 คุณคิดเห็นอย่างไรกับการออกแบบบรรจุภัณฑ์นี้  [รูู้สึกโดดเด่นและแตกต่างจากแบรนด์อื่นๆ],Option 2 คุณคิดเห็นอย่างไรกับการออกแบบบรรจุภัณฑ์นี้  [รู้สึกว่าสินค้าพรีเมียม คุณภาพดี],Option 2 คุณคิดเห็นอย่างไรกับการออกแบบบรรจุภัณฑ์นี้  [รู้สึกถึงรสชาติที่ดีกลมกล่อม แมวจะชอบทาน],Option 2 คุณคิดเห็นอย่างไรกับการออกแบบบรรจุภัณฑ์นี้  [รู้สึกว่าเป็นดีไซน์ที่เหมาะกับตัวฉัน],Option 3 คุณคิดเห็นอย่างไรกับการออกแบบบรรจุภัณฑ์นี้  [รู้สึกอยากซื้อสินค้า],Option 3 คุณคิดเห็นอย่างไรกับการออกแบบบรรจุภัณฑ์นี้  [รูู้สึกโดดเด่นและแตกต่างจากแบรนด์อื่นๆ],Option 3 คุณคิดเห็นอย่างไรกับการออกแบบบรรจุภัณฑ์นี้  [รู้สึกว่าสินค้าพรีเมียม คุณภาพดี],Option 3 คุณคิดเห็นอย่างไรกับการออกแบบบรรจุภัณฑ์นี้  [รู้สึกถึงรสชาติที่ดีกลมกล่อม แมวจะชอบทาน],Option 3 คุณคิดเห็นอย่างไรกับการออกแบบบรรจุภัณฑ์นี้  [รู้สึกว่าเป็นดีไซน์ที่เหมาะกับตัวฉัน],Option 4 คุณคิดเห็นอย่างไรกับการออกแบบบรรจุภัณฑ์นี้  [รู้สึกอยากซื้อสินค้า],Option 4 คุณคิดเห็นอย่างไรกับการออกแบบบรรจุภัณฑ์นี้  [รูู้สึกโดดเด่นและแตกต่างจากแบรนด์อื่นๆ],Option 4 คุณคิดเห็นอย่างไรกับการออกแบบบรรจุภัณฑ์นี้  [รู้สึกว่าสินค้าพรีเมียม คุณภาพดี],Option 4 คุณคิดเห็นอย่างไรกับการออกแบบบรรจุภัณฑ์นี้  [รู้สึกถึงรสชาติที่ดีกลมกล่อม แมวจะชอบทาน],Option 4 คุณคิดเห็นอย่างไรกับการออกแบบบรรจุภัณฑ์นี้  [รู้สึกว่าเป็นดีไซน์ที่เหมาะกับตัวฉัน],Option 5 คุณคิดเห็นอย่างไรกับการออกแบบบรรจุภัณฑ์นี้  [รู้สึกอยากซื้อสินค้า],Option 5 คุณคิดเห็นอย่างไรกับการออกแบบบรรจุภัณฑ์นี้  [รูู้สึกโดดเด่นและแตกต่างจากแบรนด์อื่นๆ],Option 5 คุณคิดเห็นอย่างไรกับการออกแบบบรรจุภัณฑ์นี้  [รู้สึกว่าสินค้าพรีเมียม คุณภาพดี],Option 5 คุณคิดเห็นอย่างไรกับการออกแบบบรรจุภัณฑ์นี้  [รู้สึกถึงรสชาติที่ดีกลมกล่อม แมวจะชอบทาน],Option 5 คุณคิดเห็นอย่างไรกับการออกแบบบรรจุภัณฑ์นี้  [รู้สึกว่าเป็นดีไซน์ที่เหมาะกับตัวฉัน],Option 6 คุณคิดเห็นอย่างไรกับการออกแบบบรรจุภัณฑ์นี้  [รู้สึกอยากซื้อสินค้า],Option 6 คุณคิดเห็นอย่างไรกับการออกแบบบรรจุภัณฑ์นี้  [รูู้สึกโดดเด่นและแตกต่างจากแบรนด์อื่นๆ],Option 6 คุณคิดเห็นอย่างไรกับการออกแบบบรรจุภัณฑ์นี้  [รู้สึกว่าสินค้าพรีเมียม คุณภาพดี],Option 6 คุณคิดเห็นอย่างไรกับการออกแบบบรรจุภัณฑ์นี้  [รู้สึกถึงรสชาติที่ดีกลมกล่อม แมวจะชอบทาน],Option 6 คุณคิดเห็นอย่างไรกับการออกแบบบรรจุภัณฑ์นี้  [รู้สึกว่าเป็นดีไซน์ที่เหมาะกับตัวฉัน],Option 7 คุณคิดเห็นอย่างไรกับการออกแบบบรรจุภัณฑ์นี้  [รู้สึกอยากซื้อสินค้า],Option 7 คุณคิดเห็นอย่างไรกับการออกแบบบรรจุภัณฑ์นี้  [รูู้สึกโดดเด่นและแตกต่างจากแบรนด์อื่นๆ],Option 7 คุณคิดเห็นอย่างไรกับการออกแบบบรรจุภัณฑ์นี้  [รู้สึกว่าสินค้าพรีเมียม คุณภาพดี],Option 7 คุณคิดเห็นอย่างไรกับการออกแบบบรรจุภัณฑ์นี้  [รู้สึกถึงรสชาติที่ดีกลมกล่อม แมวจะชอบทาน],Option 7 คุณคิดเห็นอย่างไรกับการออกแบบบรรจุภัณฑ์นี้  [รู้สึกว่าเป็นดีไซน์ที่เหมาะกับตัวฉัน],Option 8 คุณคิดเห็นอย่างไรกับการออกแบบบรรจุภัณฑ์นี้ [รู้สึกอยากซื้อสินค้า],Option 8 คุณคิดเห็นอย่างไรกับการออกแบบบรรจุภัณฑ์นี้ [รูู้สึกโดดเด่นและแตกต่างจากแบรนด์อื่นๆ],Option 8 คุณคิดเห็นอย่างไรกับการออกแบบบรรจุภัณฑ์นี้ [รู้สึกว่าสินค้าพรีเมียม คุณภาพดี],Option 8 คุณคิดเห็นอย่างไรกับการออกแบบบรรจุภัณฑ์นี้ [รู้สึกถึงรสชาติที่ดีกลมกล่อม แมวจะชอบทาน],Option 8 คุณคิดเห็นอย่างไรกับการออกแบบบรรจุภัณฑ์นี้ [รู้สึกว่าเป็นดีไซน์ที่เหมาะกับตัวฉัน],Option 9 คุณคิดเห็นอย่างไรกับการออกแบบบรรจุภัณฑ์นี้ [รู้สึกอยากซื้อสินค้า],Option 9 คุณคิดเห็นอย่างไรกับการออกแบบบรรจุภัณฑ์นี้ [รูู้สึกโดดเด่นและแตกต่างจากแบรนด์อื่นๆ],Option 9 คุณคิดเห็นอย่างไรกับการออกแบบบรรจุภัณฑ์นี้ [รู้สึกว่าสินค้าพรีเมียม คุณภาพดี],Option 9 คุณคิดเห็นอย่างไรกับการออกแบบบรรจุภัณฑ์นี้ [รู้สึกถึงรสชาติที่ดีกลมกล่อม แมวจะชอบทาน],Option 9 คุณคิดเห็นอย่างไรกับการออกแบบบรรจุภัณฑ์นี้ [รู้สึกว่าเป็นดีไซน์ที่เหมาะกับตัวฉัน],Option 10 คุณคิดเห็นอย่างไรกับการออกแบบบรรจุภัณฑ์นี้ [รู้สึกอยากซื้อสินค้า],Option 10 คุณคิดเห็นอย่างไรกับการออกแบบบรรจุภัณฑ์นี้ [รูู้สึกโดดเด่นและแตกต่างจากแบรนด์อื่นๆ],Option 10 คุณคิดเห็นอย่างไรกับการออกแบบบรรจุภัณฑ์นี้ [รู้สึกว่าสินค้าพรีเมียม คุณภาพดี],Option 10 คุณคิดเห็นอย่างไรกับการออกแบบบรรจุภัณฑ์นี้ [รู้สึกถึงรสชาติที่ดีกลมกล่อม แมวจะชอบทาน],Option 10 คุณคิดเห็นอย่างไรกับการออกแบบบรรจุภัณฑ์นี้ [รู้สึกว่าเป็นดีไซน์ที่เหมาะกับตัวฉัน],จากตัวเลือกทั้งหมด คุณชอบการออกแบบบรรจุภัณฑ์อาหารแมวสำเร็จรูปแบบใดมากที่สุด 3 อันดับแรก,อายุของคุณ,เพศของคุณ,สถานภาพสมรส
6/26/2024 14:12:09,ไม่เคย,,,,,,,,,,,,,,,,,,,,,,,,,,,,,,,,,,,,,,,,,,,,,,,,,,,,,,,,,,,,,,,,,,,,,,,,,,
6/26/2024 14:15:25,เคย,เพื่อน ลูก,จร,คิงส์แคทส์,มาก,ปานกลาง,มาก,ปานกลาง,ปานกลาง,มีผล,ได้ทั้งสองแบบ หากถูกใจ,ปานกลาง,ปานกลาง,มาก,มาก,มาก,ปานกลาง,มาก,มาก,King cat,,เฉยๆ,เห็นด้วย,เฉยๆ,เฉยๆ,เฉยๆ,เฉยๆ,เห็นด้วย,เฉยๆ,เห็นด้วย,เห็นด้วย,เห็นด้วย,เห็นด้วย,เฉยๆ,เห็นด้วย,เฉยๆ,เฉยๆ,เฉยๆ,เฉยๆ,เฉยๆ,เฉยๆ,เฉยๆ,เฉยๆ,เฉยๆ,เฉยๆ,เฉยๆ,เห็นด้วย,เห็นด้วย,เฉยๆ,เฉยๆ,เฉยๆ,เฉยๆ,เฉยๆ,เฉยๆ,เฉยๆ,เฉยๆ,เฉยๆ,เห็นด้วย,เฉยๆ,เฉยๆ,เฉยๆ,เฉยๆ,เฉยๆ,เฉยๆ,เฉยๆ,เฉยๆ,ไม่เห็นด้วย,เฉยๆ,เฉยๆ,ไม่เห็นด้วย,เฉยๆ,"Option 3, Option 6, Option 8",30-39ปี,ชาย,มีแฟนแต่ยังไม่แต่งงาน
6/26/2024 14:17:59,เคย,ลูก,เปอร์เซีย,Katival แบบเม็ด และ pramy แบบเปียก,มากที่สุด,มาก,มากที่สุด,มาก,มากที่สุด,ไม่มีผล,ได้ทั้งสองแบบ หากถูกใจ,มาก,น้อย,มากที่สุด,มากที่สุด,มากที่สุด,มากที่สุด,มากที่สุด,มากที่สุด,Pray,None ,เฉยๆ,เห็นด้วยที่สุด,ไม่เห็นด้วย,ไม่เห็นด้วย,ไม่เห็นด้วย,เฉยๆ,เห็นด้วยที่สุด,ไม่เห็นด้วย,ไม่เห็นด้วย,ไม่เห็นด้วย,เห็นด้วย,เห็นด้วยที่สุด,เฉยๆ,เฉยๆ,เฉยๆ,เห็นด้วย,เห็นด้วยที่สุด,ไม่เห็นด้วย,ไม่เห็นด้วย,เฉยๆ,ไม่เห็นด้วย,เห็นด้วยที่สุด,ไม่เห็นด้วย,ไม่เห็นด้วย,ไม่เห็นด้วย,เฉยๆ,เห็นด้วยที่สุด,ไม่เห็นด้วย,ไม่เห็นด้วย,เฉยๆ,เฉยๆ,เห็นด้วย,ไม่เห็นด้วย,ไม่เห็นด้วย,ไม่เห็นด้วย,เฉยๆ,เห็นด้วยที่สุด,ไม่เห็นด้วย,ไม่เห็นด้วย,ไม่เห็นด้วย,ไม่เห็นด้วย,เห็นด้วยที่สุด,ไม่เห็นด้วย,ไม่เห็นด้วย,ไม่เห็นด้วย,เฉยๆ,เฉยๆ,เฉยๆ,เฉยๆ,เฉยๆ,"Option 3, Option 4, Option 10",20-29ปี,หญิง,แต่งงานแล้ว
6/26/2024 14:18:00,เคย,ความน่ารักใจฟู,ผสม British Shorthair + Scottish fold,King cat,น้อย,น้อย,มาก,น้อย,มาก,มีผล,ได้ทั้งสองแบบ หากถูกใจ,มาก,น้อย,มาก,น้อย,มาก,มาก,มากที่สุด,มากที่สุด,King cat เรียบหรู เข้าใจง่าย,อยากได้แบบกล่องจะได้เก็บได้ดีขึ้นนะ,เห็นด้วยที่สุด,เห็นด้วยที่สุด,เฉยๆ,เฉยๆ,เห็นด้วยที่สุด,เห็นด้วยที่สุด,เห็นด้วยที่สุด,เห็นด้วยที่สุด,เห็นด้วยที่สุด,เห็นด้วยที่สุด,เฉยๆ,เฉยๆ,เฉยๆ,เฉยๆ,เฉยๆ,เฉยๆ,เฉยๆ,เฉยๆ,เฉยๆ,เฉยๆ,เฉยๆ,เฉยๆ,เฉยๆ,เฉยๆ,เฉยๆ,เห็นด้วยที่สุด,เห็นด้วยที่สุด,เห็นด้วยที่สุด,เห็นด้วยที่สุด,เห็นด้วยที่สุด,เห็นด้วยที่สุด,เห็นด้วยที่สุด,เห็นด้วยที่สุด,เห็นด้วยที่สุด,เห็นด้วยที่สุด,เห็นด้วยที่สุด,เห็นด้วยที่สุด,เห็นด้วยที่สุด,เห็นด้วยที่สุด,เห็นด้วยที่สุด,เห็นด้วยที่สุด,เห็นด้วยที่สุด,เห็นด้วยที่สุด,เห็นด้วยที่สุด,เห็นด้วยที่สุด,เห็นด้วยที่สุด,เห็นด้วยที่สุด,เห็นด้วยที่สุด,เห็นด้วยที่สุด,เห็นด้วยที่สุด,"Option 2, Option 9, Option 10",20-29ปี,หญิง,โสด ไม่มีแฟน
6/26/2024 14:30:57,เคย,สมาชิกในครอบครัว,พันธุ์ผสม (แมวจร),Projen,มากที่สุด,มาก,ปานกลาง,มากที่สุด,มากที่สุด,มีผล,ได้ทั้งสองแบบ หากถูกใจ,ปานกลาง,น้อย,มากที่สุด,มากที่สุด,มากที่สุด,มาก,มากที่สุด,มากที่สุด,Projen เพราะเห็นเลขอัตราส่วนผสมจากธรรมชาติชัดเจอ (ระบุเป็น %),ที่มาของวัตถุดิบ ความยั่งยืนของแหล่งที่มาของวัตถุดิบ,เฉยๆ,เฉยๆ,ไม่เห็นด้วยเลย,ไม่เห็นด้วยเลย,ไม่เห็นด้วยเลย,เฉยๆ,ไม่เห็นด้วย,ไม่เห็นด้วยเลย,ไม่เห็นด้วยเลย,ไม่เห็นด้วยเลย,เฉยๆ,เฉยๆ,เฉยๆ,เห็นด้วย,ไม่เห็นด้วยเลย,เฉยๆ,เฉยๆ,ไม่เห็นด้วยเลย,เห็นด้วย,ไม่เห็นด้วยเลย,เฉยๆ,เฉยๆ,เฉยๆ,เห็นด้วย,ไม่เห็นด้วยเลย,เฉยๆ,เฉยๆ,เฉยๆ,เฉยๆ,ไม่เห็นด้วย,เฉยๆ,เห็นด้วย,เฉยๆ,เห็นด้วย,ไม่เห็นด้วยเลย,เห็นด้วย,เห็นด้วย,เฉยๆ,เห็นด้วย,ไม่เห็นด้วย,เฉยๆ,เฉยๆ,เฉยๆ,เฉยๆ,เฉยๆ,เฉยๆ,เฉยๆ,เฉยๆ,เฉยๆ,เฉยๆ,"Option 7, Option 8, Option 10",20-29ปี,ชาย,มีแฟนแต่ยังไม่แต่งงาน
6/26/2024 14:31:39,เคย,เป็นเหมือนลูก,British Shorthair และ Munchkin,"Cheershare, Projen",มากที่สุด,น้อย,มากที่สุด,น้อย,มากที่สุด,ไม่มีผล,ได้ทั้งสองแบบ หากถูกใจ,ปานกลาง,มากที่สุด,มากที่สุด,มากที่สุด,น้อยที่สุด,ปานกลาง,มากที่สุด,มากที่สุด,You-O เพราะสีโดดเด่น ติดภาพจำ เห็นบ่อย,สัญลักษณ์ ที่บอก Benefit ให้เข้าใจง่าย ชัดๆ,ไม่เห็นด้วยเลย,ไม่เห็นด้วยเลย,ไม่เห็นด้วยเลย,ไม่เห็นด้วยเลย,ไม่เห็นด้วยเลย,ไม่เห็นด้วยเลย,ไม่เห็นด้วยเลย,ไม่เห็นด้วยเลย,ไม่เห็นด้วยเลย,ไม่เห็นด้วยเลย,เห็นด้วย,เห็นด้วย,เห็นด้วยที่สุด,เฉยๆ,เห็นด้วย,เฉยๆ,เห็นด้วยที่สุด,เฉยๆ,เฉยๆ,เฉยๆ,ไม่เห็นด้วยเลย,ไม่เห็นด้วยเลย,ไม่เห็นด้วยเลย,ไม่เห็นด้วยเลย,ไม่เห็นด้วยเลย,ไม่เห็นด้วย,ไม่เห็นด้วย,ไม่เห็นด้วย,ไม่เห็นด้วย,ไม่เห็นด้วย,ไม่เห็นด้วยเลย,ไม่เห็นด้วยเลย,ไม่เห็นด้วยเลย,ไม่เห็นด้วยเลย,ไม่เห็นด้วยเลย,ไม่เห็นด้วยเลย,ไม่เห็นด้วยเลย,ไม่เห็นด้วยเลย,ไม่เห็นด้วยเลย,ไม่เห็นด้วยเลย,ไม่เห็นด้วยเลย,ไม่เห็นด้วยเลย,ไม่เห็นด้วยเลย,ไม่เห็นด้วยเลย,ไม่เห็นด้วยเลย,ไม่เห็นด้วยเลย,ไม่เห็นด้วยเลย,ไม่เห็นด้วยเลย,ไม่เห็นด้วยเลย,ไม่เห็นด้วยเลย,"Option 3, Option 4, Option 6",20-29ปี,ชาย,มีแฟนแต่ยังไม่แต่งงาน
6/26/2024 14:34:09,เคย,ลูก,"British shorthair , ragdoll",King cat,มาก,น้อย,มากที่สุด,น้อย,มากที่สุด,มีผล,ได้ทั้งสองแบบ หากถูกใจ,มากที่สุด,น้อย,ปานกลาง,มาก,น้อย,ปานกลาง,มาก,มาก,King cat,,เฉยๆ,เห็นด้วย,ไม่เห็นด้วย,เฉยๆ,เห็นด้วย,ไม่เห็นด้วย,เห็นด้วย,ไม่เห็นด้วย,เฉยๆ,เฉยๆ,เห็นด้วยที่สุด,เห็นด้วยที่สุด,เห็นด้วยที่สุด,เห็นด้วยที่สุด,เห็นด้วยที่สุด,เฉยๆ,เฉยๆ,เฉยๆ,เฉยๆ,เฉยๆ,เฉยๆ,เฉยๆ,เฉยๆ,เฉยๆ,เฉยๆ,ไม่เห็นด้วย,ไม่เห็นด้วย,ไม่เห็นด้วย,ไม่เห็นด้วย,ไม่เห็นด้วย,เห็นด้วย,เห็นด้วย,เห็นด้วย,เห็นด้วย,เห็นด้วย,เฉยๆ,เฉยๆ,เฉยๆ,เฉยๆ,เฉยๆ,เฉยๆ,เฉยๆ,เฉยๆ,เฉยๆ,เฉยๆ,เฉยๆ,เฉยๆ,เฉยๆ,เฉยๆ,เฉยๆ,"Option 3, Option 6, Option 7",20-29ปี,หญิง,แต่งงานแล้ว
6/26/2024 14:34:33,เคย,เป็นแมว น่ารัก อมหัว,แมวไทย,แบบชั่งกิโล,ปานกลาง,น้อย,มาก,น้อยที่สุด,มาก,มีผล,ได้ทั้งสองแบบ หากถูกใจ,ปานกลาง,มากที่สุด,มากที่สุด,มากที่สุด,น้อย,มาก,มากที่สุด,มาก,วิสกัส สีม่วงเด่น ทำการตลาดดี / MEO สีเหลือง หาซื้อในเซเว่นได้,สูตร ข้อดี ส่วนผสม เห็นชัด อ่านง่าย จบๆ ถ้ามีหลายสูตรก็อยากให้มีตารางเทียบว่าต่างกันยังไงไปเลย ยืนหน้าร้านนานๆ เหนื่อย,ไม่เห็นด้วยเลย,เห็นด้วยที่สุด,ไม่เห็นด้วยเลย,ไม่เห็นด้วยเลย,ไม่เห็นด้วยเลย,ไม่เห็นด้วยเลย,เห็นด้วยที่สุด,ไม่เห็นด้วยเลย,ไม่เห็นด้วยเลย,ไม่เห็นด้วยเลย,ไม่เห็นด้วย,เห็นด้วย,ไม่เห็นด้วยเลย,ไม่เห็นด้วยเลย,ไม่เห็นด้วย,เฉยๆ,เห็นด้วย,ไม่เห็นด้วย,เฉยๆ,เฉยๆ,ไม่เห็นด้วยเลย,เห็นด้วยที่สุด,ไม่เห็นด้วยเลย,ไม่เห็นด้วยเลย,ไม่เห็นด้วยเลย,ไม่เห็นด้วยเลย,เห็นด้วย,ไม่เห็นด้วยเลย,ไม่เห็นด้วยเลย,ไม่เห็นด้วยเลย,ไม่เห็นด้วยเลย,ไม่เห็นด้วยเลย,ไม่เห็นด้วยเลย,ไม่เห็นด้วยเลย,ไม่เห็นด้วยเลย,เฉยๆ,เฉยๆ,ไม่เห็นด้วย,ไม่เห็นด้วยเลย,เฉยๆ,ไม่เห็นด้วยเลย,ไม่เห็นด้วยเลย,ไม่เห็นด้วยเลย,ไม่เห็นด้วยเลย,ไม่เห็นด้วยเลย,ไม่เห็นด้วยเลย,ไม่เห็นด้วยเลย,ไม่เห็นด้วยเลย,ไม่เห็นด้วยเลย,ไม่เห็นด้วยเลย,"Option 3, Option 4, Option 8",20-29ปี,หญิง,โสด ไม่มีแฟน
6/26/2024 16:18:59,เคย,Family member,"Thai, Persian, American Short Hair, Exotic Short Hair","King cat, Wills, S-mellow",มากที่สุด,น้อยที่สุด,ปานกลาง,น้อยที่สุด,ปานกลาง,ไม่มีผล,ได้ทั้งสองแบบ หากถูกใจ,น้อยที่สุด,น้อยที่สุด,มากที่สุด,น้อยที่สุด,มากที่สุด,มากที่สุด,มากที่สุด,มากที่สุด,เหมือนๆกัน ไม่มีแบรนด์ไหนเด่น,ไม่มี,ไม่เห็นด้วยเลย,ไม่เห็นด้วยเลย,ไม่เห็นด้วยเลย,ไม่เห็นด้วยเลย,ไม่เห็นด้วยเลย,ไม่เห็นด้วยเลย,เห็นด้วยที่สุด,ไม่เห็นด้วยเลย,ไม่เห็นด้วยเลย,ไม่เห็นด้วยเลย,ไม่เห็นด้วยเลย,เห็นด้วยที่สุด,ไม่เห็นด้วยเลย,ไม่เห็นด้วยเลย,ไม่เห็นด้วยเลย,ไม่เห็นด้วยเลย,เห็นด้วยที่สุด,ไม่เห็นด้วยเลย,ไม่เห็นด้วยเลย,ไม่เห็นด้วยเลย,ไม่เห็นด้วยเลย,เห็นด้วยที่สุด,ไม่เห็นด้วยเลย,ไม่เห็นด้วยเลย,ไม่เห็นด้วยเลย,ไม่เห็นด้วยเลย,เห็นด้วยที่สุด,ไม่เห็นด้วยเลย,ไม่เห็นด้วยเลย,ไม่เห็นด้วยเลย,ไม่เห็นด้วยเลย,เฉยๆ,ไม่เห็นด้วยเลย,ไม่เห็นด้วยเลย,ไม่เห็นด้วยเลย,ไม่เห็นด้วยเลย,เฉยๆ,ไม่เห็นด้วยเลย,ไม่เห็นด้วยเลย,ไม่เห็นด้วยเลย,ไม่เห็นด้วยเลย,เฉยๆ,ไม่เห็นด้วยเลย,ไม่เห็นด้วยเลย,ไม่เห็นด้วยเลย,ไม่เห็นด้วยเลย,เห็นด้วยที่สุด,ไม่เห็นด้วยเลย,ไม่เห็นด้วยเลย,ไม่เห็นด้วยเลย,"Option 2, Option 3, Option 6",30-39ปี,หญิง,มีแฟนแต่ยังไม่แต่งงาน
6/26/2024 16:19:19,เคย,เจ้านาย,แมวไทย,You-o,ปานกลาง,ปานกลาง,มาก,ปานกลาง,มาก,มีผล,ได้ทั้งสองแบบ หากถูกใจ,มาก,มาก,มาก,มาก,ปานกลาง,มาก,มาก,ปานกลาง,You-o ชื่อแบรนชัด คำอธิบายประเพทแมวชัดเจน,Zip lock หรือ ช่องปิดบรรจุภัณ,เฉยๆ,เฉยๆ,เฉยๆ,ไม่เห็นด้วย,เฉยๆ,เห็นด้วย,เห็นด้วย,เห็นด้วย,เฉยๆ,เฉยๆ,เห็นด้วย,เห็นด้วย,เห็นด้วย,เฉยๆ,เห็นด้วย,เฉยๆ,เฉยๆ,เฉยๆ,เฉยๆ,เฉยๆ,เฉยๆ,เฉยๆ,เฉยๆ,เฉยๆ,เฉยๆ,เห็นด้วย,เห็นด้วย,เห็นด้วย,เฉยๆ,เฉยๆ,เห็นด้วย,เห็นด้วย,เห็นด้วย,เฉยๆ,เฉยๆ,เห็นด้วย,เห็นด้วย,เฉยๆ,เฉยๆ,เฉยๆ,ไม่เห็นด้วย,เฉยๆ,เฉยๆ,เฉยๆ,เฉยๆ,เฉยๆ,เฉยๆ,เฉยๆ,เฉยๆ,เฉยๆ,"Option 2, Option 3, Option 6",30-39ปี,ชาย,มีแฟนแต่ยังไม่แต่งงาน
6/26/2024 16:24:30,ไม่เคย,,,,,,,,,,,,,,,,,,,,,,,,,,,,,,,,,,,,,,,,,,,,,,,,,,,,,,,,,,,,,,,,,,,,,,,,,,
6/26/2024 16:27:18,เคย,เปรียบเสมือนคนในครอบครัวของเรา  เป็นเพื่อนเล่น เป็นความสุขของคนในบ้าน,แมวไทย,You-O,ปานกลาง,มาก,มากที่สุด,มาก,มากที่สุด,ไม่มีผล,ได้ทั้งสองแบบ หากถูกใจ,มาก,มากที่สุด,มากที่สุด,ปานกลาง,ปานกลาง,ปานกลาง,มากที่สุด,มาก,You-O,ของแถม,เฉยๆ,เฉยๆ,เห็นด้วย,เฉยๆ,เฉยๆ,เห็นด้วย,เห็นด้วยที่สุด,เห็นด้วย,เฉยๆ,เห็นด้วย,เห็นด้วย,เห็นด้วยที่สุด,เห็นด้วย,เฉยๆ,เห็นด้วยที่สุด,เฉยๆ,เห็นด้วยที่สุด,เฉยๆ,เฉยๆ,เฉยๆ,เห็นด้วย,เห็นด้วยที่สุด,เห็นด้วย,เฉยๆ,เห็นด้วย,เฉยๆ,เห็นด้วยที่สุด,เฉยๆ,เฉยๆ,ไม่เห็นด้วย,เห็นด้วย,เห็นด้วยที่สุด,เห็นด้วยที่สุด,เฉยๆ,เห็นด้วย,เฉยๆ,เห็นด้วยที่สุด,เฉยๆ,เฉยๆ,ไม่เห็นด้วย,เห็นด้วย,เห็นด้วยที่สุด,เฉยๆ,เฉยๆ,เฉยๆ,ไม่เห็นด้วย,เห็นด้วยที่สุด,ไม่เห็นด้วย,เฉยๆ,ไม่เห็นด้วยเลย,"Option 2, Option 3, Option 7",20-29ปี,ชาย,โสด ไม่มีแฟน
6/26/2024 16:51:53,เคย,เป็นสมาชิกในครอบครัว,เปอร์เซีย,Purino,มากที่สุด,มาก,มากที่สุด,มาก,มากที่สุด,มีผล,ได้ทั้งสองแบบ หากถูกใจ,มากที่สุด,ปานกลาง,มากที่สุด,มากที่สุด,มากที่สุด,มากที่สุด,มากที่สุด,มาก,King cat ด้วยชื่อแบรนด์ที่ได้ยินบ่อยและคุณภาพ เป็นแบรนด์แรกที่นึกถึงและให้แมวกินตั้งแต่เริ่มเลี้ยงแมว ตอน kitten,วิตามินเสริม ในปริมาณที่เหมาะสมกับการเทให้สัตว์เลี่ยงแต่ละมื้อ,เห็นด้วย,เห็นด้วย,เฉยๆ,เฉยๆ,เฉยๆ,เฉยๆ,ไม่เห็นด้วย,เฉยๆ,ไม่เห็นด้วย,ไม่เห็นด้วย,เห็นด้วย,เฉยๆ,เฉยๆ,เห็นด้วย,เฉยๆ,ไม่เห็นด้วย,เฉยๆ,ไม่เห็นด้วย,ไม่เห็นด้วย,ไม่เห็นด้วย,เฉยๆ,ไม่เห็นด้วย,ไม่เห็นด้วย,ไม่เห็นด้วย,ไม่เห็นด้วย,เฉยๆ,เฉยๆ,เฉยๆ,ไม่เห็นด้วย,ไม่เห็นด้วย,เฉยๆ,เฉยๆ,เฉยๆ,ไม่เห็นด้วย,ไม่เห็นด้วย,ไม่เห็นด้วย,ไม่เห็นด้วย,ไม่เห็นด้วย,ไม่เห็นด้วย,ไม่เห็นด้วย,ไม่เห็นด้วย,ไม่เห็นด้วย,ไม่เห็นด้วย,ไม่เห็นด้วย,ไม่เห็นด้วย,ไม่เห็นด้วย,ไม่เห็นด้วย,ไม่เห็นด้วย,ไม่เห็นด้วย,ไม่เห็นด้วย,"Option 1, Option 3, Option 6",20-29ปี,หญิง,โสด ไม่มีแฟน
6/26/2024 17:07:22,เคย,สมาชิกครอบครัว,Shorthair,King cat,ปานกลาง,ปานกลาง,มาก,ปานกลาง,ปานกลาง,มีผล,ได้ทั้งสองแบบ หากถูกใจ,ปานกลาง,ปานกลาง,ปานกลาง,ปานกลาง,มาก,มาก,มากที่สุด,น้อย,Wiskus,Ziplock,ไม่เห็นด้วย,เห็นด้วย,เห็นด้วย,เฉยๆ,ไม่เห็นด้วย,เห็นด้วย,เห็นด้วยที่สุด,เห็นด้วย,เฉยๆ,ไม่เห็นด้วย,ไม่เห็นด้วย,เห็นด้วย,ไม่เห็นด้วย,ไม่เห็นด้วย,ไม่เห็นด้วย,ไม่เห็นด้วย,เฉยๆ,เฉยๆ,เฉยๆ,ไม่เห็นด้วย,ไม่เห็นด้วย,ไม่เห็นด้วย,เฉยๆ,เฉยๆ,ไม่เห็นด้วย,เห็นด้วย,เห็นด้วย,เฉยๆ,เฉยๆ,เฉยๆ,เห็นด้วย,เฉยๆ,เห็นด้วย,เฉยๆ,เฉยๆ,เห็นด้วย,เห็นด้วย,เห็นด้วย,เฉยๆ,ไม่เห็นด้วย,เห็นด้วย,เห็นด้วย,เฉยๆ,ไม่เห็นด้วย,ไม่เห็นด้วย,เห็นด้วย,เห็นด้วย,เฉยๆ,ไม่เห็นด้วย,ไม่เห็นด้วย,"Option 1, Option 7, Option 9",50ปี ขึ้นไป,ชาย,แต่งงานแล้ว
6/26/2024 17:20:27,เคย,สมาชิกในครอบครัว,เมนคูน / อเมริกันช็อตแฮร์ ,โอลิเวอร์ / ฮีโร่แคท,มาก,น้อย,มากที่สุด,น้อยที่สุด,น้อย,มีผล,ได้ทั้งสองแบบ หากถูกใจ,น้อยที่สุด,มากที่สุด,มากที่สุด,มากที่สุด,มาก,ปานกลาง,มากที่สุด,ปานกลาง,อโวเดิร์ม,ผัก,เฉยๆ,เห็นด้วยที่สุด,ไม่เห็นด้วย,เห็นด้วย,ไม่เห็นด้วยเลย,เฉยๆ,เห็นด้วยที่สุด,เฉยๆ,ไม่เห็นด้วย,ไม่เห็นด้วย,เห็นด้วย,เห็นด้วยที่สุด,เฉยๆ,เฉยๆ,ไม่เห็นด้วยเลย,เห็นด้วย,เห็นด้วยที่สุด,เฉยๆ,เฉยๆ,เห็นด้วย,เห็นด้วย,เห็นด้วยที่สุด,เฉยๆ,เฉยๆ,เห็นด้วยที่สุด,เห็นด้วยที่สุด,เห็นด้วยที่สุด,เห็นด้วย,เฉยๆ,เห็นด้วยที่สุด,เห็นด้วยที่สุด,เห็นด้วยที่สุด,เฉยๆ,เฉยๆ,เห็นด้วยที่สุด,เห็นด้วย,เห็นด้วยที่สุด,เฉยๆ,เฉยๆ,เห็นด้วย,เห็นด้วย,เฉยๆ,เฉยๆ,ไม่เห็นด้วย,เห็นด้วยที่สุด,เห็นด้วยที่สุด,เฉยๆ,เฉยๆ,เห็นด้วย,เห็นด้วยที่สุด,"Option 6, Option 7, Option 8",40-49ปี,หญิง,แต่งงานแล้ว
6/26/2024 17:35:25,เคย,เป็นลูก,สก็อตติช,แคทิวา,มากที่สุด,มากที่สุด,มาก,มากที่สุด,มากที่สุด,มีผล,ได้ทั้งสองแบบ หากถูกใจ,มากที่สุด,มากที่สุด,มากที่สุด,มากที่สุด,มากที่สุด,มากที่สุด,มากที่สุด,มากที่สุด,ยูโอ,เติมสารอาหาร,เห็นด้วย,เห็นด้วย,เห็นด้วยที่สุด,เห็นด้วย,เห็นด้วย,เห็นด้วยที่สุด,เห็นด้วยที่สุด,เห็นด้วยที่สุด,เห็นด้วยที่สุด,เห็นด้วยที่สุด,เห็นด้วยที่สุด,เห็นด้วยที่สุด,เห็นด้วยที่สุด,เห็นด้วยที่สุด,เห็นด้วยที่สุด,เห็นด้วยที่สุด,เห็นด้วยที่สุด,เห็นด้วยที่สุด,เห็นด้วยที่สุด,เห็นด้วยที่สุด,เฉยๆ,เห็นด้วยที่สุด,เฉยๆ,เห็นด้วย,ไม่เห็นด้วย,เห็นด้วยที่สุด,เห็นด้วยที่สุด,เห็นด้วยที่สุด,เห็นด้วยที่สุด,เห็นด้วยที่สุด,เห็นด้วยที่สุด,เห็นด้วยที่สุด,เห็นด้วยที่สุด,เห็นด้วยที่สุด,เห็นด้วยที่สุด,เห็นด้วยที่สุด,เห็นด้วยที่สุด,เห็นด้วยที่สุด,เห็นด้วยที่สุด,เห็นด้วยที่สุด,เห็นด้วยที่สุด,เห็นด้วยที่สุด,เห็นด้วยที่สุด,เห็นด้วยที่สุด,เห็นด้วยที่สุด,ไม่เห็นด้วย,ไม่เห็นด้วย,ไม่เห็นด้วย,ไม่เห็นด้วย,ไม่เห็นด้วย,"Option 2, Option 7, Option 9",20-29ปี,หญิง,โสด ไม่มีแฟน
6/26/2024 17:42:01,เคย,เหมือนลูก,ขาวมณี โกนจา สก็อต+บริติช เมนคูน,แม็กซิม่า,มากที่สุด,ปานกลาง,มากที่สุด,มาก,มาก,มีผล,ได้ทั้งสองแบบ หากถูกใจ,มาก,ปานกลาง,มาก,ปานกลาง,มากที่สุด,มากที่สุด,มากที่สุด,มาก,แคทิวา,วิตามินอื่นๆที่ดีต่อแมว,เฉยๆ,เฉยๆ,ไม่เห็นด้วย,ไม่เห็นด้วยเลย,ไม่เห็นด้วยเลย,เฉยๆ,เฉยๆ,เฉยๆ,เฉยๆ,เฉยๆ,เห็นด้วย,เฉยๆ,เห็นด้วย,เห็นด้วยที่สุด,เห็นด้วยที่สุด,เห็นด้วย,เห็นด้วย,เฉยๆ,เฉยๆ,เฉยๆ,เฉยๆ,เฉยๆ,เฉยๆ,เฉยๆ,เฉยๆ,เห็นด้วย,เห็นด้วย,เห็นด้วยที่สุด,เห็นด้วย,เห็นด้วยที่สุด,เห็นด้วยที่สุด,เห็นด้วยที่สุด,เห็นด้วยที่สุด,เห็นด้วย,เห็นด้วย,เฉยๆ,เฉยๆ,เฉยๆ,เห็นด้วย,เฉยๆ,เฉยๆ,เฉยๆ,เฉยๆ,เฉยๆ,เฉยๆ,เห็นด้วย,เห็นด้วย,เห็นด้วยที่สุด,เห็นด้วยที่สุด,เห็นด้วย,"Option 3, Option 6, Option 10",30-39ปี,หญิง,มีแฟนแต่ยังไม่แต่งงาน
6/26/2024 17:59:21,ไม่เคย,,,,,,,,,,,,,,,,,,,,,,,,,,,,,,,,,,,,,,,,,,,,,,,,,,,,,,,,,,,,,,,,,,,,,,,,,,
6/26/2024 18:23:30,เคย,เป็นเหมือนสิ่งที่ฮิลใจตัวเอง,scottish fold,Purino Neo,มากที่สุด,มาก,มากที่สุด,ปานกลาง,มากที่สุด,มีผล,ภาพแมวจริง หรือแมวสมจริง (AI),มากที่สุด,มากที่สุด,ปานกลาง,มากที่สุด,ปานกลาง,มากที่สุด,มากที่สุด,มาก,Purino Neo เพราะมีภาพแมวชัดเจน มีข้อความบอกส่วนผสม และบอกช่วงอายุน้องแมวที่ทานได้,-,เห็นด้วย,เห็นด้วยที่สุด,เห็นด้วย,เห็นด้วย,เห็นด้วย,เห็นด้วยที่สุด,เห็นด้วยที่สุด,เห็นด้วย,เห็นด้วย,เห็นด้วย,เห็นด้วย,เห็นด้วย,เห็นด้วย,เห็นด้วย,เห็นด้วย,เฉยๆ,เห็นด้วยที่สุด,เห็นด้วย,เห็นด้วย,เฉยๆ,เห็นด้วย,เห็นด้วย,เห็นด้วย,เฉยๆ,เฉยๆ,เฉยๆ,เฉยๆ,เฉยๆ,เฉยๆ,เฉยๆ,เห็นด้วย,เห็นด้วย,เห็นด้วย,เห็นด้วย,เห็นด้วย,เห็นด้วย,เฉยๆ,เฉยๆ,เฉยๆ,เฉยๆ,เห็นด้วย,เฉยๆ,เฉยๆ,เฉยๆ,เฉยๆ,เฉยๆ,เห็นด้วย,เฉยๆ,เฉยๆ,เห็นด้วย,"Option 1, Option 2, Option 5",30-39ปี,ชาย,โสด ไม่มีแฟน
6/26/2024 18:27:38,เคย,เป็นลูก,อเมริกันช็อตแฮร์,แคทิวา,มากที่สุด,มากที่สุด,มากที่สุด,มากที่สุด,มาก,มีผล,ภาพแมวจริง หรือแมวสมจริง (AI),มากที่สุด,มากที่สุด,มากที่สุด,มากที่สุด,มากที่สุด,มากที่สุด,มากที่สุด,มากที่สุด,แคทิวา เพราะเลี้ยงในบ้าน,,เฉยๆ,เฉยๆ,เฉยๆ,เฉยๆ,เฉยๆ,เห็นด้วยที่สุด,เห็นด้วยที่สุด,เห็นด้วยที่สุด,เห็นด้วยที่สุด,เห็นด้วยที่สุด,เห็นด้วยที่สุด,เห็นด้วยที่สุด,เห็นด้วยที่สุด,เห็นด้วยที่สุด,เห็นด้วยที่สุด,เห็นด้วย,เห็นด้วย,เห็นด้วย,เห็นด้วย,เห็นด้วย,เฉยๆ,เฉยๆ,เฉยๆ,เฉยๆ,เฉยๆ,เฉยๆ,เฉยๆ,เฉยๆ,เฉยๆ,เฉยๆ,เฉยๆ,เฉยๆ,เฉยๆ,เฉยๆ,เฉยๆ,ไม่เห็นด้วย,ไม่เห็นด้วย,ไม่เห็นด้วย,ไม่เห็นด้วย,ไม่เห็นด้วย,เฉยๆ,เฉยๆ,เฉยๆ,เฉยๆ,เฉยๆ,ไม่เห็นด้วย,ไม่เห็นด้วย,ไม่เห็นด้วย,ไม่เห็นด้วย,ไม่เห็นด้วย,"Option 1, Option 2, Option 3",30-39ปี,หญิง,มีแฟนแต่ยังไม่แต่งงาน
6/26/2024 18:27:58,ไม่เคย,,,,,,,,,,,,,,,,,,,,,,,,,,,,,,,,,,,,,,,,,,,,,,,,,,,,,,,,,,,,,,,,,,,,,,,,,,
6/26/2024 18:29:25,เคย,เหมือนทุกอย่าง,ไทย,Allwell,มาก,น้อย,มากที่สุด,ปานกลาง,มาก,มีผล,ได้ทั้งสองแบบ หากถูกใจ,มาก,ปานกลาง,ปานกลาง,ปานกลาง,ปานกลาง,ปานกลาง,มาก,ปานกลาง,Buzz แปลก สวยดี,เพิ่มปริมาณ,เห็นด้วย,เห็นด้วย,เฉยๆ,เห็นด้วย,เฉยๆ,เฉยๆ,เห็นด้วย,เฉยๆ,เฉยๆ,เฉยๆ,เห็นด้วยที่สุด,เห็นด้วยที่สุด,เห็นด้วยที่สุด,เห็นด้วย,เห็นด้วยที่สุด,เห็นด้วยที่สุด,เห็นด้วยที่สุด,เห็นด้วย,เห็นด้วย,เห็นด้วย,เห็นด้วย,เห็นด้วย,เฉยๆ,เห็นด้วย,เฉยๆ,เห็นด้วย,เห็นด้วยที่สุด,เห็นด้วย,เฉยๆ,เฉยๆ,เห็นด้วย,เห็นด้วย,เห็นด้วย,เห็นด้วย,เห็นด้วย,เห็นด้วย,เห็นด้วยที่สุด,เห็นด้วยที่สุด,เห็นด้วย,เห็นด้วย,เฉยๆ,เห็นด้วย,เฉยๆ,เฉยๆ,เฉยๆ,เฉยๆ,เห็นด้วย,เห็นด้วย,เฉยๆ,เฉยๆ,"Option 2, Option 6, Option 7",50ปี ขึ้นไป,ชาย,แต่งงานแล้ว
6/26/2024 18:32:59,เคย,เป็นเจ้านายค่ะ,ปอร์เซียผสมไทย,King Cat,ปานกลาง,ปานกลาง,มากที่สุด,ปานกลาง,มาก,ไม่มีผล,ภาพแมวจริง หรือแมวสมจริง (AI),ปานกลาง,ปานกลาง,ปานกลาง,ปานกลาง,ปานกลาง,ปานกลาง,ปานกลาง,มาก,King Cat เพราะเป็นแบรนด์พรีเมี่ยม ,,เห็นด้วย,เห็นด้วย,เฉยๆ,ไม่เห็นด้วย,ไม่เห็นด้วย,เห็นด้วย,เห็นด้วย,เฉยๆ,เฉยๆ,ไม่เห็นด้วย,เห็นด้วย,เฉยๆ,เฉยๆ,เฉยๆ,เฉยๆ,เฉยๆ,เฉยๆ,เฉยๆ,เฉยๆ,เฉยๆ,ไม่เห็นด้วย,ไม่เห็นด้วย,ไม่เห็นด้วย,ไม่เห็นด้วย,ไม่เห็นด้วย,ไม่เห็นด้วย,ไม่เห็นด้วย,ไม่เห็นด้วย,ไม่เห็นด้วย,ไม่เห็นด้วย,เห็นด้วย,เห็นด้วย,เห็นด้วย,เห็นด้วย,เห็นด้วย,เห็นด้วย,เห็นด้วย,เฉยๆ,เห็นด้วย,เห็นด้วย,ไม่เห็นด้วย,ไม่เห็นด้วย,ไม่เห็นด้วย,ไม่เห็นด้วย,ไม่เห็นด้วย,เฉยๆ,เห็นด้วย,เฉยๆ,เฉยๆ,ไม่เห็นด้วย,"Option 2, Option 3, Option 7",30-39ปี,หญิง,โสด ไม่มีแฟน
6/26/2024 18:34:02,เคย,ลูก และคนในครอบครัว,Exotic short hair,King cot,มากที่สุด,ปานกลาง,มากที่สุด,มาก,มากที่สุด,มีผล,ได้ทั้งสองแบบ หากถูกใจ,มาก,มาก,ปานกลาง,มาก,ปานกลาง,มาก,มากที่สุด,มากที่สุด,จำไม่ได้,ไม่ทราบ,เฉยๆ,เห็นด้วยที่สุด,เห็นด้วย,เฉยๆ,เห็นด้วย,เฉยๆ,เห็นด้วย,เห็นด้วย,เฉยๆ,เฉยๆ,เห็นด้วยที่สุด,เห็นด้วยที่สุด,เห็นด้วยที่สุด,เฉยๆ,เห็นด้วย,เห็นด้วยที่สุด,เห็นด้วยที่สุด,เห็นด้วยที่สุด,เห็นด้วยที่สุด,เห็นด้วย,เฉยๆ,เห็นด้วย,เฉยๆ,เห็นด้วย,เฉยๆ,เห็นด้วยที่สุด,เห็นด้วยที่สุด,เห็นด้วย,เห็นด้วยที่สุด,เห็นด้วย,เห็นด้วยที่สุด,เห็นด้วยที่สุด,เห็นด้วย,เห็นด้วยที่สุด,เห็นด้วยที่สุด,เห็นด้วย,เห็นด้วยที่สุด,เห็นด้วย,เห็นด้วย,เห็นด้วย,เฉยๆ,เห็นด้วย,เห็นด้วย,เห็นด้วย,เฉยๆ,เห็นด้วย,เห็นด้วยที่สุด,เห็นด้วย,เห็นด้วยที่สุด,เห็นด้วย,"Option 6, Option 7, Option 10",30-39ปี,ชาย,แต่งงานแล้ว
6/26/2024 18:36:41,เคย,เลี้ยงเป็นลูกเลยค่าา รักมาก ทะนุถนอมสุดๆ,British shorthair  NY25,Kingcat และ Solid gold,มาก,ปานกลาง,มากที่สุด,ปานกลาง,มาก,มีผล,ได้ทั้งสองแบบ หากถูกใจ,มาก,ปานกลาง,มาก,มากที่สุด,ปานกลาง,น้อย,มาก,มาก,Kingcat เพราะเปณ Theme เดียวกันทั้งหมด จำแบรนด์ได้ง่าย และ ระบุชัดเจนว่าเป็นสูตรไหน,ไม่เติมจ้า,เฉยๆ,เห็นด้วย,ไม่เห็นด้วย,เฉยๆ,ไม่เห็นด้วย,เห็นด้วย,เห็นด้วย,เฉยๆ,เฉยๆ,เฉยๆ,เห็นด้วย,เห็นด้วย,เฉยๆ,เห็นด้วย,เฉยๆ,เฉยๆ,เห็นด้วย,เฉยๆ,เฉยๆ,เฉยๆ,เฉยๆ,เห็นด้วย,เห็นด้วย,เฉยๆ,เฉยๆ,เฉยๆ,เห็นด้วย,เฉยๆ,เฉยๆ,เฉยๆ,เฉยๆ,เห็นด้วย,เฉยๆ,เฉยๆ,เฉยๆ,เห็นด้วย,เห็นด้วย,เห็นด้วย,เฉยๆ,เห็นด้วย,เฉยๆ,เฉยๆ,เฉยๆ,เฉยๆ,เฉยๆ,เห็นด้วย,เห็นด้วย,เห็นด้วย,เห็นด้วย,เห็นด้วย,"Option 3, Option 8, Option 10",30-39ปี,หญิง,แต่งงานแล้ว
6/26/2024 18:40:21,เคย,เพื่อนที่ดีที่สุด,ไทย,Purino neo,มาก,มาก,มากที่สุด,มาก,มาก,มีผล,ภาพแมวจริง หรือแมวสมจริง (AI),มาก,มาก,มาก,มาก,มาก,มาก,มาก,มาก,Purino neo,ของเล่นแมว,เห็นด้วย,เห็นด้วย,เห็นด้วย,เห็นด้วย,เห็นด้วย,เห็นด้วยที่สุด,เห็นด้วยที่สุด,เห็นด้วยที่สุด,เห็นด้วยที่สุด,เห็นด้วยที่สุด,เห็นด้วย,เห็นด้วย,เห็นด้วย,เห็นด้วย,เห็นด้วย,เห็นด้วยที่สุด,เห็นด้วยที่สุด,เห็นด้วยที่สุด,เห็นด้วยที่สุด,เห็นด้วยที่สุด,เห็นด้วย,เห็นด้วย,เห็นด้วย,เห็นด้วย,เห็นด้วย,เห็นด้วยที่สุด,เห็นด้วยที่สุด,เห็นด้วยที่สุด,เห็นด้วยที่สุด,เห็นด้วยที่สุด,เห็นด้วย,เห็นด้วย,เห็นด้วย,เห็นด้วย,เห็นด้วย,เห็นด้วย,เห็นด้วย,เห็นด้วย,เห็นด้วย,เห็นด้วย,เห็นด้วยที่สุด,เห็นด้วยที่สุด,เห็นด้วยที่สุด,เห็นด้วยที่สุด,เห็นด้วยที่สุด,เห็นด้วย,เห็นด้วย,เห็นด้วย,เห็นด้วย,เห็นด้วย,"Option 1, Option 2, Option 3",30-39ปี,หญิง,หย่าร้าง/เป็นม่าย
6/26/2024 18:42:06,เคย,ลูกรักหักเหลี่ยมโหด,ศุภลักษณ์ และแมวสีสลิดไทย,Friskies และอาหารเปียก,มากที่สุด,มาก,มาก,มาก,มาก,มีผล,ภาพแมวจริง หรือแมวสมจริง (AI),มาก,มาก,มากที่สุด,มากที่สุด,มากที่สุด,มากที่สุด,มากที่สุด,มาก,Friskies ,การแก้ปัญหาสุขภาพต่างๆ,เห็นด้วย,เห็นด้วยที่สุด,เห็นด้วย,เห็นด้วย,เฉยๆ,เฉยๆ,เฉยๆ,ไม่เห็นด้วย,เฉยๆ,เฉยๆ,เห็นด้วยที่สุด,เห็นด้วยที่สุด,เห็นด้วยที่สุด,เห็นด้วยที่สุด,เห็นด้วยที่สุด,เห็นด้วย,เฉยๆ,เฉยๆ,เฉยๆ,เฉยๆ,เฉยๆ,เฉยๆ,เฉยๆ,เฉยๆ,เฉยๆ,เห็นด้วย,เห็นด้วย,เห็นด้วยที่สุด,เห็นด้วย,เห็นด้วย,เฉยๆ,เฉยๆ,เฉยๆ,เฉยๆ,เฉยๆ,เฉยๆ,เฉยๆ,เฉยๆ,เฉยๆ,เฉยๆ,เฉยๆ,เฉยๆ,เฉยๆ,เฉยๆ,เฉยๆ,เห็นด้วย,เห็นด้วย,เห็นด้วยที่สุด,เห็นด้วย,เห็นด้วย,"Option 1, Option 3, Option 6",30-39ปี,หญิง,แต่งงานแล้ว
6/26/2024 18:43:58,เคย,เป็นคนในครอบครัว,เปอร์เซีย,Purino neo / Cativa,มาก,มากที่สุด,มากที่สุด,ปานกลาง,มากที่สุด,ไม่มีผล,ภาพแมวจริง หรือแมวสมจริง (AI),มาก,ปานกลาง,มากที่สุด,มากที่สุด,ปานกลาง,มากที่สุด,มากที่สุด,มาก,purino neo ,ตัวหนีบสำหรับหนีบปากถุงอาหารหลังจากแกะแล้ว,เฉยๆ,เห็นด้วยที่สุด,เฉยๆ,ไม่เห็นด้วย,เฉยๆ,เห็นด้วยที่สุด,เห็นด้วยที่สุด,เห็นด้วยที่สุด,เห็นด้วย,เห็นด้วยที่สุด,เห็นด้วยที่สุด,เห็นด้วยที่สุด,เห็นด้วยที่สุด,เห็นด้วยที่สุด,เฉยๆ,ไม่เห็นด้วย,ไม่เห็นด้วย,ไม่เห็นด้วย,ไม่เห็นด้วย,ไม่เห็นด้วย,ไม่เห็นด้วย,ไม่เห็นด้วย,ไม่เห็นด้วย,ไม่เห็นด้วย,ไม่เห็นด้วย,เฉยๆ,เห็นด้วย,เฉยๆ,เห็นด้วย,เฉยๆ,เฉยๆ,เฉยๆ,เฉยๆ,เฉยๆ,เฉยๆ,เฉยๆ,เฉยๆ,เฉยๆ,เฉยๆ,เฉยๆ,ไม่เห็นด้วยเลย,ไม่เห็นด้วยเลย,ไม่เห็นด้วยเลย,ไม่เห็นด้วยเลย,ไม่เห็นด้วยเลย,ไม่เห็นด้วยเลย,ไม่เห็นด้วยเลย,ไม่เห็นด้วยเลย,ไม่เห็นด้วยเลย,ไม่เห็นด้วยเลย,"Option 2, Option 3, Option 6",30-39ปี,ชาย,แต่งงานแล้ว
6/26/2024 18:49:21,เคย,เหมือนลูกหลาน,ไทยบ้าน,ยูโอ,มาก,น้อย,มากที่สุด,น้อย,ปานกลาง,มีผล,ได้ทั้งสองแบบ หากถูกใจ,มาก,มาก,มาก,มาก,มากที่สุด,ปานกลาง,มาก,มาก,felipro ถุงสีแดง แมวหน้าตาน่ารัก,หน้าแมว ที่เหมาะกับอาหาร ,เฉยๆ,เห็นด้วย,เฉยๆ,เฉยๆ,เฉยๆ,เห็นด้วย,เห็นด้วย,เฉยๆ,เห็นด้วย,เห็นด้วย,เห็นด้วย,เห็นด้วย,เฉยๆ,เฉยๆ,เห็นด้วย,เฉยๆ,เฉยๆ,เฉยๆ,เฉยๆ,เฉยๆ,เฉยๆ,เฉยๆ,เฉยๆ,เฉยๆ,เฉยๆ,เฉยๆ,เฉยๆ,เฉยๆ,เฉยๆ,เฉยๆ,เฉยๆ,เห็นด้วย,เห็นด้วย,เฉยๆ,เฉยๆ,เฉยๆ,เห็นด้วย,เฉยๆ,เฉยๆ,เฉยๆ,เห็นด้วย,เห็นด้วย,เห็นด้วย,เห็นด้วย,เห็นด้วย,เฉยๆ,เฉยๆ,เฉยๆ,เฉยๆ,เฉยๆ,"Option 2, Option 3, Option 9",40-49ปี,หญิง,มีแฟนแต่ยังไม่แต่งงาน
6/26/2024 18:50:54,เคย,ลูก,สกอตติช,Purino neo,มาก,ปานกลาง,มาก,ปานกลาง,มาก,มีผล,ภาพแมวจริง หรือแมวสมจริง (AI),มาก,ปานกลาง,มากที่สุด,มาก,มาก,มาก,มาก,ปานกลาง,ไม่ได้มองบรรจุภัณเป็นปัจจัยหลัก ดูที่ประโยชน์และสารอาหาร,ไม่มี,เฉยๆ,เฉยๆ,ไม่เห็นด้วย,เฉยๆ,ไม่เห็นด้วย,เฉยๆ,เห็นด้วย,เฉยๆ,เฉยๆ,เฉยๆ,เฉยๆ,เห็นด้วย,เห็นด้วย,เฉยๆ,เฉยๆ,เฉยๆ,เห็นด้วย,เฉยๆ,เฉยๆ,เฉยๆ,เฉยๆ,เห็นด้วย,เห็นด้วย,เฉยๆ,เฉยๆ,เฉยๆ,เห็นด้วย,เห็นด้วย,เห็นด้วย,เฉยๆ,เฉยๆ,เฉยๆ,ไม่เห็นด้วย,เฉยๆ,เฉยๆ,เห็นด้วย,เห็นด้วย,เฉยๆ,เห็นด้วย,เฉยๆ,ไม่เห็นด้วย,เฉยๆ,ไม่เห็นด้วย,เฉยๆ,เฉยๆ,ไม่เห็นด้วย,เฉยๆ,ไม่เห็นด้วย,เฉยๆ,เฉยๆ,"Option 3, Option 5, Option 8",20-29ปี,ชาย,มีแฟนแต่ยังไม่แต่งงาน
6/26/2024 18:51:23,เคย,ลูก,เปอร์เซีย,King cat,มาก,น้อย,มาก,น้อย,มาก,มีผล,ภาพแมวจริง หรือแมวสมจริง (AI),มากที่สุด,มาก,มาก,มากที่สุด,ปานกลาง,ปานกลาง,ปานกลาง,มาก,Kativa,,เห็นด้วย,เห็นด้วยที่สุด,เฉยๆ,เฉยๆ,เห็นด้วย,เห็นด้วย,เห็นด้วยที่สุด,เฉยๆ,เห็นด้วย,เฉยๆ,เห็นด้วย,เห็นด้วย,เฉยๆ,เฉยๆ,เฉยๆ,เฉยๆ,เห็นด้วย,เฉยๆ,เฉยๆ,เฉยๆ,เฉยๆ,เห็นด้วย,เฉยๆ,เฉยๆ,เฉยๆ,เห็นด้วย,เห็นด้วย,เฉยๆ,เฉยๆ,เฉยๆ,เห็นด้วย,เห็นด้วย,เห็นด้วย,เห็นด้วย,เห็นด้วย,เห็นด้วย,เห็นด้วย,เฉยๆ,เฉยๆ,เฉยๆ,เห็นด้วย,เห็นด้วยที่สุด,เห็นด้วย,เห็นด้วย,เห็นด้วย,เฉยๆ,เฉยๆ,เฉยๆ,เฉยๆ,เฉยๆ,"Option 1, Option 2, Option 9",30-39ปี,ชาย,แต่งงานแล้ว
6/26/2024 18:55:46,เคย,ครอบครัว,Short hair,King cat,มาก,น้อย,มากที่สุด,น้อย,มากที่สุด,มีผล,ได้ทั้งสองแบบ หากถูกใจ,มากที่สุด,ปานกลาง,มาก,ปานกลาง,มาก,ปานกลาง,ปานกลาง,ปานกลาง,King cat เพราะดู premium สีสันไม่ฉูดฉาด น่าเชื่อถือ,ป้องกันความชื้น เก็บรักษาคุณภาพได้ดี,เฉยๆ,เฉยๆ,เฉยๆ,ไม่เห็นด้วย,ไม่เห็นด้วย,เฉยๆ,เฉยๆ,ไม่เห็นด้วย,ไม่เห็นด้วย,ไม่เห็นด้วย,เฉยๆ,เห็นด้วย,เฉยๆ,เฉยๆ,เฉยๆ,เฉยๆ,เห็นด้วย,เฉยๆ,เฉยๆ,เฉยๆ,ไม่เห็นด้วย,เห็นด้วย,เฉยๆ,ไม่เห็นด้วย,ไม่เห็นด้วย,ไม่เห็นด้วย,ไม่เห็นด้วย,ไม่เห็นด้วย,ไม่เห็นด้วย,ไม่เห็นด้วย,เห็นด้วย,เห็นด้วย,เห็นด้วย,เฉยๆ,เห็นด้วย,เฉยๆ,เห็นด้วย,เฉยๆ,เฉยๆ,เฉยๆ,ไม่เห็นด้วย,ไม่เห็นด้วย,ไม่เห็นด้วย,ไม่เห็นด้วย,ไม่เห็นด้วย,ไม่เห็นด้วย,เห็นด้วยที่สุด,เฉยๆ,เฉยๆ,เฉยๆ,"Option 3, Option 7, Option 10",30-39ปี,หญิง,แต่งงานแล้ว
6/26/2024 18:57:56,ไม่เคย,,,,,,,,,,,,,,,,,,,,,,,,,,,,,,,,,,,,,,,,,,,,,,,,,,,,,,,,,,,,,,,,,,,,,,,,,,
6/26/2024 18:59:12,เคย,เป็นเหมือนลูก,"สก้อตติช,มัชกิ้น","คิงแคท, แคทิว่า",ปานกลาง,ปานกลาง,มาก,น้อย,มากที่สุด,มีผล,ได้ทั้งสองแบบ หากถูกใจ,มากที่สุด,มากที่สุด,มาก,ปานกลาง,น้อย,น้อย,มาก,มาก,Buzz อาหารแมว น่ารักดีค่ะ เปนลายเส้นวาด,ไม่รู้อะ,เห็นด้วย,เห็นด้วย,เห็นด้วย,เฉยๆ,เฉยๆ,เห็นด้วยที่สุด,เห็นด้วยที่สุด,เฉยๆ,เห็นด้วยที่สุด,เห็นด้วยที่สุด,เห็นด้วยที่สุด,เห็นด้วยที่สุด,เห็นด้วยที่สุด,เห็นด้วยที่สุด,เห็นด้วยที่สุด,เห็นด้วยที่สุด,เห็นด้วยที่สุด,เห็นด้วยที่สุด,เห็นด้วยที่สุด,เห็นด้วยที่สุด,เห็นด้วยที่สุด,เห็นด้วยที่สุด,เห็นด้วยที่สุด,เห็นด้วยที่สุด,เห็นด้วยที่สุด,เฉยๆ,เฉยๆ,เฉยๆ,เห็นด้วย,เฉยๆ,เห็นด้วย,เห็นด้วย,เห็นด้วยที่สุด,เฉยๆ,เห็นด้วยที่สุด,เห็นด้วย,เห็นด้วย,เห็นด้วย,เห็นด้วย,เห็นด้วย,เห็นด้วยที่สุด,เฉยๆ,เฉยๆ,เฉยๆ,เห็นด้วย,ไม่เห็นด้วย,เฉยๆ,เฉยๆ,เฉยๆ,เฉยๆ,"Option 3, Option 4, Option 5",20-29ปี,หญิง,โสด ไม่มีแฟน
6/26/2024 19:00:48,เคย,น้องชายสุดที่รัก,"อเมริกันช็อตเเฮร์, ศุภโชค, เบงกอก, โคราช",แคทิว่า,มากที่สุด,มากที่สุด,มากที่สุด,มากที่สุด,มากที่สุด,มีผล,ได้ทั้งสองแบบ หากถูกใจ,มากที่สุด,มากที่สุด,มากที่สุด,มากที่สุด,มากที่สุด,มากที่สุด,มากที่สุด,มากที่สุด,แคทิว่า ลักษณะภาพ สีเเบรนด์,ไม่มี,เห็นด้วย,เห็นด้วย,เห็นด้วย,เห็นด้วย,เห็นด้วย,เฉยๆ,เฉยๆ,เฉยๆ,เฉยๆ,เฉยๆ,เห็นด้วยที่สุด,เห็นด้วยที่สุด,เห็นด้วยที่สุด,เห็นด้วยที่สุด,เห็นด้วยที่สุด,เห็นด้วย,เห็นด้วย,เห็นด้วย,เห็นด้วย,เห็นด้วย,เห็นด้วย,เห็นด้วย,เห็นด้วย,เห็นด้วย,เห็นด้วย,เฉยๆ,เฉยๆ,เฉยๆ,เฉยๆ,เฉยๆ,เฉยๆ,เฉยๆ,เฉยๆ,เฉยๆ,เฉยๆ,เห็นด้วย,เห็นด้วย,เห็นด้วย,เห็นด้วย,เห็นด้วย,เฉยๆ,เฉยๆ,เฉยๆ,เฉยๆ,เฉยๆ,เฉยๆ,เฉยๆ,เฉยๆ,เฉยๆ,เฉยๆ,"Option 1, Option 3, Option 4",30-39ปี,หญิง,มีแฟนแต่ยังไม่แต่งงาน
6/26/2024 19:03:00,เคย,ลูกสาว,สก็อตติส โฟลด์,Teste of the wild,มากที่สุด,มากที่สุด,มากที่สุด,มากที่สุด,มาก,ไม่มีผล,ได้ทั้งสองแบบ หากถูกใจ,น้อย,น้อย,มากที่สุด,มากที่สุด,น้อย,ปานกลาง,มากที่สุด,มากที่สุด,แคทิวา มีรูปแมวหลากหลายพันธุ์ ตัวอ้วนดูสมบูรณ์ สีสันบนห่อสดใส ชัดเจน ภาพพื้นหลังดูสื่อถึงแหล่งวัตถุดิบที่พรีเมียม,เพิ่มภาพชิ้นเนื้อ วัตถุดิบ ใหญ่ๆ ชัดๆ ให้สื่อถึงคุณภาพของวัตถุดิบ,เฉยๆ,เห็นด้วยที่สุด,ไม่เห็นด้วย,ไม่เห็นด้วย,ไม่เห็นด้วย,เฉยๆ,เฉยๆ,ไม่เห็นด้วย,ไม่เห็นด้วย,ไม่เห็นด้วย,เห็นด้วยที่สุด,เห็นด้วยที่สุด,เฉยๆ,เฉยๆ,เห็นด้วยที่สุด,เห็นด้วยที่สุด,เห็นด้วยที่สุด,เฉยๆ,เฉยๆ,เห็นด้วย,ไม่เห็นด้วย,เฉยๆ,ไม่เห็นด้วย,ไม่เห็นด้วย,ไม่เห็นด้วย,เฉยๆ,เห็นด้วยที่สุด,เห็นด้วย,เฉยๆ,เฉยๆ,ไม่เห็นด้วย,เฉยๆ,เฉยๆ,เฉยๆ,เฉยๆ,เห็นด้วย,เห็นด้วยที่สุด,เฉยๆ,เห็นด้วย,เห็นด้วย,เฉยๆ,เฉยๆ,เฉยๆ,เห็นด้วย,ไม่เห็นด้วย,ไม่เห็นด้วย,ไม่เห็นด้วย,ไม่เห็นด้วย,ไม่เห็นด้วย,ไม่เห็นด้วย,"Option 3, Option 4, Option 8",20-29ปี,ชาย,มีแฟนแต่ยังไม่แต่งงาน
6/26/2024 19:06:42,เคย,Best friend ,Scottish ,King catt,มากที่สุด,มาก,มาก,มาก,มาก,ไม่มีผล,ได้ทั้งสองแบบ หากถูกใจ,มากที่สุด,มากที่สุด,มากที่สุด,มากที่สุด,มากที่สุด,มาก,มาก,มากที่สุด,Whiskas,-,เห็นด้วย,เห็นด้วย,เฉยๆ,ไม่เห็นด้วย,ไม่เห็นด้วย,เฉยๆ,เห็นด้วยที่สุด,เฉยๆ,ไม่เห็นด้วย,เฉยๆ,เห็นด้วย,เห็นด้วยที่สุด,เห็นด้วยที่สุด,เห็นด้วย,เห็นด้วย,ไม่เห็นด้วย,เห็นด้วยที่สุด,ไม่เห็นด้วย,ไม่เห็นด้วย,ไม่เห็นด้วย,ไม่เห็นด้วย,เห็นด้วยที่สุด,ไม่เห็นด้วย,ไม่เห็นด้วย,ไม่เห็นด้วย,เห็นด้วยที่สุด,เห็นด้วยที่สุด,เห็นด้วยที่สุด,เห็นด้วยที่สุด,เห็นด้วยที่สุด,เฉยๆ,เห็นด้วยที่สุด,เฉยๆ,เฉยๆ,เฉยๆ,เห็นด้วย,เห็นด้วยที่สุด,เห็นด้วย,เห็นด้วย,เห็นด้วย,เฉยๆ,เฉยๆ,เฉยๆ,เฉยๆ,เฉยๆ,ไม่เห็นด้วย,ไม่เห็นด้วย,ไม่เห็นด้วย,ไม่เห็นด้วย,ไม่เห็นด้วย,"Option 5, Option 6, Option 7",30-39ปี,ชาย,มีแฟนแต่ยังไม่แต่งงาน
6/26/2024 19:10:45,เคย,เป็นเพื่อนเล่นเวลาเหงา,แมวจร,แบบแบ่งขาย,ปานกลาง,มาก,น้อย,น้อย,ปานกลาง,มีผล,ภาพแมวจริง หรือแมวสมจริง (AI),ปานกลาง,ปานกลาง,ปานกลาง,ปานกลาง,ปานกลาง,ปานกลาง,น้อย,ปานกลาง,วิสกัส,,ไม่เห็นด้วย,เฉยๆ,ไม่เห็นด้วย,ไม่เห็นด้วย,เฉยๆ,เฉยๆ,เฉยๆ,เฉยๆ,เฉยๆ,เฉยๆ,เห็นด้วย,เห็นด้วย,เฉยๆ,เฉยๆ,เห็นด้วย,เฉยๆ,เฉยๆ,ไม่เห็นด้วย,เห็นด้วย,เห็นด้วย,เห็นด้วย,เห็นด้วย,เฉยๆ,ไม่เห็นด้วย,เฉยๆ,ไม่เห็นด้วย,เฉยๆ,เฉยๆ,เห็นด้วย,เฉยๆ,เฉยๆ,เฉยๆ,เห็นด้วย,เห็นด้วย,ไม่เห็นด้วย,ไม่เห็นด้วย,เห็นด้วย,เห็นด้วย,เห็นด้วย,เฉยๆ,ไม่เห็นด้วย,ไม่เห็นด้วย,เฉยๆ,เห็นด้วย,เห็นด้วย,เห็นด้วย,เห็นด้วย,เฉยๆ,เฉยๆ,เห็นด้วย,"Option 2, Option 3, Option 6",20-29ปี,ชาย,โสด ไม่มีแฟน
6/26/2024 19:29:21,เคย,เป็นเพื่อน เป็นเซฟโซนที่เล่าอะไรให้ฟังก็ได้,แมวไทยค่ะ (แมวจร),"Purino, Betagro, Perfecta",มากที่สุด,ปานกลาง,มาก,น้อยที่สุด,มาก,มีผล,ได้ทั้งสองแบบ หากถูกใจ,มากที่สุด,มาก,มากที่สุด,ปานกลาง,มากที่สุด,ปานกลาง,มากที่สุด,มาก,"Canagan, Neez+, Lifemate เพราะดีไซน์ดูแตกต่างจากผลิตภัณฑ์แบรนด์อื่นๆ ตามท้องตลาด มีความ minimal และดู premium",ถุงที่ง่ายต่อการเทและการเก็บรักษา ก็มีส่วนสำคัญในการตัดสินใจซื้อค่ะ,เฉยๆ,เฉยๆ,ไม่เห็นด้วย,ไม่เห็นด้วย,ไม่เห็นด้วย,เฉยๆ,เฉยๆ,เฉยๆ,ไม่เห็นด้วย,ไม่เห็นด้วย,เห็นด้วย,เห็นด้วย,เฉยๆ,เฉยๆ,เห็นด้วย,เฉยๆ,เห็นด้วย,ไม่เห็นด้วย,เฉยๆ,ไม่เห็นด้วย,เฉยๆ,เห็นด้วย,เห็นด้วย,เห็นด้วย,ไม่เห็นด้วย,เห็นด้วย,เห็นด้วย,เฉยๆ,เห็นด้วย,เห็นด้วย,เฉยๆ,เห็นด้วย,เห็นด้วย,เห็นด้วย,ไม่เห็นด้วย,เฉยๆ,เห็นด้วย,เฉยๆ,เฉยๆ,ไม่เห็นด้วย,เฉยๆ,เฉยๆ,ไม่เห็นด้วย,เฉยๆ,ไม่เห็นด้วย,เห็นด้วยที่สุด,เห็นด้วยที่สุด,เฉยๆ,เห็นด้วย,เห็นด้วย,"Option 3, Option 6, Option 10",20-29ปี,หญิง,โสด ไม่มีแฟน
6/26/2024 19:30:22,เคย,สิ่งที่ช่วยฮีลใจและให้ความสุข,แมวจรจัด คิดว่าพันธ์ผสม,แคทิวา คิงแคท,ปานกลาง,ปานกลาง,มาก,น้อย,ปานกลาง,ไม่มีผล,ได้ทั้งสองแบบ หากถูกใจ,ปานกลาง,ปานกลาง,ปานกลาง,ปานกลาง,ปานกลาง,ปานกลาง,ปานกลาง,ปานกลาง,วิสกัส,ไม่มี,เฉยๆ,เห็นด้วย,เฉยๆ,เห็นด้วย,เห็นด้วย,เห็นด้วย,เห็นด้วยที่สุด,เห็นด้วย,เห็นด้วย,เห็นด้วย,เฉยๆ,เห็นด้วย,เห็นด้วย,เห็นด้วย,เฉยๆ,ไม่เห็นด้วย,เห็นด้วย,ไม่เห็นด้วย,ไม่เห็นด้วย,ไม่เห็นด้วย,ไม่เห็นด้วย,เห็นด้วย,ไม่เห็นด้วย,ไม่เห็นด้วย,ไม่เห็นด้วย,ไม่เห็นด้วย,เห็นด้วย,เฉยๆ,ไม่เห็นด้วย,ไม่เห็นด้วย,ไม่เห็นด้วย,เฉยๆ,เห็นด้วย,เฉยๆ,ไม่เห็นด้วย,เฉยๆ,เฉยๆ,เฉยๆ,เฉยๆ,ไม่เห็นด้วย,เฉยๆ,เฉยๆ,เฉยๆ,เฉยๆ,ไม่เห็นด้วย,ไม่เห็นด้วย,ไม่เห็นด้วย,ไม่เห็นด้วย,ไม่เห็นด้วย,ไม่เห็นด้วย,"Option 1, Option 2, Option 3",20-29ปี,หญิง,มีแฟนแต่ยังไม่แต่งงาน
6/26/2024 19:32:07,เคย,เหมือนเป็นเพื่อนเป็นลูกคนหนึ่งเลย คอยอยู่กับเราตลอดเวลาเศร้าเวลาเหงา เวลาดีใจ เป็นที่คอยรับฟังเราระบายเรื่องต่างๆได้ดีมากๆ ,เปอร์เซีย,Buzz,มาก,มาก,มาก,ปานกลาง,มากที่สุด,มีผล,ได้ทั้งสองแบบ หากถูกใจ,มากที่สุด,มาก,มาก,มาก,ปานกลาง,น้อย,มากที่สุด,มาก,Buzz เพราะเป็นลายการ์ตูนน่ารักมาก,เพิ่มหน้าแมวตัวเอง,เฉยๆ,เห็นด้วย,ไม่เห็นด้วย,เฉยๆ,ไม่เห็นด้วย,เฉยๆ,เห็นด้วย,เฉยๆ,เฉยๆ,เฉยๆ,เห็นด้วย,เห็นด้วย,เฉยๆ,เฉยๆ,เห็นด้วย,เห็นด้วย,เห็นด้วย,เฉยๆ,เฉยๆ,เฉยๆ,เฉยๆ,เฉยๆ,เฉยๆ,เฉยๆ,เฉยๆ,เฉยๆ,ไม่เห็นด้วย,เห็นด้วย,เห็นด้วย,เฉยๆ,เห็นด้วยที่สุด,เห็นด้วยที่สุด,เห็นด้วย,เห็นด้วย,เห็นด้วยที่สุด,เห็นด้วยที่สุด,เห็นด้วยที่สุด,เห็นด้วย,เห็นด้วย,เห็นด้วย,เฉยๆ,เฉยๆ,เฉยๆ,เฉยๆ,เฉยๆ,ไม่เห็นด้วย,ไม่เห็นด้วย,ไม่เห็นด้วย,ไม่เห็นด้วย,ไม่เห็นด้วย,"Option 6, Option 7, Option 8",20-29ปี,หญิง,โสด ไม่มีแฟน
6/26/2024 19:32:41,เคย,สมาชิกในครอบครัว,เปอร์เซีย,คิงแคท,มาก,มาก,มาก,ปานกลาง,มาก,มีผล,ได้ทั้งสองแบบ หากถูกใจ,มาก,มาก,มาก,มาก,มาก,ปานกลาง,มากที่สุด,มากที่สุด,คิงแคท เนื่องจากมีความเป็นยูนีค มีแพทเทิร์นที่ต่อให้เป็นสีหรือคนละสูตรก็รู้ว่านี่คือของยี่ห้อนี้,,ไม่เห็นด้วย,ไม่เห็นด้วย,ไม่เห็นด้วย,ไม่เห็นด้วย,ไม่เห็นด้วย,ไม่เห็นด้วย,ไม่เห็นด้วย,ไม่เห็นด้วย,ไม่เห็นด้วย,ไม่เห็นด้วย,เห็นด้วย,เห็นด้วย,เฉยๆ,เฉยๆ,เห็นด้วย,เฉยๆ,เฉยๆ,เฉยๆ,เฉยๆ,เฉยๆ,เฉยๆ,เฉยๆ,เฉยๆ,เฉยๆ,เฉยๆ,เห็นด้วยที่สุด,เห็นด้วยที่สุด,เฉยๆ,เฉยๆ,เห็นด้วย,เห็นด้วย,เห็นด้วย,เฉยๆ,เฉยๆ,เห็นด้วย,เห็นด้วย,เห็นด้วยที่สุด,เฉยๆ,เฉยๆ,เห็นด้วย,ไม่เห็นด้วย,ไม่เห็นด้วย,ไม่เห็นด้วย,ไม่เห็นด้วย,ไม่เห็นด้วย,ไม่เห็นด้วย,เห็นด้วย,ไม่เห็นด้วย,ไม่เห็นด้วย,ไม่เห็นด้วย,"Option 6, Option 7, Option 8",30-39ปี,หญิง,โสด ไม่มีแฟน
6/26/2024 19:33:19,เคย,เลี้ยงเกมืลูกเลย รักที่สุด,แมวส้มสลิดกับวิเชียรฮิมาลายัน,King Cat,มาก,มาก,มาก,มาก,มากที่สุด,มีผล,ได้ทั้งสองแบบ หากถูกใจ,มาก,ปานกลาง,มาก,มาก,ปานกลาง,มาก,มากที่สุด,มากที่สุด,King Cat,,ไม่เห็นด้วย,ไม่เห็นด้วย,ไม่เห็นด้วย,ไม่เห็นด้วย,ไม่เห็นด้วย,เฉยๆ,เฉยๆ,เฉยๆ,เฉยๆ,เฉยๆ,เห็นด้วยที่สุด,เห็นด้วยที่สุด,เห็นด้วยที่สุด,เห็นด้วย,เห็นด้วยที่สุด,เห็นด้วยที่สุด,เห็นด้วยที่สุด,เห็นด้วย,เห็นด้วย,เห็นด้วยที่สุด,เฉยๆ,เฉยๆ,เฉยๆ,เฉยๆ,เฉยๆ,ไม่เห็นด้วย,ไม่เห็นด้วย,ไม่เห็นด้วย,ไม่เห็นด้วย,ไม่เห็นด้วย,ไม่เห็นด้วย,ไม่เห็นด้วย,ไม่เห็นด้วย,ไม่เห็นด้วย,ไม่เห็นด้วย,ไม่เห็นด้วย,ไม่เห็นด้วย,ไม่เห็นด้วย,ไม่เห็นด้วย,ไม่เห็นด้วย,ไม่เห็นด้วย,ไม่เห็นด้วย,ไม่เห็นด้วย,ไม่เห็นด้วย,ไม่เห็นด้วย,ไม่เห็นด้วย,ไม่เห็นด้วย,ไม่เห็นด้วย,ไม่เห็นด้วย,ไม่เห็นด้วย,"Option 3, Option 4, Option 5",30-39ปี,หญิง,มีแฟนแต่ยังไม่แต่งงาน
6/26/2024 19:37:21,เคย,เป็นลูก เป็นที่คลายเครียด เวลาเหนื่อยๆ มากอดแมวแล้วหายเหนื่อย ฟูลฟีล,Scottish Fold,Kativa,มาก,มากที่สุด,ปานกลาง,มากที่สุด,มากที่สุด,มีผล,ได้ทั้งสองแบบ หากถูกใจ,มากที่สุด,มากที่สุด,มากที่สุด,มากที่สุด,ปานกลาง,มากที่สุด,มากที่สุด,มากที่สุด,Taste of the Wild,"เรื่องกระดูก ข้อต่อ , ช่วยลดความเครียด ",เฉยๆ,เห็นด้วยที่สุด,ไม่เห็นด้วย,ไม่เห็นด้วยเลย,ไม่เห็นด้วยเลย,เห็นด้วย,เห็นด้วยที่สุด,เห็นด้วยที่สุด,เฉยๆ,ไม่เห็นด้วย,เห็นด้วยที่สุด,เห็นด้วยที่สุด,เห็นด้วย,เฉยๆ,เห็นด้วยที่สุด,เห็นด้วย,เห็นด้วยที่สุด,เฉยๆ,เห็นด้วยที่สุด,เห็นด้วย,เห็นด้วยที่สุด,เห็นด้วยที่สุด,เห็นด้วยที่สุด,เห็นด้วยที่สุด,เห็นด้วยที่สุด,เห็นด้วยที่สุด,เห็นด้วยที่สุด,เฉยๆ,เห็นด้วย,เห็นด้วย,เฉยๆ,เห็นด้วยที่สุด,เห็นด้วยที่สุด,เห็นด้วยที่สุด,เห็นด้วย,เฉยๆ,เห็นด้วยที่สุด,ไม่เห็นด้วย,ไม่เห็นด้วย,เฉยๆ,ไม่เห็นด้วยเลย,ไม่เห็นด้วย,ไม่เห็นด้วย,เฉยๆ,ไม่เห็นด้วยเลย,ไม่เห็นด้วยเลย,ไม่เห็นด้วยเลย,ไม่เห็นด้วยเลย,ไม่เห็นด้วยเลย,ไม่เห็นด้วยเลย,"Option 3, Option 5, Option 6",20-29ปี,ชาย,มีแฟนแต่ยังไม่แต่งงาน
6/26/2024 19:42:27,เคย,เป็นเหมือนลูกของเรา,พันธุ์ไทย,ฮีโร่แคท,มาก,ปานกลาง,มากที่สุด,น้อย,ปานกลาง,มีผล,ภาพแมวจริง หรือแมวสมจริง (AI),มาก,มาก,มากที่สุด,มาก,มาก,มาก,มาก,ปานกลาง,ยูโอ ภาพแมวดูสมจริง ดูเรียบง่าย สบายตา,วิธีการดูแลสุขภาพ ของแมว และ บางอาการป่วยที่เจ้าของควรสังเกตุ,เฉยๆ,เฉยๆ,เฉยๆ,เฉยๆ,ไม่เห็นด้วย,ไม่เห็นด้วย,ไม่เห็นด้วย,ไม่เห็นด้วย,ไม่เห็นด้วย,ไม่เห็นด้วย,เห็นด้วย,เห็นด้วย,เห็นด้วย,เห็นด้วย,เห็นด้วย,เฉยๆ,เฉยๆ,เฉยๆ,เฉยๆ,เฉยๆ,ไม่เห็นด้วย,ไม่เห็นด้วย,ไม่เห็นด้วย,ไม่เห็นด้วย,ไม่เห็นด้วย,ไม่เห็นด้วย,ไม่เห็นด้วย,ไม่เห็นด้วย,ไม่เห็นด้วย,ไม่เห็นด้วย,ไม่เห็นด้วย,ไม่เห็นด้วย,ไม่เห็นด้วย,ไม่เห็นด้วย,ไม่เห็นด้วย,ไม่เห็นด้วย,ไม่เห็นด้วย,ไม่เห็นด้วย,ไม่เห็นด้วย,ไม่เห็นด้วย,ไม่เห็นด้วย,ไม่เห็นด้วย,ไม่เห็นด้วย,ไม่เห็นด้วย,ไม่เห็นด้วย,ไม่เห็นด้วย,ไม่เห็นด้วย,ไม่เห็นด้วย,ไม่เห็นด้วย,ไม่เห็นด้วย,"Option 1, Option 3, Option 8",50ปี ขึ้นไป,หญิง,โสด ไม่มีแฟน
6/26/2024 19:44:22,เคย,เพื่อน,พันธ์ุทาง,Whiskas,มาก,น้อย,มากที่สุด,น้อย,ปานกลาง,ไม่มีผล,ได้ทั้งสองแบบ หากถูกใจ,น้อย,มาก,มาก,มาก,น้อย,น้อย,มากที่สุด,มาก,อาหารเปียก Vif เป็นรูปแมวการ์ตูน ไม่เหมือนใคร,แมวชอบอันดับ1,เฉยๆ,เห็นด้วย,ไม่เห็นด้วย,เฉยๆ,เฉยๆ,เห็นด้วย,เห็นด้วย,เฉยๆ,ไม่เห็นด้วย,เฉยๆ,เห็นด้วยที่สุด,เฉยๆ,เฉยๆ,เห็นด้วย,เห็นด้วย,ไม่เห็นด้วย,ไม่เห็นด้วย,เฉยๆ,ไม่เห็นด้วย,ไม่เห็นด้วย,ไม่เห็นด้วย,เฉยๆ,เฉยๆ,ไม่เห็นด้วย,ไม่เห็นด้วย,เห็นด้วย,เห็นด้วย,เฉยๆ,เฉยๆ,เฉยๆ,เฉยๆ,เห็นด้วย,เฉยๆ,เฉยๆ,เฉยๆ,เฉยๆ,เห็นด้วย,เฉยๆ,เฉยๆ,เฉยๆ,เฉยๆ,เฉยๆ,เฉยๆ,เฉยๆ,เฉยๆ,เฉยๆ,เฉยๆ,เฉยๆ,เฉยๆ,เฉยๆ,"Option 3, Option 6, Option 7",30-39ปี,หญิง,แต่งงานแล้ว
6/26/2024 19:44:42,เคย,ลูกของเรา,สก็อตติช บริทิช,King cat,ปานกลาง,ปานกลาง,มาก,น้อย,มากที่สุด,มีผล,ภาพแมวจริง หรือแมวสมจริง (AI),มาก,มาก,มาก,ปานกลาง,ปานกลาง,มาก,ปานกลาง,มาก,King cat,ปริมาณพลังงานที่ได้รับ,ไม่เห็นด้วยเลย,ไม่เห็นด้วยเลย,ไม่เห็นด้วยเลย,ไม่เห็นด้วยเลย,ไม่เห็นด้วยเลย,ไม่เห็นด้วยเลย,ไม่เห็นด้วยเลย,ไม่เห็นด้วยเลย,ไม่เห็นด้วยเลย,ไม่เห็นด้วยเลย,เฉยๆ,เห็นด้วย,เฉยๆ,เฉยๆ,เฉยๆ,ไม่เห็นด้วยเลย,ไม่เห็นด้วยเลย,ไม่เห็นด้วยเลย,ไม่เห็นด้วยเลย,ไม่เห็นด้วยเลย,ไม่เห็นด้วยเลย,เห็นด้วย,ไม่เห็นด้วย,ไม่เห็นด้วย,ไม่เห็นด้วย,ไม่เห็นด้วยเลย,ไม่เห็นด้วยเลย,ไม่เห็นด้วยเลย,ไม่เห็นด้วยเลย,ไม่เห็นด้วยเลย,ไม่เห็นด้วย,เห็นด้วย,ไม่เห็นด้วยเลย,ไม่เห็นด้วยเลย,ไม่เห็นด้วยเลย,ไม่เห็นด้วยเลย,ไม่เห็นด้วยเลย,ไม่เห็นด้วยเลย,ไม่เห็นด้วยเลย,ไม่เห็นด้วยเลย,ไม่เห็นด้วยเลย,ไม่เห็นด้วยเลย,ไม่เห็นด้วยเลย,ไม่เห็นด้วยเลย,ไม่เห็นด้วยเลย,ไม่เห็นด้วยเลย,ไม่เห็นด้วยเลย,ไม่เห็นด้วยเลย,ไม่เห็นด้วยเลย,ไม่เห็นด้วยเลย,"Option 3, Option 5, Option 7",30-39ปี,หญิง,มีแฟนแต่ยังไม่แต่งงาน
6/26/2024 19:45:20,เคย,คนในครอบครัว,พันธ์ุไทย,Kingkat,มาก,ปานกลาง,มากที่สุด,ปานกลาง,มาก,ไม่มีผล,ได้ทั้งสองแบบ หากถูกใจ,ปานกลาง,มาก,มาก,มาก,ปานกลาง,ปานกลาง,มากที่สุด,ปานกลาง,วิสกัส,ความเรียลหรือแคกต่าง,เห็นด้วย,เห็นด้วย,เห็นด้วย,เห็นด้วย,เห็นด้วย,เห็นด้วย,เห็นด้วย,เห็นด้วย,เห็นด้วย,เห็นด้วย,เห็นด้วย,เห็นด้วย,เห็นด้วย,เห็นด้วย,เห็นด้วย,เห็นด้วย,เห็นด้วย,เห็นด้วย,เห็นด้วย,เห็นด้วย,เฉยๆ,เฉยๆ,เฉยๆ,เฉยๆ,เฉยๆ,เฉยๆ,เฉยๆ,เฉยๆ,เฉยๆ,เฉยๆ,เฉยๆ,เฉยๆ,เฉยๆ,เฉยๆ,เฉยๆ,เฉยๆ,เฉยๆ,เฉยๆ,เฉยๆ,เฉยๆ,เห็นด้วยที่สุด,เห็นด้วยที่สุด,เห็นด้วยที่สุด,เห็นด้วยที่สุด,เห็นด้วยที่สุด,เฉยๆ,เฉยๆ,เฉยๆ,เฉยๆ,เฉยๆ,"Option 1, Option 2, Option 4",40-49ปี,หญิง,แต่งงานแล้ว
6/26/2024 19:47:41,เคย,น้องสาว,ไทย,YouO,มาก,น้อย,น้อย,น้อย,มาก,มีผล,ได้ทั้งสองแบบ หากถูกใจ,มาก,ปานกลาง,มากที่สุด,มาก,น้อยที่สุด,ปานกลาง,มากที่สุด,น้อยที่สุด,Regalos เพราะเป็นแมวการ์ตูนตาโต ไม่มีแบรนด์อื่นทำแบบนี้,ถุงอาหารที่สามารถเป็นที่ลับเล็บได้,เห็นด้วย,เห็นด้วย,ไม่เห็นด้วย,เห็นด้วยที่สุด,เห็นด้วยที่สุด,เฉยๆ,เฉยๆ,ไม่เห็นด้วยเลย,ไม่เห็นด้วยเลย,ไม่เห็นด้วยเลย,เฉยๆ,เห็นด้วย,เฉยๆ,เห็นด้วย,เห็นด้วยที่สุด,เห็นด้วย,เห็นด้วยที่สุด,เฉยๆ,เห็นด้วย,เห็นด้วยที่สุด,ไม่เห็นด้วย,เห็นด้วย,ไม่เห็นด้วย,ไม่เห็นด้วย,ไม่เห็นด้วยเลย,เห็นด้วย,เห็นด้วยที่สุด,ไม่เห็นด้วย,เฉยๆ,เห็นด้วย,เห็นด้วยที่สุด,เห็นด้วยที่สุด,เฉยๆ,เห็นด้วย,เห็นด้วยที่สุด,เห็นด้วยที่สุด,เห็นด้วยที่สุด,เฉยๆ,เฉยๆ,เห็นด้วยที่สุด,ไม่เห็นด้วย,เห็นด้วย,ไม่เห็นด้วย,ไม่เห็นด้วย,ไม่เห็นด้วยเลย,เห็นด้วย,เห็นด้วยที่สุด,เห็นด้วย,เฉยๆ,เห็นด้วยที่สุด,"Option 3, Option 7, Option 10",40-49ปี,ชาย,โสด ไม่มีแฟน
6/26/2024 19:56:04,เคย,ลูก,"บริติช ชอทแฮร์ , สก๊อตติช ",Will’s,มากที่สุด,มากที่สุด,มากที่สุด,มากที่สุด,มากที่สุด,มีผล,ภาพแมวจริง หรือแมวสมจริง (AI),มากที่สุด,มากที่สุด,มากที่สุด,มากที่สุด,มากที่สุด,มากที่สุด,มากที่สุด,มากที่สุด,Will’s,"ยอดขายอันดับ1, สัตวแพทย์แนะนำ, ไม่ทำร้ายไต , ดีต่อสุขภาพ",ไม่เห็นด้วย,เห็นด้วยที่สุด,ไม่เห็นด้วยเลย,ไม่เห็นด้วยเลย,ไม่เห็นด้วยเลย,ไม่เห็นด้วยเลย,ไม่เห็นด้วยเลย,ไม่เห็นด้วยเลย,ไม่เห็นด้วยเลย,ไม่เห็นด้วยเลย,เห็นด้วยที่สุด,เห็นด้วยที่สุด,ไม่เห็นด้วยเลย,เห็นด้วยที่สุด,เห็นด้วยที่สุด,ไม่เห็นด้วยเลย,เห็นด้วยที่สุด,ไม่เห็นด้วยเลย,ไม่เห็นด้วย,ไม่เห็นด้วยเลย,ไม่เห็นด้วยเลย,ไม่เห็นด้วยเลย,ไม่เห็นด้วยเลย,ไม่เห็นด้วยเลย,ไม่เห็นด้วยเลย,เห็นด้วย,เห็นด้วยที่สุด,เห็นด้วยที่สุด,ไม่เห็นด้วย,เห็นด้วย,ไม่เห็นด้วยเลย,ไม่เห็นด้วยเลย,เห็นด้วย,ไม่เห็นด้วย,ไม่เห็นด้วย,ไม่เห็นด้วยเลย,ไม่เห็นด้วยเลย,ไม่เห็นด้วยเลย,ไม่เห็นด้วยเลย,ไม่เห็นด้วยเลย,ไม่เห็นด้วยเลย,เห็นด้วยที่สุด,ไม่เห็นด้วย,ไม่เห็นด้วย,ไม่เห็นด้วย,ไม่เห็นด้วยเลย,ไม่เห็นด้วยเลย,ไม่เห็นด้วยเลย,ไม่เห็นด้วยเลย,ไม่เห็นด้วยเลย,"Option 2, Option 5, Option 6",40-49ปี,ชาย,แต่งงานแล้ว
6/26/2024 20:01:02,เคย,ลูกที่เลิฟฟฟ,พันํ์ไทย,Mekko ,มาก,มากที่สุด,มากที่สุด,มากที่สุด,มากที่สุด,ไม่มีผล,ได้ทั้งสองแบบ หากถูกใจ,ปานกลาง,ปานกลาง,มาก,มากที่สุด,ปานกลาง,มากที่สุด,มากที่สุด,มากที่สุด,Mekko เพราะแมวหม่ำเกลี้ยงไม่เหลือ,Probiotic,เห็นด้วย,เห็นด้วยที่สุด,เห็นด้วย,เห็นด้วยที่สุด,เห็นด้วยที่สุด,เห็นด้วยที่สุด,เห็นด้วยที่สุด,เห็นด้วยที่สุด,เห็นด้วยที่สุด,เห็นด้วยที่สุด,เฉยๆ,เฉยๆ,เฉยๆ,เฉยๆ,เฉยๆ,เฉยๆ,เฉยๆ,เห็นด้วย,เห็นด้วย,เฉยๆ,เห็นด้วย,เห็นด้วย,เห็นด้วยที่สุด,เห็นด้วยที่สุด,เฉยๆ,เฉยๆ,เฉยๆ,เฉยๆ,เฉยๆ,เฉยๆ,เห็นด้วย,เห็นด้วยที่สุด,เห็นด้วยที่สุด,เห็นด้วยที่สุด,เห็นด้วยที่สุด,เฉยๆ,เฉยๆ,เฉยๆ,เฉยๆ,เฉยๆ,เห็นด้วยที่สุด,เห็นด้วยที่สุด,เห็นด้วยที่สุด,เห็นด้วยที่สุด,เห็นด้วยที่สุด,เห็นด้วย,เห็นด้วยที่สุด,เห็นด้วยที่สุด,เห็นด้วยที่สุด,เห็นด้วย,"Option 1, Option 2, Option 9",40-49ปี,หญิง,แต่งงานแล้ว
6/26/2024 20:08:11,เคย,เป็นเพื่อนเป็นลูก,แมวจร สีขาวดำ,You-o,ปานกลาง,น้อย,มากที่สุด,น้อย,มากที่สุด,มีผล,ได้ทั้งสองแบบ หากถูกใจ,ปานกลาง,มากที่สุด,มาก,ปานกลาง,น้อย,ปานกลาง,ปานกลาง,ปานกลาง,cat n joy,รูปแบบสะดวกแมวทาน,เฉยๆ,เห็นด้วยที่สุด,เฉยๆ,เฉยๆ,เฉยๆ,เฉยๆ,เห็นด้วยที่สุด,เฉยๆ,เห็นด้วย,เฉยๆ,เห็นด้วย,เห็นด้วย,เห็นด้วยที่สุด,เห็นด้วย,เห็นด้วย,เฉยๆ,เฉยๆ,เฉยๆ,เฉยๆ,เฉยๆ,เฉยๆ,เฉยๆ,เฉยๆ,เฉยๆ,เฉยๆ,เห็นด้วย,เห็นด้วยที่สุด,เห็นด้วย,เห็นด้วย,เห็นด้วย,เฉยๆ,เห็นด้วยที่สุด,เฉยๆ,เฉยๆ,เฉยๆ,เฉยๆ,เฉยๆ,เฉยๆ,เฉยๆ,เฉยๆ,ไม่เห็นด้วย,ไม่เห็นด้วย,ไม่เห็นด้วย,ไม่เห็นด้วย,ไม่เห็นด้วย,ไม่เห็นด้วย,ไม่เห็นด้วย,ไม่เห็นด้วย,ไม่เห็นด้วย,ไม่เห็นด้วย,"Option 2, Option 3, Option 6",30-39ปี,ชาย,มีแฟนแต่ยังไม่แต่งงาน
6/26/2024 20:10:36,ไม่เคย,,,,,,,,,,,,,,,,,,,,,,,,,,,,,,,,,,,,,,,,,,,,,,,,,,,,,,,,,,,,,,,,,,,,,,,,,,
6/26/2024 20:19:06,เคย,เป็นสมาชิกของครอบครัว,แมวบ้าน,Mouchou และ Oliver,มากที่สุด,มาก,มากที่สุด,มาก,มาก,มีผล,ได้ทั้งสองแบบ หากถูกใจ,มาก,มาก,มากที่สุด,มากที่สุด,มากที่สุด,มาก,มาก,มาก,King cat เนื่องจากดูง่าย สะอาด ไม่มีสีสันฉูดฉาด ไว้วัสดุที่ดีในการผลิต,ลักษณะของอาหารแมวเม็ดจริง ทำให้มองเห็นได้เด่นชัด,เฉยๆ,เฉยๆ,เฉยๆ,เฉยๆ,เฉยๆ,เห็นด้วย,เห็นด้วย,เห็นด้วย,เห็นด้วย,เห็นด้วย,เฉยๆ,เห็นด้วย,เฉยๆ,เฉยๆ,เห็นด้วย,เฉยๆ,เฉยๆ,เฉยๆ,เฉยๆ,เฉยๆ,เห็นด้วย,เห็นด้วย,เฉยๆ,เฉยๆ,เฉยๆ,เห็นด้วยที่สุด,เห็นด้วย,เห็นด้วยที่สุด,เห็นด้วย,เห็นด้วยที่สุด,เฉยๆ,เฉยๆ,เฉยๆ,เฉยๆ,เห็นด้วย,เฉยๆ,เฉยๆ,เฉยๆ,เฉยๆ,เฉยๆ,เฉยๆ,เฉยๆ,เห็นด้วย,เห็นด้วย,เห็นด้วย,ไม่เห็นด้วย,เฉยๆ,ไม่เห็นด้วย,เฉยๆ,ไม่เห็นด้วย,"Option 2, Option 3, Option 6",30-39ปี,หญิง,มีแฟนแต่ยังไม่แต่งงาน
6/26/2024 20:25:56,เคย,น้องชายคนเล็กที่รักที่สุด,แมวลายสลิด,You-O,ปานกลาง,น้อย,มากที่สุด,ปานกลาง,มาก,ไม่มีผล,ภาพแมวจริง หรือแมวสมจริง (AI),ปานกลาง,มาก,มาก,น้อย,ปานกลาง,น้อย,มาก,มาก,You-O เพราะสโลแกนมีแมวยูโอ,ลักษณะเม็ด ปริมาณโซเดียม ,ไม่เห็นด้วย,ไม่เห็นด้วย,ไม่เห็นด้วย,ไม่เห็นด้วย,ไม่เห็นด้วย,เฉยๆ,เฉยๆ,ไม่เห็นด้วย,เฉยๆ,ไม่เห็นด้วย,เห็นด้วยที่สุด,เห็นด้วย,เห็นด้วยที่สุด,เห็นด้วยที่สุด,เห็นด้วยที่สุด,เห็นด้วย,เห็นด้วย,เห็นด้วยที่สุด,เห็นด้วยที่สุด,เห็นด้วย,เฉยๆ,เฉยๆ,เห็นด้วยที่สุด,เฉยๆ,เฉยๆ,เห็นด้วย,เฉยๆ,เฉยๆ,เห็นด้วย,เฉยๆ,เห็นด้วยที่สุด,เห็นด้วย,เฉยๆ,เห็นด้วยที่สุด,เฉยๆ,เห็นด้วยที่สุด,เห็นด้วยที่สุด,เห็นด้วยที่สุด,เห็นด้วยที่สุด,เห็นด้วยที่สุด,เฉยๆ,เฉยๆ,เฉยๆ,เฉยๆ,เฉยๆ,เห็นด้วย,เฉยๆ,เห็นด้วย,เห็นด้วย,เห็นด้วย,"Option 3, Option 4, Option 8",20-29ปี,หญิง,โสด ไม่มีแฟน
6/26/2024 20:27:44,เคย,เพื่อน,ไทยเปอร์เซีย,Petheria,มาก,ปานกลาง,มาก,ปานกลาง,มาก,มีผล,ภาพแมวจริง หรือแมวสมจริง (AI),มาก,มาก,มาก,มาก,ปานกลาง,มาก,มาก,มาก,Purino neo,Qr เพื่อแสกนอ่านส่วนผสมของอาหารเนื่องจากบนบรรจุภัณฑ์อาจจะตัวเล็ดอ่านลำบาก และข้อมูลของผลิตภัณฑ์ต่างๆ,เฉยๆ,เห็นด้วย,เฉยๆ,เฉยๆ,เฉยๆ,เฉยๆ,เฉยๆ,เฉยๆ,เฉยๆ,เฉยๆ,เห็นด้วย,เห็นด้วย,เห็นด้วย,เห็นด้วย,เห็นด้วย,เฉยๆ,เฉยๆ,เฉยๆ,เฉยๆ,เฉยๆ,เห็นด้วย,เห็นด้วย,เห็นด้วย,เห็นด้วย,เห็นด้วย,เฉยๆ,เฉยๆ,เฉยๆ,เฉยๆ,เฉยๆ,เฉยๆ,เฉยๆ,เฉยๆ,เฉยๆ,เฉยๆ,เฉยๆ,เฉยๆ,เฉยๆ,เฉยๆ,เฉยๆ,เฉยๆ,เห็นด้วย,เฉยๆ,เฉยๆ,เฉยๆ,เฉยๆ,เฉยๆ,เฉยๆ,เฉยๆ,เฉยๆ,"Option 3, Option 5, Option 9",40-49ปี,ชาย,มีแฟนแต่ยังไม่แต่งงาน
6/26/2024 20:35:55,เคย,เป็นน้องสาวคนเล็ก ,ไทย,Kativa ,มาก,ปานกลาง,มากที่สุด,ปานกลาง,มาก,มีผล,ได้ทั้งสองแบบ หากถูกใจ,มาก,มาก,มาก,ปานกลาง,น้อย,ปานกลาง,มาก,มาก,Kativa,,ไม่เห็นด้วย,เห็นด้วย,ไม่เห็นด้วย,ไม่เห็นด้วย,ไม่เห็นด้วย,เห็นด้วย,เห็นด้วย,เห็นด้วย,เห็นด้วย,เห็นด้วย,เห็นด้วย,เห็นด้วย,เห็นด้วย,เห็นด้วย,เห็นด้วย,เฉยๆ,เห็นด้วย,เห็นด้วย,เฉยๆ,เฉยๆ,เฉยๆ,เห็นด้วย,เฉยๆ,เฉยๆ,เฉยๆ,เฉยๆ,เฉยๆ,เฉยๆ,เห็นด้วย,เฉยๆ,เฉยๆ,เฉยๆ,เฉยๆ,เฉยๆ,เฉยๆ,เห็นด้วย,เฉยๆ,เฉยๆ,เฉยๆ,เฉยๆ,ไม่เห็นด้วย,เฉยๆ,ไม่เห็นด้วย,ไม่เห็นด้วย,ไม่เห็นด้วย,ไม่เห็นด้วย,ไม่เห็นด้วย,ไม่เห็นด้วย,ไม่เห็นด้วย,ไม่เห็นด้วย,"Option 2, Option 3, Option 4",20-29ปี,หญิง,มีแฟนแต่ยังไม่แต่งงาน
6/26/2024 20:37:32,เคย,เป็นเพื่อน,สลิด,"King cat, Friskies",มาก,น้อย,มากที่สุด,น้อย,น้อย,มีผล,ภาพแมวจริง หรือแมวสมจริง (AI),ปานกลาง,ปานกลาง,ปานกลาง,ปานกลาง,มาก,ปานกลาง,มาก,ปานกลาง,Friskies น่ารัก,ฝาเทอาหาร เหมือนขวดน้ำ,ไม่เห็นด้วย,เฉยๆ,เฉยๆ,เฉยๆ,ไม่เห็นด้วย,ไม่เห็นด้วย,เห็นด้วย,ไม่เห็นด้วย,ไม่เห็นด้วย,ไม่เห็นด้วย,เฉยๆ,เห็นด้วย,เฉยๆ,เฉยๆ,เฉยๆ,เฉยๆ,เห็นด้วย,เฉยๆ,เฉยๆ,เฉยๆ,เฉยๆ,เห็นด้วย,เฉยๆ,เฉยๆ,ไม่เห็นด้วย,เห็นด้วย,เห็นด้วย,เฉยๆ,เฉยๆ,เฉยๆ,เฉยๆ,เห็นด้วย,เฉยๆ,เฉยๆ,เฉยๆ,เห็นด้วย,เห็นด้วย,เฉยๆ,เฉยๆ,เห็นด้วย,ไม่เห็นด้วย,เห็นด้วย,ไม่เห็นด้วย,ไม่เห็นด้วย,ไม่เห็นด้วย,ไม่เห็นด้วย,เห็นด้วย,เห็นด้วย,เฉยๆ,ไม่เห็นด้วย,"Option 3, Option 6, Option 8",40-49ปี,หญิง,โสด ไม่มีแฟน
6/26/2024 20:41:18,เคย,ลูกที่ทั้งรัก ทั้งน่ารำคาญในบางเวลา 555,จร สามสี,วิสกัส,ปานกลาง,ปานกลาง,มากที่สุด,ปานกลาง,มาก,มีผล,ภาพแมวจริง หรือแมวสมจริง (AI),มาก,มาก,มาก,มาก,น้อย,ปานกลาง,มาก,น้อย,วิสกัส เพราะคุ้นเคย สีเข้ม /zoi cat เพราะแมวที่ถุงน่ารัก,ไม่แน่ใจ,ไม่เห็นด้วยเลย,เห็นด้วย,ไม่เห็นด้วยเลย,ไม่เห็นด้วยเลย,ไม่เห็นด้วยเลย,ไม่เห็นด้วยเลย,เห็นด้วย,ไม่เห็นด้วยเลย,ไม่เห็นด้วยเลย,ไม่เห็นด้วยเลย,ไม่เห็นด้วย,เฉยๆ,ไม่เห็นด้วย,ไม่เห็นด้วย,ไม่เห็นด้วย,ไม่เห็นด้วยเลย,เฉยๆ,ไม่เห็นด้วยเลย,ไม่เห็นด้วยเลย,ไม่เห็นด้วยเลย,เฉยๆ,เฉยๆ,เฉยๆ,เฉยๆ,เฉยๆ,เฉยๆ,เห็นด้วย,เฉยๆ,เฉยๆ,เฉยๆ,เฉยๆ,เห็นด้วย,เห็นด้วย,เฉยๆ,เฉยๆ,เฉยๆ,เฉยๆ,เฉยๆ,เฉยๆ,เฉยๆ,ไม่เห็นด้วย,เฉยๆ,ไม่เห็นด้วย,ไม่เห็นด้วย,ไม่เห็นด้วย,ไม่เห็นด้วยเลย,เห็นด้วย,ไม่เห็นด้วย,ไม่เห็นด้วย,ไม่เห็นด้วย,"Option 6, Option 7, Option 8",50ปี ขึ้นไป,อื่นๆ,หย่าร้าง/เป็นม่าย
6/26/2024 20:44:01,เคย,เป็นลูก ที่เราอยากเห็นการเติบโตของเค้า,Johnjust ,Projen + petheria,มากที่สุด,ปานกลาง,มากที่สุด,ปานกลาง,มาก,ไม่มีผล,ได้ทั้งสองแบบ หากถูกใจ,มาก,มาก,มากที่สุด,น้อย,ปานกลาง,ปานกลาง,มากที่สุด,ปานกลาง,Projen + test of wild เห็นแล้วรู้สึกถึงธรรมชาติของแมว ความเป็นสัตว์ป่าและนักล่า ทำให้รู้สึกว่าถ้าซื้อให้ลูกกินมันจะดีกับเค้าในแบบที่ธรรมชาติจะให้ ส่วนแพ็คเกจชอบ Projen ที่มีจุดเปิดปากถุงง่าย มีเส้นๆให้ดึง ไม่ใช่ฉีกตามรอยปะ,ซิปล็อกควรจะมีอยู่แล้ว ส่วนที่อยากเพิ่มหน้าถุงอาหารคือรูปเม็ดอาหาร ขนาดเม็ด เด่นเรื่องไหน ช่วยเรื่องอะไร,เห็นด้วย,เห็นด้วย,เห็นด้วย,เห็นด้วยที่สุด,เฉยๆ,เฉยๆ,ไม่เห็นด้วย,เห็นด้วย,เฉยๆ,เฉยๆ,เห็นด้วย,ไม่เห็นด้วย,เฉยๆ,เฉยๆ,เฉยๆ,เห็นด้วย,ไม่เห็นด้วย,เฉยๆ,เฉยๆ,เฉยๆ,เห็นด้วย,เห็นด้วยที่สุด,เห็นด้วยที่สุด,เห็นด้วย,เห็นด้วย,เฉยๆ,ไม่เห็นด้วย,ไม่เห็นด้วย,ไม่เห็นด้วย,ไม่เห็นด้วย,เฉยๆ,ไม่เห็นด้วย,ไม่เห็นด้วย,เฉยๆ,เฉยๆ,เห็นด้วย,เห็นด้วย,เห็นด้วยที่สุด,เห็นด้วยที่สุด,เห็นด้วย,เฉยๆ,ไม่เห็นด้วย,เฉยๆ,เฉยๆ,เฉยๆ,ไม่เห็นด้วย,ไม่เห็นด้วย,ไม่เห็นด้วย,ไม่เห็นด้วย,ไม่เห็นด้วย,"Option 1, Option 5, Option 8",20-29ปี,หญิง,มีแฟนแต่ยังไม่แต่งงาน
6/26/2024 20:44:14,เคย,เป็นครอบครัว,ไทย,ยูโอ,มากที่สุด,มากที่สุด,มากที่สุด,มากที่สุด,มากที่สุด,มีผล,ภาพแมวจริง หรือแมวสมจริง (AI),มากที่สุด,มากที่สุด,มากที่สุด,มากที่สุด,มากที่สุด,มากที่สุด,มากที่สุด,มากที่สุด,ยูโอ เพราะ มีแมวต้องยูโอ,วิตามินบำรุงสุขภาพแมว,เฉยๆ,เฉยๆ,เฉยๆ,เฉยๆ,เฉยๆ,เห็นด้วย,เห็นด้วย,เห็นด้วย,เห็นด้วย,เห็นด้วย,เห็นด้วยที่สุด,เห็นด้วยที่สุด,เห็นด้วยที่สุด,เห็นด้วยที่สุด,เห็นด้วยที่สุด,เห็นด้วยที่สุด,เห็นด้วยที่สุด,เห็นด้วยที่สุด,เห็นด้วยที่สุด,เห็นด้วยที่สุด,เฉยๆ,เฉยๆ,เฉยๆ,เฉยๆ,เฉยๆ,เห็นด้วยที่สุด,เห็นด้วยที่สุด,เห็นด้วยที่สุด,เห็นด้วยที่สุด,เห็นด้วยที่สุด,เห็นด้วยที่สุด,เห็นด้วยที่สุด,เห็นด้วยที่สุด,เห็นด้วยที่สุด,เห็นด้วยที่สุด,เห็นด้วย,เห็นด้วย,เห็นด้วย,เห็นด้วย,เห็นด้วย,เฉยๆ,เฉยๆ,เฉยๆ,เฉยๆ,เฉยๆ,เฉยๆ,เฉยๆ,เฉยๆ,เฉยๆ,เฉยๆ,"Option 3, Option 6, Option 7",30-39ปี,หญิง,มีแฟนแต่ยังไม่แต่งงาน
6/26/2024 20:51:15,เคย,เป็นเหมือนคนในครอบครัว,แมวจรไทย,คิงส์แคท / Justino สลับๆกัน,มากที่สุด,ปานกลาง,มาก,มาก,มาก,มีผล,ภาพแมวจริง หรือแมวสมจริง (AI),มาก,ปานกลาง,มาก,มาก,มาก,มาก,มากที่สุด,มาก,คิงส์แคท ได้ยินชื่อบ่อยเห็นบ่อย,รูปแมวของตัวเอง,เฉยๆ,เห็นด้วย,เฉยๆ,เห็นด้วย,เห็นด้วย,เฉยๆ,เห็นด้วย,เฉยๆ,เฉยๆ,เฉยๆ,เห็นด้วย,เห็นด้วย,เห็นด้วย,เฉยๆ,เห็นด้วย,เห็นด้วย,เห็นด้วย,เห็นด้วย,เฉยๆ,เห็นด้วย,เฉยๆ,เฉยๆ,เฉยๆ,เฉยๆ,เฉยๆ,เฉยๆ,เฉยๆ,เฉยๆ,เห็นด้วย,เฉยๆ,เฉยๆ,เห็นด้วย,เฉยๆ,เฉยๆ,เฉยๆ,เฉยๆ,เฉยๆ,เฉยๆ,เฉยๆ,เฉยๆ,เฉยๆ,เห็นด้วย,เฉยๆ,เห็นด้วย,เฉยๆ,เฉยๆ,เห็นด้วย,เฉยๆ,เฉยๆ,เฉยๆ,"Option 1, Option 3, Option 4",30-39ปี,หญิง,มีแฟนแต่ยังไม่แต่งงาน
6/26/2024 20:51:42,เคย,เป็นคนในตรอบครัว,พันธุ์ไทย,King Cat,มาก,มาก,มากที่สุด,มาก,มากที่สุด,มีผล,ได้ทั้งสองแบบ หากถูกใจ,มาก,ปานกลาง,มาก,มาก,มาก,มาก,มากที่สุด,มากที่สุด,Buzz,-,เฉยๆ,เห็นด้วยที่สุด,เห็นด้วย,เฉยๆ,เฉยๆ,เห็นด้วย,เห็นด้วยที่สุด,เฉยๆ,เฉยๆ,เฉยๆ,ไม่เห็นด้วย,เห็นด้วยที่สุด,เฉยๆ,เฉยๆ,เฉยๆ,ไม่เห็นด้วย,เฉยๆ,เฉยๆ,เฉยๆ,เฉยๆ,เห็นด้วยที่สุด,เฉยๆ,เห็นด้วย,เห็นด้วย,เห็นด้วย,เห็นด้วย,เห็นด้วย,เฉยๆ,เฉยๆ,เฉยๆ,เห็นด้วยที่สุด,เห็นด้วยที่สุด,เห็นด้วยที่สุด,เห็นด้วยที่สุด,เห็นด้วยที่สุด,เห็นด้วยที่สุด,เห็นด้วยที่สุด,เห็นด้วยที่สุด,เห็นด้วยที่สุด,เห็นด้วยที่สุด,เฉยๆ,เฉยๆ,เฉยๆ,เฉยๆ,เฉยๆ,เฉยๆ,เฉยๆ,เฉยๆ,เฉยๆ,เฉยๆ,"Option 5, Option 7, Option 8",20-29ปี,หญิง,โสด ไม่มีแฟน
6/26/2024 20:52:10,เคย,เป็นคนในครอบครัว,แมวไทย (แมวจร),"Purino, King Cat",มากที่สุด,มาก,มากที่สุด,มากที่สุด,มากที่สุด,มีผล,ได้ทั้งสองแบบ หากถูกใจ,มากที่สุด,มากที่สุด,มากที่สุด,มากที่สุด,มาก,มาก,มาก,ปานกลาง,Whiskas จำ packaging ได้,-,เห็นด้วย,เห็นด้วย,เฉยๆ,เฉยๆ,เฉยๆ,เฉยๆ,เห็นด้วย,เฉยๆ,เฉยๆ,เฉยๆ,เฉยๆ,เห็นด้วยที่สุด,เห็นด้วย,เห็นด้วย,เฉยๆ,เฉยๆ,เฉยๆ,เห็นด้วย,เห็นด้วย,เห็นด้วย,เห็นด้วยที่สุด,เห็นด้วยที่สุด,เห็นด้วย,เห็นด้วยที่สุด,เห็นด้วยที่สุด,ไม่เห็นด้วย,เฉยๆ,ไม่เห็นด้วย,เฉยๆ,ไม่เห็นด้วย,เห็นด้วย,เห็นด้วย,เห็นด้วย,เห็นด้วยที่สุด,เห็นด้วย,ไม่เห็นด้วย,เฉยๆ,ไม่เห็นด้วย,ไม่เห็นด้วย,ไม่เห็นด้วย,เฉยๆ,เฉยๆ,เฉยๆ,เฉยๆ,เฉยๆ,ไม่เห็นด้วย,ไม่เห็นด้วย,เฉยๆ,ไม่เห็นด้วย,ไม่เห็นด้วย,"Option 1, Option 5, Option 7",30-39ปี,ชาย,แต่งงานแล้ว
6/26/2024 20:52:23,เคย,เป็นลูกเป็นครอบครัว,พันธ์ไทย,คิงแคท,มาก,มาก,มาก,มาก,มาก,ไม่มีผล,ได้ทั้งสองแบบ หากถูกใจ,มาก,มาก,มาก,มาก,ปานกลาง,มาก,มากที่สุด,มาก,คิงแคท,ไม่มี,เฉยๆ,เฉยๆ,เฉยๆ,เฉยๆ,เฉยๆ,เฉยๆ,เฉยๆ,เฉยๆ,เฉยๆ,เฉยๆ,เฉยๆ,เห็นด้วย,เฉยๆ,เห็นด้วย,เฉยๆ,เฉยๆ,เฉยๆ,เฉยๆ,เฉยๆ,เฉยๆ,เฉยๆ,เฉยๆ,เฉยๆ,เฉยๆ,เฉยๆ,เฉยๆ,เฉยๆ,เฉยๆ,เฉยๆ,เฉยๆ,เฉยๆ,เฉยๆ,เฉยๆ,เฉยๆ,เฉยๆ,เฉยๆ,เฉยๆ,เฉยๆ,เฉยๆ,เฉยๆ,เฉยๆ,เฉยๆ,เฉยๆ,เห็นด้วย,เฉยๆ,เฉยๆ,เฉยๆ,เฉยๆ,เฉยๆ,เฉยๆ,"Option 2, Option 3, Option 9",30-39ปี,หญิง,แต่งงานแล้ว
6/26/2024 20:54:10,เคย,คนในครอบครัว,ไทย,King Cat,มากที่สุด,ปานกลาง,มากที่สุด,ปานกลาง,มากที่สุด,ไม่มีผล,ได้ทั้งสองแบบ หากถูกใจ,มาก,ปานกลาง,มาก,ปานกลาง,ปานกลาง,ปานกลาง,มาก,ปานกลาง,King Cat เพราะไม่ได้เลือกซื้อยี่ห้ออื่นเลย,,เฉยๆ,เห็นด้วย,เฉยๆ,เฉยๆ,เฉยๆ,ไม่เห็นด้วย,เฉยๆ,ไม่เห็นด้วย,ไม่เห็นด้วย,ไม่เห็นด้วย,เห็นด้วย,เห็นด้วย,เห็นด้วย,เฉยๆ,เห็นด้วย,เฉยๆ,เห็นด้วย,เฉยๆ,เฉยๆ,เฉยๆ,เฉยๆ,เห็นด้วย,เฉยๆ,เฉยๆ,เฉยๆ,เฉยๆ,เห็นด้วย,เฉยๆ,เฉยๆ,เฉยๆ,เฉยๆ,เห็นด้วย,เฉยๆ,เฉยๆ,เฉยๆ,เฉยๆ,เห็นด้วย,เฉยๆ,เฉยๆ,เฉยๆ,เฉยๆ,เห็นด้วย,เฉยๆ,เฉยๆ,เฉยๆ,เฉยๆ,เห็นด้วย,เฉยๆ,เฉยๆ,เฉยๆ,"Option 1, Option 3, Option 9",40-49ปี,หญิง,แต่งงานแล้ว
6/26/2024 20:59:19,เคย,เป็นคนในครอบครัว เจ็บไข้ได้ป่วยก็ดูแลรักษากัน ,"ไทย , ไทยผสมสกอตติชโฟลด์","SmartBrain Gold , YOU-O Gold ",มาก,มาก,มาก,ปานกลาง,มาก,มีผล,ได้ทั้งสองแบบ หากถูกใจ,ปานกลาง,มาก,มาก,มาก,มากที่สุด,มากที่สุด,มากที่สุด,มากที่สุด,BUZZ Netura ชอบซองที่เป็นเนื้อด้านๆ ลายเส้นการ์ตูนน่ารัก,,เฉยๆ,เฉยๆ,เฉยๆ,เฉยๆ,เฉยๆ,เห็นด้วย,เฉยๆ,เฉยๆ,เฉยๆ,เฉยๆ,เห็นด้วยที่สุด,เห็นด้วย,เห็นด้วยที่สุด,เห็นด้วยที่สุด,เห็นด้วย,เห็นด้วย,เห็นด้วย,เห็นด้วย,เห็นด้วย,เห็นด้วย,เฉยๆ,เห็นด้วย,เฉยๆ,เฉยๆ,เฉยๆ,เฉยๆ,เห็นด้วย,เห็นด้วย,เฉยๆ,เฉยๆ,เฉยๆ,เฉยๆ,เฉยๆ,เฉยๆ,เฉยๆ,เฉยๆ,เฉยๆ,เฉยๆ,เฉยๆ,เฉยๆ,เฉยๆ,เฉยๆ,เฉยๆ,เฉยๆ,เฉยๆ,เฉยๆ,เฉยๆ,เฉยๆ,เฉยๆ,เฉยๆ,"Option 3, Option 4, Option 6",30-39ปี,หญิง,มีแฟนแต่ยังไม่แต่งงาน
6/26/2024 21:00:04,เคย,เหมือนลูกเราเป็นเพื่อน,American Short Hair,Kativa,มาก,ปานกลาง,มากที่สุด,มาก,มากที่สุด,มีผล,ได้ทั้งสองแบบ หากถูกใจ,มาก,มาก,มาก,มากที่สุด,มาก,มากที่สุด,มาก,มากที่สุด,Whiskas เพราะสี,คุณประโยชน์ของอาหารแมวเพื่อให้แมวสุขภาพแข็งแรง,เฉยๆ,เห็นด้วยที่สุด,เห็นด้วย,เฉยๆ,เฉยๆ,เห็นด้วย,เห็นด้วยที่สุด,เห็นด้วย,เห็นด้วย,เฉยๆ,เห็นด้วยที่สุด,เห็นด้วยที่สุด,เห็นด้วย,เห็นด้วย,เห็นด้วย,เห็นด้วยที่สุด,เห็นด้วยที่สุด,เห็นด้วยที่สุด,เห็นด้วยที่สุด,เห็นด้วยที่สุด,เห็นด้วยที่สุด,เห็นด้วยที่สุด,เห็นด้วยที่สุด,เห็นด้วยที่สุด,เห็นด้วย,เห็นด้วยที่สุด,เห็นด้วยที่สุด,เห็นด้วย,เห็นด้วยที่สุด,เห็นด้วย,เห็นด้วย,เห็นด้วยที่สุด,เห็นด้วยที่สุด,เห็นด้วยที่สุด,เห็นด้วย,เห็นด้วยที่สุด,เห็นด้วยที่สุด,เห็นด้วย,เห็นด้วยที่สุด,เห็นด้วยที่สุด,เฉยๆ,เห็นด้วยที่สุด,เฉยๆ,เฉยๆ,เฉยๆ,เฉยๆ,เห็นด้วยที่สุด,เห็นด้วย,เฉยๆ,เฉยๆ,"Option 1, Option 3, Option 8",30-39ปี,หญิง,มีแฟนแต่ยังไม่แต่งงาน
6/26/2024 21:07:15,ไม่เคย,,,,,,,,,,,,,,,,,,,,,,,,,,,,,,,,,,,,,,,,,,,,,,,,,,,,,,,,,,,,,,,,,,,,,,,,,,
6/26/2024 21:08:11,เคย,เป็นเหมือนสมาชิกในครอบครัว,ทาง,Friskies,มาก,ปานกลาง,มาก,ปานกลาง,ปานกลาง,มีผล,ภาพแมวจริง หรือแมวสมจริง (AI),มาก,ปานกลาง,มาก,มาก,ปานกลาง,ปานกลาง,มาก,มาก,Purino friskies,,เห็นด้วย,เห็นด้วย,เฉยๆ,เฉยๆ,เฉยๆ,เฉยๆ,เฉยๆ,เฉยๆ,เฉยๆ,เฉยๆ,เห็นด้วย,เห็นด้วย,เห็นด้วย,เฉยๆ,เฉยๆ,เฉยๆ,เห็นด้วย,เฉยๆ,เฉยๆ,เฉยๆ,เฉยๆ,เฉยๆ,เฉยๆ,เห็นด้วย,เฉยๆ,เห็นด้วย,เห็นด้วย,เห็นด้วย,เห็นด้วย,เห็นด้วย,เห็นด้วย,เห็นด้วย,เห็นด้วย,เห็นด้วย,เห็นด้วย,เห็นด้วย,เห็นด้วย,เห็นด้วย,เห็นด้วย,เห็นด้วย,ไม่เห็นด้วย,ไม่เห็นด้วย,ไม่เห็นด้วย,เฉยๆ,ไม่เห็นด้วยเลย,ไม่เห็นด้วย,ไม่เห็นด้วย,ไม่เห็นด้วย,ไม่เห็นด้วย,ไม่เห็นด้วย,"Option 3, Option 4, Option 6",40-49ปี,หญิง,มีแฟนแต่ยังไม่แต่งงาน
6/26/2024 21:10:52,เคย,แมวเป็นทั้งลูก ทั้งเพื่อน และเจ้านาย,ไทยล้วน,Purino neo / king cat,มาก,ปานกลาง,มาก,มาก,มาก,ไม่มีผล,ภาพแมวจริง หรือแมวสมจริง (AI),มาก,มาก,มากที่สุด,มากที่สุด,มาก,มาก,มากที่สุด,มากที่สุด,King Cat  เพราะมีรูปแมวหลายสายพันธุ์,Topping เสริม พวกไก่ฟรีซดาย,เห็นด้วยที่สุด,เห็นด้วยที่สุด,เห็นด้วยที่สุด,เห็นด้วย,เห็นด้วย,เห็นด้วยที่สุด,เห็นด้วยที่สุด,เห็นด้วยที่สุด,เห็นด้วย,เห็นด้วย,เห็นด้วยที่สุด,เห็นด้วยที่สุด,เห็นด้วยที่สุด,เห็นด้วยที่สุด,เห็นด้วยที่สุด,เห็นด้วย,เห็นด้วยที่สุด,เห็นด้วย,เห็นด้วย,เห็นด้วยที่สุด,เห็นด้วย,เฉยๆ,เฉยๆ,เห็นด้วย,เฉยๆ,เฉยๆ,เห็นด้วยที่สุด,เห็นด้วย,เฉยๆ,เฉยๆ,เห็นด้วย,เห็นด้วย,เห็นด้วย,เห็นด้วย,เห็นด้วย,เห็นด้วยที่สุด,เห็นด้วยที่สุด,เห็นด้วยที่สุด,เห็นด้วยที่สุด,เห็นด้วยที่สุด,เห็นด้วยที่สุด,เห็นด้วยที่สุด,เห็นด้วยที่สุด,เห็นด้วยที่สุด,เห็นด้วยที่สุด,เฉยๆ,เฉยๆ,เห็นด้วย,เฉยๆ,เฉยๆ,"Option 1, Option 3, Option 8",30-39ปี,หญิง,แต่งงานแล้ว
6/26/2024 21:11:22,เคย,น้อง,ไทย,"Buzz , justino",ปานกลาง,ปานกลาง,มากที่สุด,ปานกลาง,มากที่สุด,ไม่มีผล,ได้ทั้งสองแบบ หากถูกใจ,ปานกลาง,มาก,มากที่สุด,มากที่สุด,มากที่สุด,มากที่สุด,มากที่สุด,มาก,Buzz เพราะ ถุงมีซิปล๊อค และ ซองเป็นแบบกันแสงแดด ทำให้คุณภาพของอาหารยังคงที่ไม่หายไป,ซิปล๊อคที่แน่นขึ้น,เฉยๆ,เฉยๆ,เฉยๆ,เฉยๆ,เฉยๆ,เฉยๆ,เห็นด้วย,เฉยๆ,เฉยๆ,เฉยๆ,เห็นด้วย,เฉยๆ,เห็นด้วย,เห็นด้วย,เห็นด้วย,เห็นด้วย,เห็นด้วย,เห็นด้วย,เห็นด้วย,เห็นด้วย,เฉยๆ,เฉยๆ,เฉยๆ,เฉยๆ,เฉยๆ,เห็นด้วยที่สุด,เห็นด้วยที่สุด,เห็นด้วยที่สุด,เห็นด้วย,เห็นด้วย,เห็นด้วยที่สุด,เห็นด้วยที่สุด,เห็นด้วยที่สุด,เห็นด้วยที่สุด,เห็นด้วยที่สุด,เห็นด้วยที่สุด,เห็นด้วยที่สุด,เห็นด้วยที่สุด,เห็นด้วยที่สุด,เห็นด้วยที่สุด,เฉยๆ,เห็นด้วย,เห็นด้วย,เห็นด้วย,เห็นด้วย,เห็นด้วย,เห็นด้วย,เห็นด้วย,เห็นด้วย,เห็นด้วย,"Option 6, Option 7, Option 8",30-39ปี,อื่นๆ,มีแฟนแต่ยังไม่แต่งงาน
6/26/2024 21:42:25,เคย,เป็นเหมือนสมาชิกครอบครัว,"วิเชียรมาศ ,แมวไทย",Pramy,มากที่สุด,ปานกลาง,มาก,ปานกลาง,มาก,มีผล,ได้ทั้งสองแบบ หากถูกใจ,ปานกลาง,มาก,มาก,ปานกลาง,มากที่สุด,ปานกลาง,มาก,ปานกลาง,Buzz เพราะสีสันดูสบายตา สีไม่ฉูดฉาย,เติมแมวลงไปเยอะๆเลย,เห็นด้วย,เห็นด้วย,เห็นด้วย,เห็นด้วย,เห็นด้วย,เห็นด้วย,เห็นด้วย,เห็นด้วย,เห็นด้วย,เห็นด้วย,เฉยๆ,เห็นด้วย,เห็นด้วย,เห็นด้วย,เฉยๆ,เฉยๆ,เห็นด้วย,เห็นด้วย,เห็นด้วย,เฉยๆ,เฉยๆ,เฉยๆ,เห็นด้วย,เฉยๆ,เฉยๆ,เห็นด้วย,เห็นด้วยที่สุด,เห็นด้วย,เห็นด้วย,เห็นด้วย,เห็นด้วย,เห็นด้วย,เห็นด้วย,เห็นด้วย,เห็นด้วย,เห็นด้วยที่สุด,เห็นด้วยที่สุด,เห็นด้วย,เห็นด้วย,เห็นด้วยที่สุด,เฉยๆ,เฉยๆ,เฉยๆ,เฉยๆ,เฉยๆ,เฉยๆ,เฉยๆ,เฉยๆ,เฉยๆ,เฉยๆ,"Option 1, Option 6, Option 8",20-29ปี,หญิง,มีแฟนแต่ยังไม่แต่งงาน
6/26/2024 21:46:41,เคย,เปรียบเสมือนลูก,ทาง,Purena Friskies,มาก,น้อย,มาก,น้อย,ปานกลาง,ไม่มีผล,ภาพแมวจริง หรือแมวสมจริง (AI),มาก,มาก,มาก,มาก,มาก,มาก,มาก,มาก,Whiskas,ราคา,เห็นด้วย,เห็นด้วย,เห็นด้วย,เห็นด้วย,เห็นด้วย,เห็นด้วย,เห็นด้วย,เห็นด้วย,เห็นด้วย,เห็นด้วย,เห็นด้วย,เห็นด้วย,เห็นด้วย,เห็นด้วย,เห็นด้วย,เฉยๆ,เฉยๆ,เฉยๆ,เฉยๆ,เฉยๆ,เฉยๆ,เฉยๆ,เฉยๆ,เฉยๆ,เฉยๆ,เห็นด้วย,เห็นด้วย,เห็นด้วย,เห็นด้วย,เห็นด้วย,เฉยๆ,เฉยๆ,เฉยๆ,เฉยๆ,เฉยๆ,เห็นด้วย,เห็นด้วย,เห็นด้วย,เห็นด้วย,เห็นด้วย,เห็นด้วย,เห็นด้วย,เห็นด้วย,เห็นด้วย,เห็นด้วย,เฉยๆ,เฉยๆ,เฉยๆ,เฉยๆ,เฉยๆ,"Option 3, Option 6, Option 9",30-39ปี,หญิง,โสด ไม่มีแฟน
6/26/2024 21:58:03,เคย,เหมือนน้องชายที่ถึงจะดื้อและทำให้เราเจ็บตัว แต่สุดท้ายเราก็จะหายโกรธเอง เป็นสิ่งมหัศจรรย์ที่แค่กอด/หอมก็ช่วยให้หายเครียดได้,ไทย,คิง แคท,มาก,มาก,มากที่สุด,ปานกลาง,มาก,มีผล,ได้ทั้งสองแบบ หากถูกใจ,มาก,มาก,มาก,มากที่สุด,ปานกลาง,ปานกลาง,มาก,มาก,คิง แคท เพราะมีการใช้ CI แบรนด์ที่ไม่เหมือนกับแบรนด์อื่นในท้องตลาด,มีบริเวณให้ทดลองดมกลิ่นอาหารแมวบนตัวถุง,เฉยๆ,เห็นด้วย,เฉยๆ,เฉยๆ,เฉยๆ,เฉยๆ,เห็นด้วยที่สุด,เฉยๆ,เห็นด้วย,เฉยๆ,เห็นด้วยที่สุด,เห็นด้วยที่สุด,เห็นด้วยที่สุด,เห็นด้วยที่สุด,เห็นด้วยที่สุด,เห็นด้วยที่สุด,เห็นด้วยที่สุด,เห็นด้วยที่สุด,เห็นด้วยที่สุด,เห็นด้วยที่สุด,เห็นด้วยที่สุด,เห็นด้วยที่สุด,เห็นด้วยที่สุด,เห็นด้วยที่สุด,เห็นด้วยที่สุด,เฉยๆ,เฉยๆ,เฉยๆ,เฉยๆ,เฉยๆ,เฉยๆ,เห็นด้วย,เฉยๆ,เฉยๆ,เฉยๆ,เฉยๆ,เฉยๆ,เฉยๆ,เฉยๆ,เฉยๆ,เห็นด้วยที่สุด,เฉยๆ,เฉยๆ,เฉยๆ,เฉยๆ,เฉยๆ,เห็นด้วย,เฉยๆ,เห็นด้วย,เฉยๆ,"Option 2, Option 3, Option 4",20-29ปี,หญิง,โสด ไม่มีแฟน
6/26/2024 22:00:13,เคย,เป็นส่วนนึงของชีวิต ขาดไม่ได้,ไทย เปอร์เซีย,Buzz ,มากที่สุด,มาก,มากที่สุด,มากที่สุด,มากที่สุด,ไม่มีผล,ได้ทั้งสองแบบ หากถูกใจ,มากที่สุด,มาก,มากที่สุด,มากที่สุด,มากที่สุด,มากที่สุด,มากที่สุด,มาก,Solid สีสันจัดจ้าน,ดอกไม้,ไม่เห็นด้วย,เห็นด้วย,ไม่เห็นด้วย,ไม่เห็นด้วย,ไม่เห็นด้วย,เฉยๆ,เฉยๆ,เฉยๆ,เฉยๆ,ไม่เห็นด้วย,เห็นด้วยที่สุด,เห็นด้วยที่สุด,เห็นด้วยที่สุด,เห็นด้วยที่สุด,เห็นด้วยที่สุด,เห็นด้วย,เห็นด้วย,เห็นด้วย,เห็นด้วย,เห็นด้วย,เห็นด้วย,เห็นด้วย,เห็นด้วย,เห็นด้วย,เห็นด้วย,เห็นด้วยที่สุด,เห็นด้วยที่สุด,เห็นด้วยที่สุด,เห็นด้วย,เห็นด้วยที่สุด,เห็นด้วย,เห็นด้วย,เห็นด้วย,เห็นด้วย,เห็นด้วย,เห็นด้วย,เห็นด้วยที่สุด,เห็นด้วยที่สุด,เห็นด้วยที่สุด,เห็นด้วยที่สุด,เฉยๆ,เฉยๆ,เฉยๆ,เฉยๆ,เฉยๆ,เห็นด้วย,เฉยๆ,เห็นด้วย,เห็นด้วย,เห็นด้วย,"Option 3, Option 6, Option 8",20-29ปี,หญิง,โสด ไม่มีแฟน
6/26/2024 22:03:59,เคย,คนในครอบครัว,พันธุ์ทาง,เม็ด เปียก เปลี่ยนไปเรื่อยๆ แมว ขี้เบื่อ,ปานกลาง,น้อย,มากที่สุด,น้อย,น้อย,ไม่มีผล,ได้ทั้งสองแบบ หากถูกใจ,น้อย,น้อย,ปานกลาง,ปานกลาง,ปานกลาง,ปานกลาง,ปานกลาง,ปานกลาง,ฟริสกี้,Topping ,เห็นด้วยที่สุด,เฉยๆ,เฉยๆ,เฉยๆ,เฉยๆ,เฉยๆ,เฉยๆ,เฉยๆ,เฉยๆ,เฉยๆ,เฉยๆ,เฉยๆ,เฉยๆ,เฉยๆ,เฉยๆ,เฉยๆ,เฉยๆ,เฉยๆ,เฉยๆ,เฉยๆ,เฉยๆ,เฉยๆ,เฉยๆ,เฉยๆ,เฉยๆ,เฉยๆ,เฉยๆ,เฉยๆ,เฉยๆ,เฉยๆ,เฉยๆ,เฉยๆ,เฉยๆ,เฉยๆ,เฉยๆ,เฉยๆ,เฉยๆ,เฉยๆ,เฉยๆ,เฉยๆ,เฉยๆ,เฉยๆ,เฉยๆ,เฉยๆ,เฉยๆ,เฉยๆ,เฉยๆ,เฉยๆ,เฉยๆ,เฉยๆ,"Option 6, Option 7, Option 8",40-49ปี,หญิง,โสด ไม่มีแฟน
6/26/2024 22:36:18,เคย,เพื่อน,แมวพันธุ์ไทย,YouO,มากที่สุด,มาก,มากที่สุด,มาก,มาก,มีผล,ภาพแมวจริง หรือแมวสมจริง (AI),มากที่สุด,มากที่สุด,มากที่สุด,มากที่สุด,มากที่สุด,มากที่สุด,มากที่สุด,มาก,YouO,สรรพคุณของวัถุดิบที่ดีต่อแมวในแต่ละรสชาติ,เห็นด้วยที่สุด,เห็นด้วยที่สุด,เห็นด้วยที่สุด,เห็นด้วยที่สุด,เห็นด้วยที่สุด,เห็นด้วย,เห็นด้วยที่สุด,เห็นด้วยที่สุด,เห็นด้วยที่สุด,เห็นด้วยที่สุด,เห็นด้วย,เห็นด้วยที่สุด,เห็นด้วยที่สุด,เห็นด้วยที่สุด,เห็นด้วยที่สุด,เห็นด้วยที่สุด,เห็นด้วยที่สุด,เห็นด้วยที่สุด,เห็นด้วยที่สุด,เห็นด้วยที่สุด,เห็นด้วยที่สุด,เห็นด้วยที่สุด,เห็นด้วยที่สุด,เห็นด้วยที่สุด,เห็นด้วยที่สุด,เห็นด้วยที่สุด,เห็นด้วยที่สุด,เห็นด้วยที่สุด,เห็นด้วยที่สุด,เห็นด้วยที่สุด,เห็นด้วยที่สุด,เห็นด้วยที่สุด,เห็นด้วยที่สุด,เห็นด้วยที่สุด,เห็นด้วยที่สุด,เฉยๆ,เห็นด้วยที่สุด,เห็นด้วยที่สุด,เห็นด้วยที่สุด,เห็นด้วยที่สุด,เฉยๆ,เฉยๆ,เฉยๆ,เฉยๆ,เฉยๆ,เฉยๆ,เฉยๆ,เฉยๆ,เฉยๆ,เฉยๆ,"Option 1, Option 3, Option 7",30-39ปี,หญิง,โสด ไม่มีแฟน
6/26/2024 22:51:20,เคย,เหมือนสมาชิกในครอบครัว เป็นน้องเล็กในบ้าน,แมวจร,"Purino neo, Buzz holistic, วิสกัส",มากที่สุด,ปานกลาง,มากที่สุด,น้อยที่สุด,ปานกลาง,มีผล,ได้ทั้งสองแบบ หากถูกใจ,ปานกลาง,มากที่สุด,มากที่สุด,มาก,น้อย,ปานกลาง,มากที่สุด,ปานกลาง,วิสกัส เพราะสีม่วง สะดุดตา แล้วใช้สีนี้มายาวนาน,ที่มีขายตามท้องตลาดคิดว่ามีรายละเอียดแจ้งครบถ้วนแล้ว ,ไม่เห็นด้วย,เฉยๆ,เฉยๆ,ไม่เห็นด้วย,ไม่เห็นด้วย,เห็นด้วย,เฉยๆ,ไม่เห็นด้วย,เห็นด้วย,เฉยๆ,เห็นด้วย,เฉยๆ,เฉยๆ,เฉยๆ,เห็นด้วย,เห็นด้วย,เห็นด้วย,เฉยๆ,เห็นด้วย,เห็นด้วย,เห็นด้วย,เห็นด้วย,เฉยๆ,เฉยๆ,เฉยๆ,เห็นด้วย,เห็นด้วย,เฉยๆ,เห็นด้วย,เฉยๆ,เฉยๆ,เฉยๆ,เฉยๆ,เฉยๆ,ไม่เห็นด้วย,ไม่เห็นด้วย,เฉยๆ,ไม่เห็นด้วย,เฉยๆ,ไม่เห็นด้วย,เห็นด้วย,เห็นด้วย,เห็นด้วย,เห็นด้วย,เห็นด้วย,เฉยๆ,เฉยๆ,เฉยๆ,เห็นด้วย,เฉยๆ,"Option 3, Option 4, Option 9",30-39ปี,หญิง,โสด ไม่มีแฟน
6/26/2024 23:31:03,เคย,ตอนแรกเป็นลูก ตอนหลังเริ่มเป็นภาระ,scotish,King cat,มากที่สุด,มาก,มาก,มาก,มากที่สุด,มีผล,ได้ทั้งสองแบบ หากถูกใจ,มาก,มาก,มาก,มาก,น้อย,มาก,มากที่สุด,ปานกลาง,ถ้าการออกแบบให้ King Cat แต่ถ้าชื่อแบรนด์ยกให้ YouO เพราะลองอ่านคำว่า YouO สิ มันน่ารักจะตาย,ราคาแนะนำ พิมพ์ลงไปเลย จะได้รู้ว่าร้านไหนค้ากำไรเกินควร,ไม่เห็นด้วยเลย,เห็นด้วย,ไม่เห็นด้วยเลย,ไม่เห็นด้วยเลย,ไม่เห็นด้วยเลย,ไม่เห็นด้วยเลย,เห็นด้วย,ไม่เห็นด้วยเลย,ไม่เห็นด้วยเลย,ไม่เห็นด้วยเลย,เห็นด้วย,เห็นด้วย,เฉยๆ,เห็นด้วย,เฉยๆ,ไม่เห็นด้วยเลย,เห็นด้วย,ไม่เห็นด้วยเลย,ไม่เห็นด้วยเลย,ไม่เห็นด้วยเลย,ไม่เห็นด้วยเลย,ไม่เห็นด้วยเลย,ไม่เห็นด้วยเลย,ไม่เห็นด้วยเลย,ไม่เห็นด้วยเลย,เห็นด้วย,เห็นด้วย,เฉยๆ,เห็นด้วย,เฉยๆ,ไม่เห็นด้วยเลย,ไม่เห็นด้วยเลย,ไม่เห็นด้วยเลย,ไม่เห็นด้วยเลย,ไม่เห็นด้วยเลย,ไม่เห็นด้วยเลย,ไม่เห็นด้วยเลย,ไม่เห็นด้วยเลย,ไม่เห็นด้วยเลย,ไม่เห็นด้วยเลย,ไม่เห็นด้วยเลย,เห็นด้วย,เฉยๆ,ไม่เห็นด้วยเลย,ไม่เห็นด้วยเลย,ไม่เห็นด้วยเลย,เห็นด้วย,เห็นด้วย,เห็นด้วย,ไม่เห็นด้วยเลย,"Option 3, Option 6, Option 10",30-39ปี,ชาย,มีแฟนแต่ยังไม่แต่งงาน
6/27/2024 0:23:13,ไม่เคย,,,,,,,,,,,,,,,,,,,,,,,,,,,,,,,,,,,,,,,,,,,,,,,,,,,,,,,,,,,,,,,,,,,,,,,,,,
6/27/2024 0:24:12,ไม่เคย,,,,,,,,,,,,,,,,,,,,,,,,,,,,,,,,,,,,,,,,,,,,,,,,,,,,,,,,,,,,,,,,,,,,,,,,,,
6/27/2024 7:40:15,เคย,ลูก ผู้ขี้อ้อน,บริชติส ช้อตแฮร์,คิงงแคท,มากที่สุด,ปานกลาง,มากที่สุด,มาก,มาก,มีผล,ได้ทั้งสองแบบ หากถูกใจ,มาก,มาก,มาก,มาก,มาก,มาก,มาก,มาก,คิงส์แคทท ภาพเล่าเรื่อง,คลีน,เห็นด้วย,เห็นด้วย,เห็นด้วย,เห็นด้วย,เห็นด้วย,เห็นด้วยที่สุด,เห็นด้วยที่สุด,เห็นด้วยที่สุด,เห็นด้วยที่สุด,เห็นด้วยที่สุด,เห็นด้วยที่สุด,เห็นด้วยที่สุด,เห็นด้วยที่สุด,เห็นด้วยที่สุด,เห็นด้วยที่สุด,เฉยๆ,เห็นด้วย,เห็นด้วย,เห็นด้วย,เห็นด้วย,เห็นด้วย,เห็นด้วย,เห็นด้วย,เห็นด้วย,เห็นด้วย,เห็นด้วยที่สุด,เห็นด้วยที่สุด,เห็นด้วยที่สุด,เห็นด้วย,เห็นด้วย,เฉยๆ,เฉยๆ,เฉยๆ,เฉยๆ,เฉยๆ,เห็นด้วย,เห็นด้วย,เห็นด้วย,เห็นด้วย,เห็นด้วย,เฉยๆ,เฉยๆ,เฉยๆ,เฉยๆ,เฉยๆ,ไม่เห็นด้วย,ไม่เห็นด้วย,ไม่เห็นด้วย,ไม่เห็นด้วย,ไม่เห็นด้วย,"Option 1, Option 2, Option 5",50ปี ขึ้นไป,หญิง,แต่งงานแล้ว
6/27/2024 7:54:41,เคย,เหมือนลูก,เปอร์เซีย,PURINO,มากที่สุด,มาก,มากที่สุด,มาก,มาก,ไม่มีผล,ได้ทั้งสองแบบ หากถูกใจ,มาก,มาก,ปานกลาง,มาก,มาก,ปานกลาง,มาก,ปานกลาง,PURINO มีภาพรายละเอียดที่หน้าถุง,วิตามิน,เฉยๆ,เฉยๆ,ไม่เห็นด้วย,เห็นด้วย,เฉยๆ,เห็นด้วย,เห็นด้วย,เห็นด้วย,เห็นด้วย,เห็นด้วย,เห็นด้วยที่สุด,เห็นด้วยที่สุด,เห็นด้วยที่สุด,เห็นด้วย,เห็นด้วย,ไม่เห็นด้วย,ไม่เห็นด้วย,ไม่เห็นด้วย,ไม่เห็นด้วย,ไม่เห็นด้วย,ไม่เห็นด้วย,ไม่เห็นด้วย,ไม่เห็นด้วย,ไม่เห็นด้วย,ไม่เห็นด้วย,เห็นด้วย,เห็นด้วย,เห็นด้วย,เห็นด้วย,เห็นด้วย,เฉยๆ,เฉยๆ,เฉยๆ,เฉยๆ,เฉยๆ,เฉยๆ,เฉยๆ,เฉยๆ,เฉยๆ,เฉยๆ,ไม่เห็นด้วยเลย,ไม่เห็นด้วยเลย,ไม่เห็นด้วยเลย,ไม่เห็นด้วยเลย,ไม่เห็นด้วยเลย,ไม่เห็นด้วยเลย,ไม่เห็นด้วยเลย,ไม่เห็นด้วยเลย,ไม่เห็นด้วยเลย,ไม่เห็นด้วยเลย,"Option 2, Option 3, Option 6",50ปี ขึ้นไป,หญิง,หย่าร้าง/เป็นม่าย
6/27/2024 8:10:45,เคย,ครอบครัว,ไทย,วิสกัสรสปลาทูน่า,มากที่สุด,มากที่สุด,มากที่สุด,มากที่สุด,มากที่สุด,ไม่มีผล,ได้ทั้งสองแบบ หากถูกใจ,มาก,มาก,มากที่สุด,มาก,มากที่สุด,มากที่สุด,มากที่สุด,มากที่สุด,วิสกัสเพราะคุ้นชินและเห็นบ่อยที่สุด,เปอร์เซ็นของความเค็ม,เฉยๆ,เห็นด้วย,เฉยๆ,ไม่เห็นด้วย,ไม่เห็นด้วย,เฉยๆ,เฉยๆ,เฉยๆ,เฉยๆ,เฉยๆ,เห็นด้วย,เห็นด้วย,เห็นด้วย,เห็นด้วย,เห็นด้วย,เห็นด้วย,เห็นด้วย,เห็นด้วย,เห็นด้วย,เห็นด้วย,เห็นด้วย,เห็นด้วย,เห็นด้วย,เห็นด้วย,เห็นด้วย,เห็นด้วย,เห็นด้วย,เห็นด้วย,เห็นด้วย,เห็นด้วย,เห็นด้วย,เห็นด้วย,เห็นด้วย,เห็นด้วย,เห็นด้วย,เห็นด้วย,เห็นด้วย,เห็นด้วย,เห็นด้วย,เห็นด้วย,เห็นด้วย,เห็นด้วย,เห็นด้วย,เห็นด้วย,เห็นด้วย,เห็นด้วย,เห็นด้วย,เห็นด้วย,เห็นด้วย,เห็นด้วย,"Option 3, Option 6, Option 10",20-29ปี,หญิง,มีแฟนแต่ยังไม่แต่งงาน
6/27/2024 8:45:28,เคย,เหมือนเจ้านายที่ต้องคอยปรนนิบัติ,พันธุ์ผสม,ยูโอ,มาก,มาก,มาก,มาก,มาก,มีผล,ได้ทั้งสองแบบ หากถูกใจ,มาก,มาก,มาก,มาก,มาก,มาก,มาก,มาก,ยูโอ เพราะซื้ออยู่แบรนด์เดียว,,เฉยๆ,เฉยๆ,เฉยๆ,เฉยๆ,เฉยๆ,เฉยๆ,เฉยๆ,เฉยๆ,เฉยๆ,เฉยๆ,เฉยๆ,เฉยๆ,เฉยๆ,เฉยๆ,เฉยๆ,เฉยๆ,เฉยๆ,เฉยๆ,เฉยๆ,เฉยๆ,เห็นด้วย,เห็นด้วย,เห็นด้วย,เห็นด้วย,เห็นด้วย,เฉยๆ,เฉยๆ,เฉยๆ,เฉยๆ,เฉยๆ,เฉยๆ,เฉยๆ,เฉยๆ,เฉยๆ,เฉยๆ,เฉยๆ,เฉยๆ,เฉยๆ,เฉยๆ,เฉยๆ,เฉยๆ,เฉยๆ,เฉยๆ,เฉยๆ,เฉยๆ,ไม่เห็นด้วย,ไม่เห็นด้วย,ไม่เห็นด้วย,ไม่เห็นด้วย,ไม่เห็นด้วย,"Option 2, Option 3, Option 5",30-39ปี,หญิง,โสด ไม่มีแฟน
6/27/2024 8:55:19,เคย,เป็นเพื่อน,แมวไทย,เบทราโกร,มาก,ปานกลาง,มาก,น้อย,ปานกลาง,ไม่มีผล,ได้ทั้งสองแบบ หากถูกใจ,ปานกลาง,ปานกลาง,มากที่สุด,มากที่สุด,มาก,มาก,มาก,ปานกลาง,เบทราโกร บรรจุภัณฑ์ บงบอกลักษณะอาหาร อื่นๆ,,เห็นด้วย,เห็นด้วยที่สุด,เห็นด้วย,เฉยๆ,เฉยๆ,เฉยๆ,เฉยๆ,เฉยๆ,เฉยๆ,เฉยๆ,เห็นด้วยที่สุด,เห็นด้วย,เห็นด้วย,เห็นด้วย,เห็นด้วย,เห็นด้วย,เห็นด้วย,เห็นด้วย,เฉยๆ,เฉยๆ,เห็นด้วย,เฉยๆ,เฉยๆ,เฉยๆ,เฉยๆ,เห็นด้วยที่สุด,เห็นด้วยที่สุด,เห็นด้วย,เห็นด้วย,เห็นด้วย,เห็นด้วย,เฉยๆ,เห็นด้วย,เห็นด้วย,เฉยๆ,เฉยๆ,เฉยๆ,เฉยๆ,เฉยๆ,เฉยๆ,เฉยๆ,เฉยๆ,เฉยๆ,เฉยๆ,เฉยๆ,เฉยๆ,เห็นด้วย,เฉยๆ,เฉยๆ,เฉยๆ,"Option 3, Option 5, Option 6",30-39ปี,หญิง,โสด ไม่มีแฟน
6/27/2024 9:40:06,ไม่เคย,,,,,,,,,,,,,,,,,,,,,,,,,,,,,,,,,,,,,,,,,,,,,,,,,,,,,,,,,,,,,,,,,,,,,,,,,,
6/27/2024 10:14:39,เคย,เป็นลูก,ScottishFold,King Cat,มากที่สุด,มาก,มากที่สุด,มาก,มากที่สุด,มีผล,ได้ทั้งสองแบบ หากถูกใจ,มากที่สุด,มากที่สุด,มาก,มาก,มาก,มาก,มากที่สุด,มาก,Buzz เพราะภาพบนบรรจุภัณฑ์น่าดึงดูด,ภาพการ์ตูน,เฉยๆ,เห็นด้วย,เฉยๆ,เฉยๆ,เฉยๆ,เห็นด้วย,เห็นด้วย,เห็นด้วย,เห็นด้วย,เฉยๆ,เห็นด้วยที่สุด,เห็นด้วยที่สุด,เห็นด้วยที่สุด,เห็นด้วย,เห็นด้วยที่สุด,เห็นด้วย,เห็นด้วย,เฉยๆ,เฉยๆ,เฉยๆ,เห็นด้วย,เห็นด้วย,เฉยๆ,เฉยๆ,เฉยๆ,เห็นด้วย,เห็นด้วย,เห็นด้วย,เห็นด้วย,เห็นด้วย,เห็นด้วยที่สุด,เห็นด้วยที่สุด,เห็นด้วยที่สุด,เห็นด้วยที่สุด,เห็นด้วยที่สุด,เห็นด้วย,เฉยๆ,เฉยๆ,เฉยๆ,เฉยๆ,เฉยๆ,เห็นด้วย,เฉยๆ,เฉยๆ,เฉยๆ,เฉยๆ,เห็นด้วย,เห็นด้วย,เฉยๆ,เฉยๆ,"Option 2, Option 6, Option 7",30-39ปี,หญิง,มีแฟนแต่ยังไม่แต่งงาน
6/27/2024 11:03:03,ไม่เคย,,,,,,,,,,,,,,,,,,,,,,,,,,,,,,,,,,,,,,,,,,,,,,,,,,,,,,,,,,,,,,,,,,,,,,,,,,
6/27/2024 11:49:47,เคย,ลูกในไส้,อเมริกันช็อตแฮร์,Purino Neo,มาก,มาก,มาก,ปานกลาง,มาก,มีผล,ได้ทั้งสองแบบ หากถูกใจ,มาก,ปานกลาง,มาก,มาก,ปานกลาง,ปานกลาง,มาก,ปานกลาง,King Cat เรียบๆคลีน สบายตา อ่านรายละเอียดได้ชัดเจน,Product RTB  สั้นๆ กระชับ เข้าใจง่าย,เฉยๆ,เห็นด้วย,เฉยๆ,เฉยๆ,เฉยๆ,เห็นด้วย,เห็นด้วย,เห็นด้วย,เห็นด้วย,เห็นด้วย,เห็นด้วย,เห็นด้วย,เห็นด้วย,เห็นด้วย,เห็นด้วย,เฉยๆ,เห็นด้วย,เห็นด้วย,เห็นด้วย,เฉยๆ,เฉยๆ,เห็นด้วยที่สุด,เห็นด้วย,เห็นด้วย,เฉยๆ,เฉยๆ,เห็นด้วย,เฉยๆ,เฉยๆ,เฉยๆ,เห็นด้วย,เห็นด้วยที่สุด,เห็นด้วย,เห็นด้วย,เฉยๆ,เห็นด้วย,เห็นด้วยที่สุด,เห็นด้วย,เห็นด้วย,เฉยๆ,เฉยๆ,เห็นด้วย,เห็นด้วย,เฉยๆ,เฉยๆ,เฉยๆ,เห็นด้วย,เฉยๆ,เฉยๆ,เฉยๆ,"Option 3, Option 4, Option 7",20-29ปี,หญิง,โสด ไม่มีแฟน
6/27/2024 11:52:24,เคย,เป็นเหมือนลูกของเรา,แมวไทย,วิสกัส,มากที่สุด,มาก,มากที่สุด,มาก,มากที่สุด,ไม่มีผล,ได้ทั้งสองแบบ หากถูกใจ,มาก,มากที่สุด,มากที่สุด,มากที่สุด,มากที่สุด,มาก,มากที่สุด,มากที่สุด,วิสกัส เพราะเป็นแบรนด์ที่ติดหู เห็นโฆษณาบ่อยๆ,,เห็นด้วยที่สุด,เห็นด้วยที่สุด,เห็นด้วยที่สุด,เห็นด้วยที่สุด,เห็นด้วยที่สุด,เห็นด้วย,เห็นด้วย,เฉยๆ,เห็นด้วยที่สุด,เห็นด้วย,เห็นด้วยที่สุด,เห็นด้วยที่สุด,เห็นด้วยที่สุด,เห็นด้วยที่สุด,เห็นด้วยที่สุด,เห็นด้วยที่สุด,เห็นด้วยที่สุด,เห็นด้วยที่สุด,เห็นด้วยที่สุด,เห็นด้วยที่สุด,เห็นด้วยที่สุด,เห็นด้วยที่สุด,เห็นด้วยที่สุด,เห็นด้วยที่สุด,เห็นด้วยที่สุด,เฉยๆ,เฉยๆ,เฉยๆ,เฉยๆ,เฉยๆ,เฉยๆ,เฉยๆ,เฉยๆ,เฉยๆ,เฉยๆ,เห็นด้วยที่สุด,เห็นด้วยที่สุด,เห็นด้วยที่สุด,เห็นด้วยที่สุด,เห็นด้วยที่สุด,เห็นด้วยที่สุด,เห็นด้วยที่สุด,เห็นด้วยที่สุด,เห็นด้วยที่สุด,เห็นด้วยที่สุด,ไม่เห็นด้วย,ไม่เห็นด้วย,ไม่เห็นด้วย,ไม่เห็นด้วย,ไม่เห็นด้วย,"Option 1, Option 3, Option 4",20-29ปี,หญิง,แต่งงานแล้ว
6/27/2024 11:56:44,ไม่เคย,,,,,,,,,,,,,,,,,,,,,,,,,,,,,,,,,,,,,,,,,,,,,,,,,,,,,,,,,,,,,,,,,,,,,,,,,,
6/27/2024 11:57:29,เคย,เป็นเจ้านายของเรา เป็นลูกของเรา เขาอยากได้อะไรก็ต้องหาซื้อมาให้ เทเปียกให้แล้วก็ข่วนเรา เราก็รักเหมือนเดิม เพราะเขาเติมเต็มความสุขด้วยความน่ารัก ขี้อ้อนของเขา (ขี้อ้อนในบางวัน) เวลาหอมแมวเหมือนได้เติมเอนเนอจี้ความสุข,แมวพันธุ์จร จรจัส,"YouO Gold, MEKKO",มาก,ปานกลาง,มากที่สุด,ปานกลาง,มากที่สุด,ไม่มีผล,ได้ทั้งสองแบบ หากถูกใจ,มาก,มากที่สุด,ปานกลาง,มากที่สุด,น้อยที่สุด,ปานกลาง,มาก,ปานกลาง,แคทิว่า เพราะมีภูเขาใหญ่ดี สะดุดตา เหมือนไม่ใช่อาหารแมว // Petheria เพราะหน้าแมวน่ารัก,เพิ่มของเล่นแมว,ไม่เห็นด้วยเลย,เห็นด้วย,ไม่เห็นด้วย,ไม่เห็นด้วยเลย,ไม่เห็นด้วยเลย,เฉยๆ,เห็นด้วย,เฉยๆ,ไม่เห็นด้วยเลย,ไม่เห็นด้วยเลย,เห็นด้วย,เห็นด้วยที่สุด,เฉยๆ,เห็นด้วย,เห็นด้วย,เห็นด้วยที่สุด,เห็นด้วยที่สุด,เห็นด้วย,เห็นด้วย,เห็นด้วยที่สุด,เฉยๆ,เฉยๆ,ไม่เห็นด้วยเลย,เฉยๆ,ไม่เห็นด้วยเลย,ไม่เห็นด้วย,เฉยๆ,เฉยๆ,ไม่เห็นด้วย,ไม่เห็นด้วยเลย,ไม่เห็นด้วยเลย,ไม่เห็นด้วยเลย,ไม่เห็นด้วยเลย,ไม่เห็นด้วยเลย,ไม่เห็นด้วยเลย,เห็นด้วย,เห็นด้วย,เห็นด้วย,เห็นด้วยที่สุด,เห็นด้วยที่สุด,ไม่เห็นด้วยเลย,ไม่เห็นด้วยเลย,ไม่เห็นด้วยเลย,ไม่เห็นด้วยเลย,ไม่เห็นด้วยเลย,เฉยๆ,เฉยๆ,ไม่เห็นด้วย,ไม่เห็นด้วย,ไม่เห็นด้วยเลย,"Option 3, Option 4, Option 8",20-29ปี,หญิง,โสด ไม่มีแฟน
6/27/2024 12:00:30,เคย,เพื่อนผู้น่ารัก,สามสีกับลายปลานิล,วิสกัต,มาก,น้อย,มากที่สุด,น้อย,ปานกลาง,ไม่มีผล,ภาพแมวจริง หรือแมวสมจริง (AI),น้อย,ปานกลาง,มาก,ปานกลาง,ปานกลาง,ปานกลาง,มาก,มาก,ไม่มีในใจนะครับ แต่ลองซื้อมาแล้วแมวกินหมดก็จำยี่ห้อนั้นไว้,,เฉยๆ,เฉยๆ,เฉยๆ,เฉยๆ,เฉยๆ,เห็นด้วย,เห็นด้วย,เฉยๆ,เฉยๆ,เห็นด้วย,เฉยๆ,เห็นด้วย,ไม่เห็นด้วย,เห็นด้วย,เฉยๆ,เฉยๆ,เฉยๆ,ไม่เห็นด้วย,เฉยๆ,ไม่เห็นด้วย,เห็นด้วย,เห็นด้วย,เห็นด้วย,เห็นด้วย,เห็นด้วย,เห็นด้วย,เห็นด้วย,เฉยๆ,เห็นด้วย,เห็นด้วย,เฉยๆ,เฉยๆ,ไม่เห็นด้วย,เฉยๆ,ไม่เห็นด้วย,ไม่เห็นด้วย,เห็นด้วย,ไม่เห็นด้วย,เฉยๆ,ไม่เห็นด้วย,เฉยๆ,ไม่เห็นด้วย,เห็นด้วย,เห็นด้วย,เฉยๆ,เฉยๆ,เห็นด้วย,เฉยๆ,เฉยๆ,ไม่เห็นด้วย,"Option 2, Option 5, Option 6",30-39ปี,ชาย,โสด ไม่มีแฟน
6/27/2024 12:02:35,เคย,เป็นทุกอย่าง ที่ทำให้รู้สึกดีต่อใจ,ธรรมดา,พาแมวไปเลือกที่ร้าน,มาก,ปานกลาง,มาก,ปานกลาง,มากที่สุด,มีผล,ได้ทั้งสองแบบ หากถูกใจ,มาก,มาก,มาก,มาก,มากที่สุด,ปานกลาง,มากที่สุด,ปานกลาง,ไม่เจาะจง,ไม่มีความเห็น,ไม่เห็นด้วย,ไม่เห็นด้วย,ไม่เห็นด้วย,ไม่เห็นด้วย,ไม่เห็นด้วย,เห็นด้วย,เห็นด้วยที่สุด,เห็นด้วย,เห็นด้วย,เห็นด้วย,เห็นด้วย,เห็นด้วย,เห็นด้วยที่สุด,เห็นด้วย,เห็นด้วยที่สุด,เห็นด้วย,เห็นด้วย,เห็นด้วย,เห็นด้วย,เห็นด้วย,เฉยๆ,เฉยๆ,เฉยๆ,ไม่เห็นด้วย,ไม่เห็นด้วยเลย,ไม่เห็นด้วยเลย,ไม่เห็นด้วยเลย,ไม่เห็นด้วยเลย,ไม่เห็นด้วยเลย,ไม่เห็นด้วยเลย,เฉยๆ,ไม่เห็นด้วย,ไม่เห็นด้วย,ไม่เห็นด้วยเลย,ไม่เห็นด้วย,ไม่เห็นด้วย,ไม่เห็นด้วย,ไม่เห็นด้วย,ไม่เห็นด้วยเลย,ไม่เห็นด้วย,ไม่เห็นด้วย,ไม่เห็นด้วย,ไม่เห็นด้วย,ไม่เห็นด้วยเลย,ไม่เห็นด้วย,ไม่เห็นด้วยเลย,ไม่เห็นด้วยเลย,ไม่เห็นด้วยเลย,ไม่เห็นด้วยเลย,ไม่เห็นด้วยเลย,"Option 2, Option 3, Option 4",30-39ปี,ชาย,โสด ไม่มีแฟน
6/27/2024 12:03:18,เคย,เหมือนลูก เหมือนเพื่อน ชอบคุยกับแมวค่ะ ,แมววัด แมวสามสี แมวสลิด,เคยซื้อยี่ห้อ วิสกัส อาหารเปียก ยูโอ,มาก,ปานกลาง,มากที่สุด,มาก,มาก,มีผล,ได้ทั้งสองแบบ หากถูกใจ,มาก,มากที่สุด,มาก,ปานกลาง,มาก,มาก,มาก,ปานกลาง,วิสกัส ยูโอ,ไม่มีค่า,เฉยๆ,เห็นด้วย,เฉยๆ,เฉยๆ,เฉยๆ,เห็นด้วย,เห็นด้วยที่สุด,เฉยๆ,เฉยๆ,เห็นด้วย,เห็นด้วยที่สุด,เห็นด้วย,เห็นด้วย,เฉยๆ,เห็นด้วย,เห็นด้วย,เห็นด้วย,เฉยๆ,เห็นด้วย,เห็นด้วย,ไม่เห็นด้วย,เฉยๆ,เฉยๆ,เฉยๆ,เฉยๆ,เฉยๆ,เฉยๆ,เห็นด้วย,เห็นด้วย,เฉยๆ,เฉยๆ,เห็นด้วย,เฉยๆ,เห็นด้วย,เฉยๆ,เฉยๆ,เห็นด้วย,เฉยๆ,เฉยๆ,เฉยๆ,ไม่เห็นด้วย,เฉยๆ,ไม่เห็นด้วย,เฉยๆ,ไม่เห็นด้วย,ไม่เห็นด้วย,ไม่เห็นด้วย,ไม่เห็นด้วย,เฉยๆ,ไม่เห็นด้วย,"Option 2, Option 3, Option 4",30-39ปี,หญิง,โสด ไม่มีแฟน
6/27/2024 12:08:11,เคย,ลูก,พันธุ์สลิดข้างทาง และอีกบ้านอเมริกันช็อตแฮร์,พูริโน่ฟริสกี้ รสอาหารทะเลถุงฟ้า (ตอนนี้ไม่ได้เลี้ยงแล้ว),มาก,ปานกลาง,มากที่สุด,ปานกลาง,มาก,ไม่มีผล,ภาพแมวจริง หรือแมวสมจริง (AI),ปานกลาง,มาก,ปานกลาง,ปานกลาง,ปานกลาง,ปานกลาง,มาก,ปานกลาง,วิสกัส เพราะสีม่วงโดดเด่น พูริโน่สีเขียวพรีเมียม,ให้ถุงมีส่วนใส จะเห็นว่าผลิตภัณฑ์ข้างในแตก หัก เก่า สีเปลี่ยนหรือเปล่า,ไม่เห็นด้วย,เห็นด้วย,ไม่เห็นด้วย,ไม่เห็นด้วย,ไม่เห็นด้วยเลย,เห็นด้วย,เฉยๆ,ไม่เห็นด้วย,ไม่เห็นด้วย,ไม่เห็นด้วย,เฉยๆ,เห็นด้วย,เฉยๆ,ไม่เห็นด้วย,เฉยๆ,เฉยๆ,เห็นด้วย,เฉยๆ,เฉยๆ,เฉยๆ,เฉยๆ,เห็นด้วย,เห็นด้วย,เฉยๆ,เฉยๆ,เฉยๆ,เห็นด้วย,เฉยๆ,เฉยๆ,เฉยๆ,ไม่เห็นด้วย,เฉยๆ,ไม่เห็นด้วย,ไม่เห็นด้วย,ไม่เห็นด้วย,เฉยๆ,เห็นด้วย,เฉยๆ,เฉยๆ,เฉยๆ,เฉยๆ,เห็นด้วย,เฉยๆ,เฉยๆ,เฉยๆ,เฉยๆ,เห็นด้วย,เห็นด้วย,เฉยๆ,เฉยๆ,"Option 3, Option 4, Option 10",40-49ปี,ชาย,มีแฟนแต่ยังไม่แต่งงาน
6/27/2024 12:17:19,เคย,ลูก,แมวไทย,วิสกัส,มาก,ปานกลาง,มากที่สุด,มาก,มาก,มีผล,ภาพแมวจริง หรือแมวสมจริง (AI),มาก,มากที่สุด,มากที่สุด,มากที่สุด,มากที่สุด,ปานกลาง,มากที่สุด,มาก,วิสกัส,,เห็นด้วย,เห็นด้วยที่สุด,เฉยๆ,เห็นด้วย,เห็นด้วย,เฉยๆ,เฉยๆ,เฉยๆ,ไม่เห็นด้วย,ไม่เห็นด้วย,เห็นด้วย,เฉยๆ,เห็นด้วย,เฉยๆ,เฉยๆ,เห็นด้วย,เห็นด้วยที่สุด,เห็นด้วย,เห็นด้วย,เห็นด้วย,เฉยๆ,เฉยๆ,เฉยๆ,เฉยๆ,เฉยๆ,เฉยๆ,เฉยๆ,ไม่เห็นด้วย,เฉยๆ,ไม่เห็นด้วย,ไม่เห็นด้วย,เฉยๆ,ไม่เห็นด้วย,ไม่เห็นด้วย,ไม่เห็นด้วย,ไม่เห็นด้วย,เฉยๆ,เฉยๆ,เฉยๆ,ไม่เห็นด้วย,เฉยๆ,เฉยๆ,ไม่เห็นด้วย,เฉยๆ,เฉยๆ,ไม่เห็นด้วย,ไม่เห็นด้วย,ไม่เห็นด้วย,ไม่เห็นด้วย,ไม่เห็นด้วย,"Option 1, Option 3, Option 4",30-39ปี,หญิง,โสด ไม่มีแฟน
6/27/2024 12:19:10,เคย,ลูก,ไทย,King Cat,มาก,น้อย,มาก,น้อย,ปานกลาง,ไม่มีผล,ได้ทั้งสองแบบ หากถูกใจ,น้อย,น้อย,มากที่สุด,ปานกลาง,ปานกลาง,น้อย,มากที่สุด,มากที่สุด,วิสกัส,คุณสมบัติ เช่น ลดก้อนขน ลดขนหลุดร่วง ฟันแข็งแรง,เห็นด้วย,เห็นด้วย,เฉยๆ,เฉยๆ,เฉยๆ,เฉยๆ,เห็นด้วย,เฉยๆ,เฉยๆ,เฉยๆ,เห็นด้วย,เห็นด้วยที่สุด,เห็นด้วย,เห็นด้วย,เห็นด้วย,เฉยๆ,เฉยๆ,เฉยๆ,เฉยๆ,เฉยๆ,เห็นด้วย,เห็นด้วย,เฉยๆ,เฉยๆ,เฉยๆ,เฉยๆ,เฉยๆ,เฉยๆ,เฉยๆ,เฉยๆ,เฉยๆ,เฉยๆ,เฉยๆ,เฉยๆ,เฉยๆ,เห็นด้วย,เห็นด้วย,เฉยๆ,เฉยๆ,เฉยๆ,เฉยๆ,เฉยๆ,เฉยๆ,เฉยๆ,เฉยๆ,เฉยๆ,เฉยๆ,เฉยๆ,เฉยๆ,เฉยๆ,"Option 3, Option 4, Option 5",30-39ปี,หญิง,มีแฟนแต่ยังไม่แต่งงาน
6/27/2024 12:37:30,เคย,เพื่อนคลายเหงา,วิเชียร์มาศ (แมวจร),Kativa,มาก,ปานกลาง,มากที่สุด,ปานกลาง,มาก,มีผล,ได้ทั้งสองแบบ หากถูกใจ,ปานกลาง,ปานกลาง,ปานกลาง,ปานกลาง,ปานกลาง,ปานกลาง,มาก,มาก,Katival เพราะแพคเกจดูมีสีสันและน่าจะมีประโยชน์ ,,เฉยๆ,เฉยๆ,เฉยๆ,เฉยๆ,เฉยๆ,เฉยๆ,เฉยๆ,เฉยๆ,เห็นด้วย,เฉยๆ,เห็นด้วย,เห็นด้วย,เห็นด้วย,เห็นด้วย,เห็นด้วย,เฉยๆ,เห็นด้วย,เฉยๆ,เห็นด้วย,เฉยๆ,เฉยๆ,เฉยๆ,เฉยๆ,เฉยๆ,เฉยๆ,เห็นด้วย,เห็นด้วย,เห็นด้วย,เห็นด้วย,เห็นด้วย,เฉยๆ,เฉยๆ,เฉยๆ,เห็นด้วย,เฉยๆ,เฉยๆ,เฉยๆ,เฉยๆ,เห็นด้วย,เฉยๆ,เห็นด้วย,เห็นด้วย,เฉยๆ,เห็นด้วยที่สุด,เฉยๆ,เฉยๆ,เฉยๆ,เฉยๆ,เฉยๆ,เฉยๆ,"Option 3, Option 6, Option 9",20-29ปี,หญิง,โสด ไม่มีแฟน
6/27/2024 13:13:32,เคย,เป็นลูกสาว,แมวสามสี,YOU-O ,มาก,ปานกลาง,มากที่สุด,ปานกลาง,มาก,มีผล,ได้ทั้งสองแบบ หากถูกใจ,มาก,ปานกลาง,มากที่สุด,มากที่สุด,มากที่สุด,มาก,มากที่สุด,มาก,วิสกัส เพราะเห็นที่โฆษณาบ่อยและตอนไปเดินเลือกซื้ออาหารแมว,ไม่รู้,เฉยๆ,เห็นด้วย,เฉยๆ,เห็นด้วย,เฉยๆ,เห็นด้วยที่สุด,เห็นด้วยที่สุด,เฉยๆ,เห็นด้วย,เฉยๆ,เห็นด้วยที่สุด,เห็นด้วย,เห็นด้วยที่สุด,เห็นด้วยที่สุด,เห็นด้วยที่สุด,เฉยๆ,เห็นด้วย,เฉยๆ,เห็นด้วย,เฉยๆ,เห็นด้วยที่สุด,เห็นด้วย,เห็นด้วยที่สุด,เห็นด้วยที่สุด,เห็นด้วยที่สุด,เห็นด้วยที่สุด,เห็นด้วยที่สุด,เห็นด้วยที่สุด,เห็นด้วย,เห็นด้วยที่สุด,เห็นด้วย,เห็นด้วย,เห็นด้วย,เห็นด้วย,เห็นด้วย,เห็นด้วย,เฉยๆ,เฉยๆ,เฉยๆ,เฉยๆ,เห็นด้วย,เห็นด้วย,เฉยๆ,เห็นด้วย,เห็นด้วย,เห็นด้วย,เห็นด้วย,เห็นด้วย,เห็นด้วย,เฉยๆ,"Option 3, Option 6, Option 7",30-39ปี,หญิง,โสด ไม่มีแฟน
6/27/2024 13:18:34,เคย,เป็นเหมือนคนในครอบครัว,Domestic short hair,Pateria,มากที่สุด,มาก,มากที่สุด,มาก,มาก,มีผล,ภาพแมวจริง หรือแมวสมจริง (AI),มาก,มากที่สุด,มาก,มาก,มากที่สุด,มาก,มากที่สุด,มากที่สุด,You-O เพราะเป็นที่รู้จัก และเป็นแบรนด์แรกๆที่มีการโฆษณา,ส่วนผสมโปรตีนที่ทำจากวัตถุดิบที่มีประโยชน์ต่อน้องแมวมากขึ้น เช่น ปลาทู ,เห็นด้วย,เห็นด้วยที่สุด,เห็นด้วย,เห็นด้วยที่สุด,เห็นด้วยที่สุด,เห็นด้วยที่สุด,เห็นด้วยที่สุด,เห็นด้วยที่สุด,เห็นด้วย,เห็นด้วย,เห็นด้วยที่สุด,เห็นด้วย,เห็นด้วย,เห็นด้วยที่สุด,เห็นด้วยที่สุด,เห็นด้วย,เห็นด้วย,เห็นด้วยที่สุด,เห็นด้วย,เห็นด้วยที่สุด,เห็นด้วย,เห็นด้วยที่สุด,เห็นด้วยที่สุด,เห็นด้วย,เห็นด้วยที่สุด,เห็นด้วย,เห็นด้วย,เห็นด้วย,เห็นด้วย,เห็นด้วย,เห็นด้วย,เห็นด้วย,เห็นด้วย,เห็นด้วย,เห็นด้วย,เห็นด้วย,เห็นด้วย,เห็นด้วยที่สุด,เห็นด้วย,เห็นด้วยที่สุด,เห็นด้วย,เห็นด้วยที่สุด,เห็นด้วย,เห็นด้วยที่สุด,เห็นด้วยที่สุด,เฉยๆ,เฉยๆ,เห็นด้วย,เฉยๆ,เห็นด้วย,"Option 1, Option 2, Option 3",20-29ปี,อื่นๆ,มีแฟนแต่ยังไม่แต่งงาน
6/27/2024 13:19:15,เคย,เป็นเหมือนลูก และเพื่อนเล่น,เปอร์เซียผสมแมวบ้าน,Purino neo,มาก,น้อยที่สุด,มากที่สุด,น้อยที่สุด,มาก,มีผล,ภาพแมวจริง หรือแมวสมจริง (AI),มาก,ปานกลาง,ปานกลาง,มาก,มาก,ปานกลาง,มาก,ปานกลาง,Purino neo เพราะสีถุงเป็นเอกลักษณ์,,ไม่เห็นด้วยเลย,เฉยๆ,ไม่เห็นด้วย,ไม่เห็นด้วยเลย,ไม่เห็นด้วยเลย,เฉยๆ,เฉยๆ,ไม่เห็นด้วย,เฉยๆ,ไม่เห็นด้วยเลย,เห็นด้วย,เห็นด้วย,เห็นด้วย,เห็นด้วย,เห็นด้วย,เห็นด้วย,เฉยๆ,เฉยๆ,เห็นด้วย,เฉยๆ,เฉยๆ,เห็นด้วย,เห็นด้วย,เห็นด้วย,เห็นด้วย,เห็นด้วย,เห็นด้วย,เฉยๆ,เห็นด้วย,เห็นด้วย,เฉยๆ,เฉยๆ,เฉยๆ,เฉยๆ,เฉยๆ,เห็นด้วย,เห็นด้วย,เห็นด้วย,เห็นด้วย,เห็นด้วย,เห็นด้วย,เฉยๆ,เฉยๆ,เห็นด้วย,เห็นด้วย,เฉยๆ,เห็นด้วย,เฉยๆ,เฉยๆ,เฉยๆ,"Option 3, Option 4, Option 6",20-29ปี,หญิง,มีแฟนแต่ยังไม่แต่งงาน
6/27/2024 13:21:18,เคย,เหมือนลูก เหมือนเพื่อน unconditional love,American shorthair,Purino Neo,มาก,ปานกลาง,มากที่สุด,ปานกลาง,มากที่สุด,ไม่มีผล,ภาพแมวจริง หรือแมวสมจริง (AI),มาก,ปานกลาง,มากที่สุด,มาก,ปานกลาง,มาก,มาก,ปานกลาง,Purino Neo โทนสีเป็นเอกลักษณ์ เห็นแล้วจำได้,,เฉยๆ,เห็นด้วย,เฉยๆ,เฉยๆ,เฉยๆ,เฉยๆ,เฉยๆ,เห็นด้วย,เฉยๆ,เฉยๆ,ไม่เห็นด้วย,เห็นด้วย,ไม่เห็นด้วย,เฉยๆ,ไม่เห็นด้วย,เฉยๆ,เห็นด้วย,เฉยๆ,เฉยๆ,เฉยๆ,เฉยๆ,เฉยๆ,เฉยๆ,เฉยๆ,เฉยๆ,ไม่เห็นด้วย,ไม่เห็นด้วย,ไม่เห็นด้วย,ไม่เห็นด้วย,ไม่เห็นด้วย,ไม่เห็นด้วย,ไม่เห็นด้วย,ไม่เห็นด้วย,ไม่เห็นด้วย,ไม่เห็นด้วย,เฉยๆ,เห็นด้วย,เฉยๆ,เฉยๆ,เฉยๆ,เฉยๆ,เฉยๆ,เฉยๆ,เฉยๆ,เฉยๆ,เฉยๆ,เห็นด้วย,เฉยๆ,เฉยๆ,เฉยๆ,"Option 2, Option 7, Option 9",30-39ปี,หญิง,โสด ไม่มีแฟน
6/27/2024 13:22:28,ไม่เคย,,,,,,,,,,,,,,,,,,,,,,,,,,,,,,,,,,,,,,,,,,,,,,,,,,,,,,,,,,,,,,,,,,,,,,,,,,
6/27/2024 13:24:23,เคย,เป็นลูกค่ะ,พันธ์ไทย,ยูโอ,มากที่สุด,มากที่สุด,มากที่สุด,มากที่สุด,มากที่สุด,ไม่มีผล,ได้ทั้งสองแบบ หากถูกใจ,มากที่สุด,มากที่สุด,มากที่สุด,มากที่สุด,มากที่สุด,มากที่สุด,มากที่สุด,มากที่สุด,ยูโอ,,ไม่เห็นด้วย,เห็นด้วย,เฉยๆ,เห็นด้วย,ไม่เห็นด้วย,เห็นด้วยที่สุด,เห็นด้วยที่สุด,เห็นด้วยที่สุด,เห็นด้วยที่สุด,เห็นด้วยที่สุด,เห็นด้วยที่สุด,เห็นด้วยที่สุด,เห็นด้วยที่สุด,เห็นด้วยที่สุด,เห็นด้วยที่สุด,เห็นด้วยที่สุด,เห็นด้วยที่สุด,เห็นด้วยที่สุด,เห็นด้วยที่สุด,เห็นด้วยที่สุด,เห็นด้วยที่สุด,เห็นด้วยที่สุด,เห็นด้วยที่สุด,เห็นด้วยที่สุด,เห็นด้วยที่สุด,เห็นด้วยที่สุด,เห็นด้วยที่สุด,เห็นด้วยที่สุด,เห็นด้วยที่สุด,เห็นด้วยที่สุด,เห็นด้วยที่สุด,เห็นด้วยที่สุด,เห็นด้วยที่สุด,เห็นด้วยที่สุด,เห็นด้วยที่สุด,เห็นด้วยที่สุด,เห็นด้วยที่สุด,เห็นด้วยที่สุด,เห็นด้วยที่สุด,เห็นด้วยที่สุด,เห็นด้วยที่สุด,เห็นด้วยที่สุด,เห็นด้วยที่สุด,เห็นด้วยที่สุด,เห็นด้วยที่สุด,เห็นด้วยที่สุด,เห็นด้วยที่สุด,เห็นด้วยที่สุด,เห็นด้วยที่สุด,เห็นด้วยที่สุด,"Option 3, Option 5, Option 6",20-29ปี,หญิง,โสด ไม่มีแฟน
6/27/2024 13:25:19,เคย,"everything, unconditional love ❤️ ",DSH,King cat,ปานกลาง,ปานกลาง,มาก,มาก,มากที่สุด,ไม่มีผล,ภาพการ์ตูน หรือลายเส้น,มาก,มาก,มากที่สุด,ปานกลาง,ปานกลาง,มากที่สุด,มากที่สุด,มาก,Buzz,คิดไม่ออก เอาแค่เท่าที่ กม กำหนดก็พอ เยอะเกินรก,เฉยๆ,เห็นด้วย,เฉยๆ,เฉยๆ,ไม่เห็นด้วย,เห็นด้วย,เห็นด้วยที่สุด,เฉยๆ,เฉยๆ,เห็นด้วย,เห็นด้วย,เฉยๆ,เห็นด้วย,เห็นด้วย,เห็นด้วย,เฉยๆ,เฉยๆ,ไม่เห็นด้วย,ไม่เห็นด้วย,ไม่เห็นด้วย,ไม่เห็นด้วยเลย,ไม่เห็นด้วยเลย,ไม่เห็นด้วยเลย,ไม่เห็นด้วยเลย,ไม่เห็นด้วยเลย,ไม่เห็นด้วยเลย,ไม่เห็นด้วยเลย,ไม่เห็นด้วยเลย,ไม่เห็นด้วยเลย,ไม่เห็นด้วยเลย,เฉยๆ,เฉยๆ,เฉยๆ,เห็นด้วย,เฉยๆ,เห็นด้วย,เฉยๆ,เห็นด้วย,เห็นด้วย,เห็นด้วย,ไม่เห็นด้วยเลย,ไม่เห็นด้วยเลย,ไม่เห็นด้วยเลย,ไม่เห็นด้วยเลย,ไม่เห็นด้วยเลย,ไม่เห็นด้วยเลย,ไม่เห็นด้วยเลย,ไม่เห็นด้วยเลย,ไม่เห็นด้วยเลย,ไม่เห็นด้วยเลย,"Option 2, Option 3, Option 8",20-29ปี,หญิง,มีแฟนแต่ยังไม่แต่งงาน
6/27/2024 13:26:36,เคย,สำหรับเราแมวเป็นความสุขและเป็นสิ่งที่อยากทะนุถนอมค่ะ ถึงแม้จะไม่ได้เลี้ยงแมวในบ้านแต่เลี้ยงแมวจรเป็นประจำ พยายามหาสิ่งที่ดีให้แก่น้องๆค่ะ,แมวจรค่ะ,หลากหลายมากค่ะ มีทั้งวิสกัต/ยูโอและ zoi catค่ะ,มากที่สุด,ปานกลาง,มาก,ปานกลาง,มากที่สุด,มีผล,ได้ทั้งสองแบบ หากถูกใจ,มาก,มากที่สุด,มาก,มากที่สุด,มากที่สุด,มาก,มากที่สุด,ปานกลาง,ยูโอค่ะ เพลงสนุกดีค่ะ 😻และเป็นแบรนด์คุ้มเคยมาตลอด,,เห็นด้วย,เห็นด้วย,เห็นด้วย,เห็นด้วย,เห็นด้วย,เห็นด้วย,เห็นด้วย,เห็นด้วย,เห็นด้วยที่สุด,เห็นด้วย,เห็นด้วยที่สุด,เห็นด้วยที่สุด,เห็นด้วยที่สุด,เห็นด้วยที่สุด,เห็นด้วยที่สุด,เห็นด้วยที่สุด,เห็นด้วยที่สุด,เห็นด้วยที่สุด,เห็นด้วยที่สุด,เห็นด้วยที่สุด,เห็นด้วยที่สุด,เห็นด้วยที่สุด,เห็นด้วยที่สุด,เห็นด้วยที่สุด,เห็นด้วยที่สุด,เห็นด้วย,เห็นด้วย,เห็นด้วย,เห็นด้วย,เห็นด้วย,เห็นด้วย,เห็นด้วย,เห็นด้วย,เห็นด้วย,เห็นด้วย,เห็นด้วย,เห็นด้วย,เห็นด้วย,เห็นด้วย,เห็นด้วย,เห็นด้วย,เห็นด้วย,เห็นด้วย,เห็นด้วย,เห็นด้วย,เห็นด้วย,เห็นด้วย,เห็นด้วย,เห็นด้วย,เห็นด้วย,"Option 3, Option 4, Option 5",20-29ปี,หญิง,โสด ไม่มีแฟน
6/27/2024 13:38:57,เคย,เหมือนคนในครอบครัว,American Shorthair,Solid gold,ปานกลาง,ปานกลาง,มากที่สุด,มาก,มาก,ไม่มีผล,ได้ทั้งสองแบบ หากถูกใจ,ปานกลาง,น้อย,น้อย,มากที่สุด,ปานกลาง,มาก,มากที่สุด,ปานกลาง,คิงแคท เพราะติดหู ผ่านตาเยอะ,,เห็นด้วย,เห็นด้วย,เฉยๆ,เฉยๆ,เฉยๆ,เห็นด้วย,เห็นด้วย,เฉยๆ,เฉยๆ,เห็นด้วย,เฉยๆ,เฉยๆ,เฉยๆ,เฉยๆ,เฉยๆ,เห็นด้วย,เห็นด้วย,เฉยๆ,เฉยๆ,เห็นด้วย,เฉยๆ,เฉยๆ,เฉยๆ,เฉยๆ,เฉยๆ,ไม่เห็นด้วย,ไม่เห็นด้วย,ไม่เห็นด้วย,ไม่เห็นด้วย,ไม่เห็นด้วยเลย,เห็นด้วย,เห็นด้วย,เฉยๆ,เฉยๆ,เฉยๆ,ไม่เห็นด้วย,ไม่เห็นด้วย,เฉยๆ,เฉยๆ,เฉยๆ,ไม่เห็นด้วยเลย,ไม่เห็นด้วย,ไม่เห็นด้วยเลย,ไม่เห็นด้วยเลย,ไม่เห็นด้วยเลย,ไม่เห็นด้วย,เห็นด้วย,ไม่เห็นด้วย,ไม่เห็นด้วย,ไม่เห็นด้วย,"Option 2, Option 4, Option 7",20-29ปี,หญิง,มีแฟนแต่ยังไม่แต่งงาน
6/27/2024 13:48:56,เคย,เหมือนเพื่อน ลูก คนในบ้าน คนที่เรารัก กลับบ้านมาจะได้เจอเค้ามานั่งคุยกัน,แมวไทยสีสวาด,Taste of the wild ,มากที่สุด,ปานกลาง,ปานกลาง,มากที่สุด,มากที่สุด,มีผล,ได้ทั้งสองแบบ หากถูกใจ,มากที่สุด,ปานกลาง,ปานกลาง,มากที่สุด,มากที่สุด,มากที่สุด,มากที่สุด,ปานกลาง,Taste of the wild ,ปากถุงแบบซิปล็อก,ไม่เห็นด้วยเลย,เฉยๆ,ไม่เห็นด้วยเลย,ไม่เห็นด้วยเลย,ไม่เห็นด้วยเลย,ไม่เห็นด้วยเลย,เฉยๆ,ไม่เห็นด้วยเลย,ไม่เห็นด้วยเลย,ไม่เห็นด้วยเลย,เฉยๆ,ไม่เห็นด้วยเลย,เห็นด้วย,เฉยๆ,ไม่เห็นด้วยเลย,ไม่เห็นด้วยเลย,ไม่เห็นด้วยเลย,ไม่เห็นด้วย,ไม่เห็นด้วยเลย,ไม่เห็นด้วยเลย,ไม่เห็นด้วยเลย,เฉยๆ,เห็นด้วย,ไม่เห็นด้วยเลย,ไม่เห็นด้วยเลย,ไม่เห็นด้วยเลย,ไม่เห็นด้วยเลย,เฉยๆ,ไม่เห็นด้วยเลย,ไม่เห็นด้วยเลย,เห็นด้วย,เห็นด้วย,เห็นด้วย,เฉยๆ,เฉยๆ,ไม่เห็นด้วยเลย,ไม่เห็นด้วยเลย,เห็นด้วย,เห็นด้วย,ไม่เห็นด้วยเลย,ไม่เห็นด้วยเลย,ไม่เห็นด้วยเลย,ไม่เห็นด้วยเลย,ไม่เห็นด้วยเลย,ไม่เห็นด้วยเลย,ไม่เห็นด้วยเลย,ไม่เห็นด้วย,เห็นด้วย,ไม่เห็นด้วยเลย,ไม่เห็นด้วยเลย,"Option 7, Option 9, Option 10",40-49ปี,ชาย,โสด ไม่มีแฟน
6/27/2024 13:49:07,ไม่เคย,,,,,,,,,,,,,,,,,,,,,,,,,,,,,,,,,,,,,,,,,,,,,,,,,,,,,,,,,,,,,,,,,,,,,,,,,,
6/27/2024 14:02:40,เคย,สมาชิกคนนึงในครอบครัว,อเมริกันช็อตแฮร์ เปอร์เซีย และลูกครึ่งของ 2 พันธุ์นี้ ,"King Cat, purino neo, kaniva, tiffany, Mekko kotten, maxima",มาก,มาก,มากที่สุด,มาก,มาก,มีผล,ภาพแมวจริง หรือแมวสมจริง (AI),มากที่สุด,มาก,มากที่สุด,มากที่สุด,ปานกลาง,มาก,มาก,มาก,purino neo สีชมพู,แมว ขนแมว รูปร่างแมว ภาพส่วนผสม รูปเม็ดอาหาร ,เฉยๆ,เฉยๆ,ไม่เห็นด้วย,ไม่เห็นด้วย,ไม่เห็นด้วย,เห็นด้วย,เห็นด้วย,เฉยๆ,เห็นด้วย,เห็นด้วย,เฉยๆ,เฉยๆ,ไม่เห็นด้วย,ไม่เห็นด้วย,ไม่เห็นด้วยเลย,เฉยๆ,เฉยๆ,ไม่เห็นด้วย,เฉยๆ,ไม่เห็นด้วยเลย,เห็นด้วย,เห็นด้วย,เฉยๆ,เฉยๆ,เห็นด้วย,ไม่เห็นด้วยเลย,ไม่เห็นด้วย,ไม่เห็นด้วยเลย,ไม่เห็นด้วย,ไม่เห็นด้วยเลย,เห็นด้วย,เฉยๆ,เห็นด้วย,เห็นด้วย,ไม่เห็นด้วย,เฉยๆ,ไม่เห็นด้วย,เฉยๆ,เฉยๆ,ไม่เห็นด้วย,เฉยๆ,เฉยๆ,เฉยๆ,ไม่เห็นด้วย,ไม่เห็นด้วย,ไม่เห็นด้วยเลย,ไม่เห็นด้วย,เฉยๆ,ไม่เห็นด้วย,ไม่เห็นด้วยเลย,"Option 2, Option 5, Option 9",40-49ปี,หญิง,แต่งงานแล้ว
6/27/2024 14:04:01,ไม่เคย,,,,,,,,,,,,,,,,,,,,,,,,,,,,,,,,,,,,,,,,,,,,,,,,,,,,,,,,,,,,,,,,,,,,,,,,,,
6/27/2024 14:04:50,เคย,เป็นสมาชิกในครอบครัว,แมวจร,Purino Neo / Kativa ,มากที่สุด,ปานกลาง,มากที่สุด,ปานกลาง,มาก,ไม่มีผล,ภาพแมวจริง หรือแมวสมจริง (AI),มาก,มาก,มากที่สุด,มากที่สุด,มาก,ปานกลาง,มาก,มาก,Solid Gold เพราะสีสันสะดุดตา,แจ้งหน้าซองเลยถึงปริมาณโซเดียม,ไม่เห็นด้วยเลย,ไม่เห็นด้วยเลย,ไม่เห็นด้วยเลย,ไม่เห็นด้วยเลย,ไม่เห็นด้วยเลย,เฉยๆ,เฉยๆ,เฉยๆ,เฉยๆ,เฉยๆ,เห็นด้วย,เห็นด้วย,เห็นด้วย,เห็นด้วย,เห็นด้วย,เห็นด้วย,เห็นด้วย,เห็นด้วย,เห็นด้วย,เห็นด้วย,เฉยๆ,เฉยๆ,เฉยๆ,เฉยๆ,เฉยๆ,เฉยๆ,เฉยๆ,เฉยๆ,เฉยๆ,เฉยๆ,เฉยๆ,เฉยๆ,เฉยๆ,เฉยๆ,เฉยๆ,เฉยๆ,เฉยๆ,เฉยๆ,เฉยๆ,เฉยๆ,ไม่เห็นด้วย,ไม่เห็นด้วย,ไม่เห็นด้วย,ไม่เห็นด้วย,ไม่เห็นด้วย,ไม่เห็นด้วย,ไม่เห็นด้วย,ไม่เห็นด้วย,ไม่เห็นด้วย,ไม่เห็นด้วย,"Option 3, Option 4, Option 5",40-49ปี,หญิง,มีแฟนแต่ยังไม่แต่งงาน
6/27/2024 14:06:54,เคย,เป็นกำลังใจในการใช้ชีวิต,ไทย,แคทิว่า,มาก,ปานกลาง,มากที่สุด,ปานกลาง,มากที่สุด,มีผล,ภาพแมวจริง หรือแมวสมจริง (AI),มากที่สุด,มากที่สุด,มากที่สุด,มากที่สุด,ปานกลาง,ปานกลาง,มาก,ปานกลาง,ยูโอ เพราะสีที่สะดุดตาและเป็นเอกลักษณ์,,เฉยๆ,เห็นด้วยที่สุด,เห็นด้วย,เฉยๆ,ไม่เห็นด้วย,เห็นด้วย,เห็นด้วยที่สุด,เห็นด้วยที่สุด,เห็นด้วย,เห็นด้วย,เห็นด้วย,เห็นด้วยที่สุด,เฉยๆ,เห็นด้วยที่สุด,เห็นด้วย,เฉยๆ,เห็นด้วยที่สุด,เห็นด้วย,เห็นด้วย,เห็นด้วย,เฉยๆ,เห็นด้วยที่สุด,เห็นด้วยที่สุด,เห็นด้วย,เห็นด้วย,ไม่เห็นด้วย,เห็นด้วยที่สุด,เฉยๆ,เห็นด้วย,เฉยๆ,ไม่เห็นด้วย,เห็นด้วย,เฉยๆ,เห็นด้วย,เฉยๆ,เฉยๆ,เห็นด้วยที่สุด,เฉยๆ,เห็นด้วย,เฉยๆ,เห็นด้วย,เห็นด้วยที่สุด,เฉยๆ,เห็นด้วย,เห็นด้วย,เห็นด้วย,เห็นด้วยที่สุด,เห็นด้วยที่สุด,เห็นด้วยที่สุด,เห็นด้วย,"Option 2, Option 5, Option 10",30-39ปี,หญิง,โสด ไม่มีแฟน
6/27/2024 14:13:15,เคย,ครอบครัว,แมวจร,King cat,มาก,ปานกลาง,ปานกลาง,ปานกลาง,มาก,ไม่มีผล,ได้ทั้งสองแบบ หากถูกใจ,ปานกลาง,ปานกลาง,มาก,ปานกลาง,ปานกลาง,มาก,มาก,มากที่สุด,King cat เห็นทั่วไป,,เฉยๆ,เห็นด้วย,เฉยๆ,เห็นด้วย,เฉยๆ,เฉยๆ,เฉยๆ,เฉยๆ,เฉยๆ,เฉยๆ,ไม่เห็นด้วย,เห็นด้วย,ไม่เห็นด้วย,เฉยๆ,ไม่เห็นด้วย,ไม่เห็นด้วย,ไม่เห็นด้วย,ไม่เห็นด้วย,ไม่เห็นด้วย,ไม่เห็นด้วย,ไม่เห็นด้วย,ไม่เห็นด้วย,ไม่เห็นด้วย,ไม่เห็นด้วย,ไม่เห็นด้วย,ไม่เห็นด้วย,ไม่เห็นด้วย,ไม่เห็นด้วย,ไม่เห็นด้วย,ไม่เห็นด้วย,ไม่เห็นด้วย,ไม่เห็นด้วย,ไม่เห็นด้วย,ไม่เห็นด้วย,ไม่เห็นด้วย,เฉยๆ,เฉยๆ,เฉยๆ,เฉยๆ,เฉยๆ,เฉยๆ,เฉยๆ,เฉยๆ,เฉยๆ,เฉยๆ,ไม่เห็นด้วย,ไม่เห็นด้วย,ไม่เห็นด้วย,ไม่เห็นด้วย,ไม่เห็นด้วย,"Option 1, Option 2, Option 8",40-49ปี,หญิง,แต่งงานแล้ว
6/27/2024 14:20:16,ไม่เคย,,,,,,,,,,,,,,,,,,,,,,,,,,,,,,,,,,,,,,,,,,,,,,,,,,,,,,,,,,,,,,,,,,,,,,,,,,
6/27/2024 14:31:29,เคย,ลูกของเรา,american shorthair เปอร์เซีย,king cat แคทิว่า  purino,มากที่สุด,น้อยที่สุด,มากที่สุด,น้อยที่สุด,มาก,มีผล,ได้ทั้งสองแบบ หากถูกใจ,มาก,มาก,มาก,มาก,มาก,ปานกลาง,มาก,มาก,King cat,ขอความภาษาไทย เป็นfontน่ารักๆ ว่าช่วยเรื่องสรรพคุณเรื่องใด,ไม่เห็นด้วย,เฉยๆ,เฉยๆ,เฉยๆ,เฉยๆ,เฉยๆ,เฉยๆ,เฉยๆ,เฉยๆ,เฉยๆ,เฉยๆ,เห็นด้วย,เฉยๆ,เฉยๆ,เฉยๆ,เฉยๆ,เฉยๆ,เฉยๆ,เฉยๆ,เฉยๆ,เฉยๆ,เฉยๆ,เฉยๆ,เฉยๆ,เฉยๆ,เฉยๆ,เฉยๆ,เฉยๆ,เฉยๆ,เฉยๆ,เฉยๆ,เฉยๆ,เฉยๆ,เฉยๆ,เฉยๆ,เฉยๆ,เฉยๆ,เฉยๆ,เฉยๆ,เฉยๆ,เห็นด้วย,เฉยๆ,เฉยๆ,เฉยๆ,เฉยๆ,เฉยๆ,เฉยๆ,เฉยๆ,เฉยๆ,เฉยๆ,"Option 3, Option 5, Option 9",40-49ปี,หญิง,แต่งงานแล้ว
6/27/2024 14:31:49,เคย,เป็นน้องที่เราต้องดูแล,แมวไทย,SmartBrain  gold สำหรับแมว,ปานกลาง,น้อย,มากที่สุด,น้อยที่สุด,ปานกลาง,มีผล,ได้ทั้งสองแบบ หากถูกใจ,มาก,มาก,น้อย,น้อยที่สุด,น้อยที่สุด,น้อยที่สุด,มาก,ปานกลาง,คิดถึง Kativa จำสี branding ได้ชัด + โทนสีหน้าตาห่อ (ถึงจะไม่เคยซื้อ) เพราะเห็น Online Ads บ่อย ทั้งผ่าน Influ (ชิเอลแมวมึน) และเพลงโฆษณาติดหูมากเลยยิ่งโฟกัสจำแบรนด์นี้ได้,"ส่วนตัวชอบความมีซิปล็อค สามารถเปิดถุงและปิดเก็บได้สะดวก เพราะปกติไม่ได้ถ่ายใส่กล่องแยก
อย่างยี่ห้อนี้ (SmartBrain gold) รู้จักเพราะ Influ แมวที่ตามเป็นพรีเซนเตอร์ (Malon family) เลยลองซื้อมา แล้วรุ่นที่เค้าเป็นโปรโมชันกับทาง Influ ก็เป็นรุ่นมีซิปล็อค พอใช้ก็ถูกใจ เพราะมันสะดวกมาก แถมแมวก็ดูชอบกินด้วย",ไม่เห็นด้วยเลย,เห็นด้วยที่สุด,ไม่เห็นด้วยเลย,ไม่เห็นด้วยเลย,ไม่เห็นด้วยเลย,ไม่เห็นด้วยเลย,เห็นด้วย,ไม่เห็นด้วย,เฉยๆ,ไม่เห็นด้วยเลย,เห็นด้วย,เห็นด้วยที่สุด,ไม่เห็นด้วย,เฉยๆ,เฉยๆ,เฉยๆ,เห็นด้วยที่สุด,ไม่เห็นด้วยเลย,เฉยๆ,ไม่เห็นด้วยเลย,ไม่เห็นด้วยเลย,เห็นด้วยที่สุด,ไม่เห็นด้วยเลย,ไม่เห็นด้วยเลย,ไม่เห็นด้วยเลย,ไม่เห็นด้วยเลย,เห็นด้วยที่สุด,ไม่เห็นด้วยเลย,ไม่เห็นด้วยเลย,ไม่เห็นด้วยเลย,ไม่เห็นด้วยเลย,เห็นด้วยที่สุด,ไม่เห็นด้วยเลย,ไม่เห็นด้วยเลย,ไม่เห็นด้วยเลย,เฉยๆ,เห็นด้วยที่สุด,ไม่เห็นด้วย,ไม่เห็นด้วยเลย,ไม่เห็นด้วยเลย,ไม่เห็นด้วยเลย,เห็นด้วยที่สุด,ไม่เห็นด้วยเลย,เห็นด้วย,ไม่เห็นด้วยเลย,ไม่เห็นด้วยเลย,เห็นด้วยที่สุด,ไม่เห็นด้วยเลย,ไม่เห็นด้วยเลย,ไม่เห็นด้วยเลย,"Option 3, Option 4, Option 8",20-29ปี,หญิง,โสด ไม่มีแฟน
6/27/2024 14:45:50,เคย,เป็นลูกๆ,วิเชียรมาศ แมวจร,"Solid gold , taste of the wild ",มากที่สุด,ปานกลาง,ปานกลาง,มาก,มากที่สุด,มีผล,ได้ทั้งสองแบบ หากถูกใจ,มากที่สุด,มากที่สุด,มากที่สุด,มากที่สุด,ปานกลาง,มากที่สุด,มาก,มากที่สุด,Taste of the Wild ดูสุขภาพดี,ขนาดการกินต่อวันที่จะไม่ส่งผลต้อ ตับหรือ ไต หรือ ค่าโปรตีน จริงๆหลังจากหักน้ำออกไป,เฉยๆ,เห็นด้วย,เฉยๆ,เฉยๆ,เฉยๆ,เห็นด้วย,เห็นด้วย,เห็นด้วย,เห็นด้วย,เห็นด้วย,เห็นด้วย,เห็นด้วย,เห็นด้วย,เห็นด้วย,เห็นด้วย,เห็นด้วย,เห็นด้วย,เห็นด้วย,เห็นด้วย,เห็นด้วย,เห็นด้วย,เห็นด้วย,เห็นด้วย,เห็นด้วย,เห็นด้วย,เห็นด้วยที่สุด,เห็นด้วยที่สุด,เห็นด้วยที่สุด,เห็นด้วยที่สุด,เห็นด้วยที่สุด,เห็นด้วยที่สุด,เห็นด้วยที่สุด,เห็นด้วยที่สุด,เห็นด้วยที่สุด,เห็นด้วยที่สุด,เห็นด้วยที่สุด,เห็นด้วยที่สุด,เห็นด้วยที่สุด,เห็นด้วยที่สุด,เห็นด้วยที่สุด,เห็นด้วย,เห็นด้วย,เห็นด้วย,เห็นด้วย,เห็นด้วย,เฉยๆ,เฉยๆ,เฉยๆ,เฉยๆ,เฉยๆ,"Option 4, Option 6, Option 7",40-49ปี,หญิง,มีแฟนแต่ยังไม่แต่งงาน
6/27/2024 14:51:02,เคย,เหมือนลูกที่ไม่ค่อยรักแม่,"สก็อตติช,อเมริกันช็อตแฮร์",King Cat,มากที่สุด,น้อย,มากที่สุด,ปานกลาง,น้อย,มีผล,ได้ทั้งสองแบบ หากถูกใจ,มากที่สุด,มากที่สุด,มาก,มาก,มาก,ปานกลาง,ปานกลาง,ปานกลาง,taste of the wild เพราะในความรู้สึกถึงวัตถุดิบที่เป็นธรรมชาติ ความแข็งแรงที่จะได้รับจากการกินอาหารแบรนด์นี้,ก้านขนนกน้องแมวทุกยี่ห้องชอบมากคิดว่าน่าจะถูกใจแม่แมวหลายๆคนด้วยเพราะแมวเวลาเล่นขนนกแล้วมันพังไวบางทีต้องซื้อตุนไว้ ถ้าซื้ออาหารแมวแล้วแอบใส่ขนนกไว้ในบรรจุภัณฑ์น่าจะกระตุ้นให้แม่แมวหลายๆคนซื้ออาหารเพิ่มมากขึ้น,เฉยๆ,เฉยๆ,ไม่เห็นด้วย,ไม่เห็นด้วย,ไม่เห็นด้วย,เฉยๆ,เฉยๆ,เฉยๆ,เฉยๆ,เฉยๆ,เห็นด้วย,เห็นด้วย,เฉยๆ,เฉยๆ,เฉยๆ,เฉยๆ,เฉยๆ,เฉยๆ,เฉยๆ,เฉยๆ,เห็นด้วย,เห็นด้วย,เห็นด้วย,เห็นด้วย,เฉยๆ,เฉยๆ,เห็นด้วย,เฉยๆ,เฉยๆ,เฉยๆ,เห็นด้วยที่สุด,เห็นด้วย,เห็นด้วย,เห็นด้วย,เห็นด้วย,เห็นด้วย,เห็นด้วย,เห็นด้วย,เห็นด้วย,เห็นด้วย,เฉยๆ,เฉยๆ,เฉยๆ,เฉยๆ,เฉยๆ,เห็นด้วย,เห็นด้วย,เห็นด้วย,เห็นด้วย,เห็นด้วย,"Option 5, Option 7, Option 8",20-29ปี,หญิง,มีแฟนแต่ยังไม่แต่งงาน
6/27/2024 15:01:30,เคย,ลูก,American Shorthair ,King Kat ,มาก,มาก,มากที่สุด,มาก,มากที่สุด,ไม่มีผล,ภาพแมวจริง หรือแมวสมจริง (AI),มาก,มากที่สุด,มากที่สุด,มาก,มาก,ปานกลาง,มากที่สุด,มาก,วิสกัส สีม่วงเด่นติดตา,ซิปล็อค ,เฉยๆ,เฉยๆ,เฉยๆ,เฉยๆ,เฉยๆ,เฉยๆ,เฉยๆ,เฉยๆ,เฉยๆ,เฉยๆ,เฉยๆ,เฉยๆ,เฉยๆ,เฉยๆ,เฉยๆ,เฉยๆ,เฉยๆ,เฉยๆ,เฉยๆ,เฉยๆ,เฉยๆ,เฉยๆ,เฉยๆ,ไม่เห็นด้วย,เฉยๆ,เห็นด้วย,เห็นด้วย,เฉยๆ,เฉยๆ,เห็นด้วย,เฉยๆ,เฉยๆ,เฉยๆ,เฉยๆ,เฉยๆ,เห็นด้วย,เห็นด้วย,เฉยๆ,เฉยๆ,เห็นด้วย,เฉยๆ,เฉยๆ,เฉยๆ,เฉยๆ,เฉยๆ,เฉยๆ,เฉยๆ,เฉยๆ,เฉยๆ,เฉยๆ,"Option 6, Option 7, Option 8",30-39ปี,หญิง,แต่งงานแล้ว
6/27/2024 15:05:58,เคย,เพื่อน,เมนคูน,Solid gold,มาก,มาก,มาก,มาก,มาก,มีผล,ได้ทั้งสองแบบ หากถูกใจ,มาก,ปานกลาง,ปานกลาง,ปานกลาง,มากที่สุด,มาก,มากที่สุด,มาก,Solid gold,,เฉยๆ,เห็นด้วย,ไม่เห็นด้วย,เฉยๆ,ไม่เห็นด้วย,ไม่เห็นด้วย,เห็นด้วย,เฉยๆ,เฉยๆ,ไม่เห็นด้วย,เฉยๆ,เห็นด้วย,เฉยๆ,เฉยๆ,เฉยๆ,เฉยๆ,เห็นด้วย,เฉยๆ,เฉยๆ,เฉยๆ,เห็นด้วย,เฉยๆ,เฉยๆ,เฉยๆ,เห็นด้วย,เห็นด้วย,เห็นด้วยที่สุด,เห็นด้วย,เห็นด้วย,เห็นด้วย,เห็นด้วย,เห็นด้วย,เห็นด้วย,เห็นด้วย,เห็นด้วย,เห็นด้วย,เห็นด้วย,เห็นด้วย,เห็นด้วย,เห็นด้วย,เฉยๆ,เฉยๆ,เฉยๆ,เฉยๆ,เฉยๆ,ไม่เห็นด้วย,ไม่เห็นด้วย,ไม่เห็นด้วย,ไม่เห็นด้วย,ไม่เห็นด้วย,"Option 6, Option 7, Option 8",30-39ปี,ชาย,มีแฟนแต่ยังไม่แต่งงาน
6/27/2024 15:09:52,ไม่เคย,,,,,,,,,,,,,,,,,,,,,,,,,,,,,,,,,,,,,,,,,,,,,,,,,,,,,,,,,,,,,,,,,,,,,,,,,,
6/27/2024 15:12:11,เคย,เป็นน้องชาย,แมวไทย ,Purino neo ,มากที่สุด,มาก,มากที่สุด,มาก,มาก,มีผล,ภาพแมวจริง หรือแมวสมจริง (AI),มาก,มากที่สุด,มากที่สุด,มากที่สุด,มาก,มาก,มากที่สุด,มากที่สุด,King cat มีรูปแมวบนถุง ,,เฉยๆ,เห็นด้วย,เฉยๆ,เฉยๆ,เฉยๆ,เห็นด้วย,เห็นด้วย,เห็นด้วย,เห็นด้วย,เห็นด้วย,เห็นด้วย,เห็นด้วย,เห็นด้วย,เห็นด้วย,เห็นด้วย,เห็นด้วยที่สุด,เห็นด้วย,เห็นด้วยที่สุด,เห็นด้วยที่สุด,เห็นด้วยที่สุด,เฉยๆ,เฉยๆ,เฉยๆ,เฉยๆ,เฉยๆ,ไม่เห็นด้วย,ไม่เห็นด้วย,ไม่เห็นด้วย,ไม่เห็นด้วย,ไม่เห็นด้วย,ไม่เห็นด้วย,ไม่เห็นด้วย,ไม่เห็นด้วย,ไม่เห็นด้วย,ไม่เห็นด้วย,เฉยๆ,เฉยๆ,เฉยๆ,เฉยๆ,เฉยๆ,เฉยๆ,เฉยๆ,เฉยๆ,เฉยๆ,เฉยๆ,ไม่เห็นด้วย,ไม่เห็นด้วย,ไม่เห็นด้วย,ไม่เห็นด้วย,ไม่เห็นด้วย,"Option 2, Option 3, Option 4",20-29ปี,หญิง,โสด ไม่มีแฟน
6/27/2024 15:14:39,เคย,เป็นเพื่อนยามเหงา,แมวบ้าน,วิสกัส,มาก,มากที่สุด,มากที่สุด,มากที่สุด,มากที่สุด,มีผล,ได้ทั้งสองแบบ หากถูกใจ,ปานกลาง,ปานกลาง,มาก,มาก,มากที่สุด,มากที่สุด,มากที่สุด,มากที่สุด,วิสกัส,,ไม่เห็นด้วย,ไม่เห็นด้วย,ไม่เห็นด้วย,ไม่เห็นด้วย,ไม่เห็นด้วย,เฉยๆ,เฉยๆ,เฉยๆ,เฉยๆ,เฉยๆ,เฉยๆ,เฉยๆ,เฉยๆ,เฉยๆ,เฉยๆ,ไม่เห็นด้วยเลย,ไม่เห็นด้วยเลย,ไม่เห็นด้วย,ไม่เห็นด้วย,ไม่เห็นด้วย,เฉยๆ,เฉยๆ,เฉยๆ,เฉยๆ,เฉยๆ,เฉยๆ,เฉยๆ,เฉยๆ,เฉยๆ,เฉยๆ,เห็นด้วย,เฉยๆ,ไม่เห็นด้วย,เฉยๆ,ไม่เห็นด้วย,ไม่เห็นด้วย,ไม่เห็นด้วย,เฉยๆ,เฉยๆ,ไม่เห็นด้วย,ไม่เห็นด้วย,เฉยๆ,เฉยๆ,เฉยๆ,ไม่เห็นด้วย,เห็นด้วยที่สุด,เห็นด้วยที่สุด,เห็นด้วย,เห็นด้วยที่สุด,เห็นด้วย,"Option 8, Option 9, Option 10",40-49ปี,อื่นๆ,หย่าร้าง/เป็นม่าย
6/27/2024 15:26:50,เคย,เลี้ยงเหมือนลูก,แรคดอล มัชกิ้น,buzz,มาก,มาก,มากที่สุด,ปานกลาง,มาก,มีผล,ได้ทั้งสองแบบ หากถูกใจ,มาก,มาก,มาก,มาก,ปานกลาง,ปานกลาง,มาก,มาก,buzz beyond ภาพสวย สีสวย,,เฉยๆ,เฉยๆ,เฉยๆ,เฉยๆ,ไม่เห็นด้วย,เฉยๆ,เฉยๆ,เฉยๆ,เฉยๆ,เฉยๆ,เห็นด้วย,เห็นด้วย,เห็นด้วย,เห็นด้วย,เห็นด้วย,เฉยๆ,เฉยๆ,เฉยๆ,เฉยๆ,เฉยๆ,เฉยๆ,เฉยๆ,เฉยๆ,เฉยๆ,เฉยๆ,เฉยๆ,เห็นด้วย,เฉยๆ,เฉยๆ,เฉยๆ,เห็นด้วย,เห็นด้วย,เห็นด้วย,เฉยๆ,เฉยๆ,เฉยๆ,เฉยๆ,เฉยๆ,เฉยๆ,เฉยๆ,เฉยๆ,เฉยๆ,เฉยๆ,เฉยๆ,เฉยๆ,เฉยๆ,เฉยๆ,เฉยๆ,เฉยๆ,เฉยๆ,"Option 3, Option 6, Option 7",30-39ปี,หญิง,แต่งงานแล้ว
6/27/2024 15:38:12,เคย,เหมือนพี่น้อง คนในครอบครัว,แมวไทย อดีตแมวจร,purino neo,มากที่สุด,มาก,มากที่สุด,ปานกลาง,มากที่สุด,มีผล,ได้ทั้งสองแบบ หากถูกใจ,มากที่สุด,มาก,มากที่สุด,มากที่สุด,มากที่สุด,มากที่สุด,มากที่สุด,มากที่สุด,king cat,,เฉยๆ,เฉยๆ,เฉยๆ,เฉยๆ,เฉยๆ,เห็นด้วยที่สุด,เห็นด้วยที่สุด,เห็นด้วยที่สุด,เห็นด้วยที่สุด,เห็นด้วยที่สุด,เห็นด้วยที่สุด,เห็นด้วยที่สุด,เห็นด้วยที่สุด,เห็นด้วยที่สุด,เห็นด้วยที่สุด,เห็นด้วยที่สุด,เห็นด้วยที่สุด,เห็นด้วยที่สุด,เห็นด้วยที่สุด,เห็นด้วยที่สุด,เห็นด้วย,เห็นด้วย,เห็นด้วย,เห็นด้วย,เห็นด้วย,เห็นด้วย,เห็นด้วย,เฉยๆ,เฉยๆ,เฉยๆ,เห็นด้วย,เห็นด้วย,เฉยๆ,เห็นด้วย,เห็นด้วย,เห็นด้วยที่สุด,เห็นด้วย,เห็นด้วยที่สุด,เห็นด้วยที่สุด,เห็นด้วย,เฉยๆ,เฉยๆ,เฉยๆ,เฉยๆ,เฉยๆ,เฉยๆ,เฉยๆ,เฉยๆ,เฉยๆ,เฉยๆ,"Option 2, Option 3, Option 4",30-39ปี,หญิง,โสด ไม่มีแฟน
6/27/2024 15:41:03,เคย,ลูกหรือเจ้านายไม่แน่ใจ,จร,"เยอะมากเลยอะค่ะ เช่น buzz netura, cheershare, ostech, bite of wild etc.",มากที่สุด,น้อย,มาก,น้อย,ปานกลาง,มีผล,ได้ทั้งสองแบบ หากถูกใจ,ปานกลาง,น้อย,มาก,มากที่สุด,มาก,มากที่สุด,ปานกลาง,ปานกลาง,buzz netura ก็น่ารักดีค่ะ / ถ้าเป็นอาหารเปียกชอบยี่ห้อ cat's taste ,อยากได้ให้คลีนๆ อ่านง่ายไม่รก โดยเฉพาะตรงวัตถุดิบทั้งหมดและสารอาหาร อยากให้พิมพ์ใหญ่ๆ และละเอียด เพราะจะอ่านตรงนี้มากที่สุด พวกคำโฆษณาอะไรไม่ได้สนใจเลย บางแบรนด์ที่พิมพ์ตัวเล็กหรือไม่ละเอียดจะไม่อยากซื้อเลยค่ะ // ถุงขอแบบซิปล็อคดีๆ ใช้งานง่ายๆ ค่ะ,เฉยๆ,เห็นด้วย,ไม่เห็นด้วย,ไม่เห็นด้วย,ไม่เห็นด้วย,เฉยๆ,เห็นด้วย,เฉยๆ,เห็นด้วย,เฉยๆ,เฉยๆ,เห็นด้วย,เฉยๆ,เฉยๆ,เฉยๆ,เห็นด้วย,เห็นด้วย,เฉยๆ,เฉยๆ,เฉยๆ,เห็นด้วย,เห็นด้วย,เห็นด้วย,เฉยๆ,เห็นด้วย,เฉยๆ,เห็นด้วย,เฉยๆ,เฉยๆ,เฉยๆ,เห็นด้วย,เห็นด้วย,เห็นด้วย,เฉยๆ,เฉยๆ,เฉยๆ,เห็นด้วย,เฉยๆ,เฉยๆ,เฉยๆ,ไม่เห็นด้วย,ไม่เห็นด้วย,เฉยๆ,เฉยๆ,ไม่เห็นด้วย,ไม่เห็นด้วย,เห็นด้วย,เฉยๆ,เฉยๆ,เฉยๆ,"Option 4, Option 5, Option 7",30-39ปี,หญิง,แต่งงานแล้ว
6/27/2024 15:51:54,เคย,เป็นลูก เป็นเพื่อน,ไทย,คิงแคท ,ปานกลาง,มากที่สุด,มาก,มาก,มากที่สุด,มีผล,ภาพแมวจริง หรือแมวสมจริง (AI),มาก,มากที่สุด,ปานกลาง,ปานกลาง,ปานกลาง,มากที่สุด,มากที่สุด,มาก,Taste of the wild รูปชัดมาก และตัวอักษรสะดุดตา,คำพูดน่ารักๆ,เฉยๆ,เห็นด้วย,เฉยๆ,เฉยๆ,เฉยๆ,เฉยๆ,เห็นด้วย,เฉยๆ,เฉยๆ,เฉยๆ,เห็นด้วย,เห็นด้วย,เห็นด้วย,เห็นด้วย,เห็นด้วย,เห็นด้วย,เห็นด้วย,เฉยๆ,เห็นด้วย,เฉยๆ,เฉยๆ,เฉยๆ,เฉยๆ,เฉยๆ,เฉยๆ,ไม่เห็นด้วย,ไม่เห็นด้วย,ไม่เห็นด้วย,ไม่เห็นด้วย,ไม่เห็นด้วย,ไม่เห็นด้วย,ไม่เห็นด้วย,ไม่เห็นด้วย,ไม่เห็นด้วย,ไม่เห็นด้วย,เห็นด้วยที่สุด,เห็นด้วยที่สุด,เห็นด้วย,เห็นด้วย,เห็นด้วย,ไม่เห็นด้วย,ไม่เห็นด้วย,ไม่เห็นด้วย,ไม่เห็นด้วย,ไม่เห็นด้วย,ไม่เห็นด้วยเลย,ไม่เห็นด้วยเลย,ไม่เห็นด้วยเลย,ไม่เห็นด้วยเลย,ไม่เห็นด้วยเลย,"Option 3, Option 4, Option 8",30-39ปี,หญิง,มีแฟนแต่ยังไม่แต่งงาน
6/27/2024 15:52:11,เคย,เป็นเหมือนครอบครัว,แมวจร,Purino neo,มากที่สุด,ปานกลาง,ปานกลาง,ปานกลาง,มาก,มีผล,ได้ทั้งสองแบบ หากถูกใจ,มากที่สุด,มาก,มากที่สุด,มากที่สุด,มาก,ปานกลาง,มากที่สุด,มาก,Purino Neo เพราะมีบอกส่วนผสมด้านหน้าและคุณสมบัติในรายละเอียด (แมวที่เลี้ยงไม่กินไก่),คุณสมบัติพิเศษเช่น ขับก้อนขน,เฉยๆ,เฉยๆ,เฉยๆ,เฉยๆ,เฉยๆ,เฉยๆ,เฉยๆ,เห็นด้วย,เฉยๆ,เฉยๆ,เห็นด้วย,เห็นด้วย,เห็นด้วย,เฉยๆ,เห็นด้วย,เฉยๆ,เฉยๆ,เห็นด้วย,เฉยๆ,เฉยๆ,เฉยๆ,เฉยๆ,เห็นด้วย,เฉยๆ,เฉยๆ,เห็นด้วย,เห็นด้วยที่สุด,เห็นด้วยที่สุด,เฉยๆ,เห็นด้วย,เฉยๆ,เฉยๆ,เฉยๆ,เฉยๆ,เฉยๆ,เฉยๆ,เฉยๆ,เห็นด้วย,เฉยๆ,เฉยๆ,เฉยๆ,เห็นด้วย,เห็นด้วย,เฉยๆ,เฉยๆ,เฉยๆ,เฉยๆ,เฉยๆ,เฉยๆ,เฉยๆ,"Option 2, Option 3, Option 6",30-39ปี,หญิง,โสด ไม่มีแฟน
6/27/2024 16:02:01,เคย,ลูก + เพื่อน,Ragdoll British Scottish Munchkin ,"King cat, Proplan, Projen, Real power, Instinct ",มากที่สุด,น้อยที่สุด,มากที่สุด,น้อยที่สุด,น้อยที่สุด,มีผล,ได้ทั้งสองแบบ หากถูกใจ,มากที่สุด,ปานกลาง,มากที่สุด,มากที่สุด,มากที่สุด,มากที่สุด,มากที่สุด,น้อยที่สุด,Buzz Netura,.,ไม่เห็นด้วย,เฉยๆ,เฉยๆ,เฉยๆ,ไม่เห็นด้วย,เห็นด้วย,เห็นด้วย,เห็นด้วย,เฉยๆ,เห็นด้วย,เห็นด้วย,เห็นด้วย,เห็นด้วย,เห็นด้วย,เห็นด้วย,เห็นด้วยที่สุด,เห็นด้วยที่สุด,เห็นด้วยที่สุด,เห็นด้วยที่สุด,เห็นด้วยที่สุด,เฉยๆ,เฉยๆ,เฉยๆ,เฉยๆ,เฉยๆ,เห็นด้วย,เห็นด้วย,เห็นด้วย,เห็นด้วย,เห็นด้วย,เห็นด้วยที่สุด,เห็นด้วยที่สุด,เห็นด้วยที่สุด,เห็นด้วยที่สุด,เห็นด้วยที่สุด,เฉยๆ,เฉยๆ,เฉยๆ,เฉยๆ,เฉยๆ,เห็นด้วย,เห็นด้วย,เห็นด้วย,เห็นด้วย,เห็นด้วย,เฉยๆ,เฉยๆ,เฉยๆ,เฉยๆ,เฉยๆ,"Option 3, Option 4, Option 7",30-39ปี,หญิง,แต่งงานแล้ว
6/27/2024 16:02:54,เคย,เป็นทุกอย่างค่ะ,Scottish fold,สลับกินเกือบทุกแบรนด์ที่เป็น holistic ค่ะ,มากที่สุด,ปานกลาง,น้อย,ปานกลาง,ปานกลาง,ไม่มีผล,ได้ทั้งสองแบบ หากถูกใจ,ปานกลาง,ปานกลาง,มาก,ปานกลาง,มากที่สุด,มาก,ปานกลาง,ปานกลาง,ส่วนใหญ่ดูที่ส่วนผสมเป็นหลักมากกว่าค่ะ แต่ถ้าชอบดีไซน์ส่วนตัว taste of the wild,แพคเกจย่อยสลายได้ มีส่วนผสมที่ชัดเจน ,เฉยๆ,เฉยๆ,เฉยๆ,เฉยๆ,เฉยๆ,เฉยๆ,เฉยๆ,เฉยๆ,เฉยๆ,เฉยๆ,เห็นด้วย,เห็นด้วย,เฉยๆ,เฉยๆ,เฉยๆ,เห็นด้วย,เห็นด้วย,เฉยๆ,เฉยๆ,เฉยๆ,เฉยๆ,เฉยๆ,เฉยๆ,เฉยๆ,เฉยๆ,เห็นด้วย,เห็นด้วย,เฉยๆ,เฉยๆ,เฉยๆ,เฉยๆ,เห็นด้วย,เฉยๆ,เฉยๆ,เฉยๆ,เห็นด้วย,เห็นด้วย,เฉยๆ,เฉยๆ,เฉยๆ,เฉยๆ,เฉยๆ,เฉยๆ,เฉยๆ,เฉยๆ,ไม่เห็นด้วย,เฉยๆ,เฉยๆ,เฉยๆ,เฉยๆ,"Option 3, Option 4, Option 7",30-39ปี,หญิง,แต่งงานแล้ว
6/27/2024 16:13:08,เคย,เป็นเพื่อน,ไทย,Kingcat,มากที่สุด,มาก,มากที่สุด,มาก,มากที่สุด,มีผล,ภาพแมวจริง หรือแมวสมจริง (AI),มาก,มาก,มากที่สุด,มากที่สุด,มาก,มาก,มาก,มาก,Buzz,ราคา ,เฉยๆ,เห็นด้วย,เฉยๆ,เฉยๆ,เฉยๆ,เห็นด้วย,เห็นด้วย,เฉยๆ,เห็นด้วย,เห็นด้วย,เฉยๆ,เฉยๆ,เฉยๆ,เห็นด้วย,เฉยๆ,ไม่เห็นด้วย,ไม่เห็นด้วย,ไม่เห็นด้วย,ไม่เห็นด้วย,ไม่เห็นด้วย,เฉยๆ,เฉยๆ,เฉยๆ,เฉยๆ,เฉยๆ,เฉยๆ,เห็นด้วย,เห็นด้วย,เห็นด้วย,เฉยๆ,เห็นด้วย,เห็นด้วย,เห็นด้วย,เฉยๆ,เห็นด้วย,เฉยๆ,เฉยๆ,เฉยๆ,เฉยๆ,เฉยๆ,เห็นด้วย,เฉยๆ,เฉยๆ,เห็นด้วย,เห็นด้วย,ไม่เห็นด้วย,ไม่เห็นด้วย,ไม่เห็นด้วย,ไม่เห็นด้วย,ไม่เห็นด้วย,"Option 2, Option 7, Option 9",40-49ปี,หญิง,แต่งงานแล้ว
6/27/2024 16:17:10,เคย,เป็นครอบครัว,ไทย (จร),"you-o gold, king cat, purino neo, buzz, neez, all well",มาก,ปานกลาง,มากที่สุด,น้อย,มากที่สุด,มีผล,ได้ทั้งสองแบบ หากถูกใจ,ปานกลาง,น้อย,มากที่สุด,มากที่สุด,ปานกลาง,น้อยที่สุด,มาก,ปานกลาง,whiskas สีโดเด่นไม่ซ้ำยี่ห้ออื่น,ลอตเตอรี่ลุ้นรางวัล,เห็นด้วย,ไม่เห็นด้วยเลย,เฉยๆ,ไม่เห็นด้วยเลย,เฉยๆ,เห็นด้วย,เฉยๆ,เฉยๆ,ไม่เห็นด้วยเลย,เฉยๆ,เห็นด้วย,เฉยๆ,เฉยๆ,เฉยๆ,เฉยๆ,เห็นด้วย,เฉยๆ,เฉยๆ,เฉยๆ,เฉยๆ,เฉยๆ,เฉยๆ,เฉยๆ,เฉยๆ,ไม่เห็นด้วย,เฉยๆ,ไม่เห็นด้วย,ไม่เห็นด้วย,เฉยๆ,ไม่เห็นด้วยเลย,เฉยๆ,เห็นด้วย,เฉยๆ,เฉยๆ,เฉยๆ,เห็นด้วย,เห็นด้วย,เฉยๆ,เฉยๆ,เฉยๆ,เห็นด้วย,เห็นด้วย,เฉยๆ,เฉยๆ,เฉยๆ,ไม่เห็นด้วยเลย,เฉยๆ,เฉยๆ,เฉยๆ,ไม่เห็นด้วยเลย,"Option 2, Option 3, Option 8",30-39ปี,ชาย,มีแฟนแต่ยังไม่แต่งงาน
6/27/2024 16:20:07,เคย,เป็นทั้งลูกและเพื่อนที่ฉลาด มีไหวพริบ,พันธุ์ทาง,Whiskas ,มาก,มาก,มากที่สุด,ปานกลาง,มาก,มีผล,ได้ทั้งสองแบบ หากถูกใจ,มาก,มาก,มาก,มาก,ปานกลาง,ปานกลาง,มาก,น้อย,Whiskas,,ไม่เห็นด้วย,เห็นด้วย,เฉยๆ,เฉยๆ,ไม่เห็นด้วย,ไม่เห็นด้วย,เห็นด้วย,เฉยๆ,ไม่เห็นด้วย,ไม่เห็นด้วย,เห็นด้วย,เห็นด้วย,เห็นด้วย,เฉยๆ,เห็นด้วย,ไม่เห็นด้วย,เห็นด้วย,เฉยๆ,ไม่เห็นด้วย,ไม่เห็นด้วย,ไม่เห็นด้วย,ไม่เห็นด้วย,ไม่เห็นด้วย,เฉยๆ,ไม่เห็นด้วย,เฉยๆ,เห็นด้วย,เห็นด้วย,เฉยๆ,เฉยๆ,ไม่เห็นด้วย,ไม่เห็นด้วย,เฉยๆ,ไม่เห็นด้วย,เฉยๆ,เห็นด้วย,เห็นด้วย,เห็นด้วย,เฉยๆ,เห็นด้วย,ไม่เห็นด้วย,ไม่เห็นด้วย,ไม่เห็นด้วย,เฉยๆ,ไม่เห็นด้วย,ไม่เห็นด้วย,เห็นด้วย,ไม่เห็นด้วย,ไม่เห็นด้วย,ไม่เห็นด้วย,"Option 3, Option 6, Option 8",30-39ปี,หญิง,โสด ไม่มีแฟน
6/27/2024 16:25:56,เคย,ลูก,วิเชียรมาศ,Projen,มากที่สุด,ปานกลาง,มาก,ปานกลาง,ปานกลาง,ไม่มีผล,ได้ทั้งสองแบบ หากถูกใจ,ปานกลาง,น้อยที่สุด,น้อยที่สุด,มากที่สุด,น้อยที่สุด,ปานกลาง,ปานกลาง,น้อย,Projen เพราะมองอยู่แบรนด์เดียว,,ไม่เห็นด้วย,ไม่เห็นด้วย,ไม่เห็นด้วยเลย,ไม่เห็นด้วย,ไม่เห็นด้วยเลย,ไม่เห็นด้วยเลย,ไม่เห็นด้วยเลย,ไม่เห็นด้วยเลย,ไม่เห็นด้วยเลย,ไม่เห็นด้วยเลย,ไม่เห็นด้วยเลย,ไม่เห็นด้วยเลย,ไม่เห็นด้วยเลย,ไม่เห็นด้วยเลย,ไม่เห็นด้วยเลย,ไม่เห็นด้วยเลย,ไม่เห็นด้วยเลย,ไม่เห็นด้วยเลย,ไม่เห็นด้วยเลย,ไม่เห็นด้วยเลย,ไม่เห็นด้วยเลย,ไม่เห็นด้วยเลย,ไม่เห็นด้วยเลย,ไม่เห็นด้วยเลย,ไม่เห็นด้วยเลย,ไม่เห็นด้วยเลย,ไม่เห็นด้วยเลย,ไม่เห็นด้วยเลย,ไม่เห็นด้วยเลย,ไม่เห็นด้วยเลย,ไม่เห็นด้วยเลย,ไม่เห็นด้วยเลย,ไม่เห็นด้วยเลย,ไม่เห็นด้วยเลย,ไม่เห็นด้วยเลย,เฉยๆ,เห็นด้วย,เห็นด้วย,เฉยๆ,เห็นด้วย,ไม่เห็นด้วย,ไม่เห็นด้วยเลย,ไม่เห็นด้วยเลย,ไม่เห็นด้วย,ไม่เห็นด้วย,ไม่เห็นด้วย,ไม่เห็นด้วย,ไม่เห็นด้วย,ไม่เห็นด้วย,ไม่เห็นด้วย,"Option 7, Option 8, Option 10",20-29ปี,หญิง,มีแฟนแต่ยังไม่แต่งงาน
6/27/2024 16:34:57,เคย,แมว = ลูก,แมวไทยเก็บมาเลี้ยงเป็นลูก,"Wellnsss core, king cat",มากที่สุด,ปานกลาง,มากที่สุด,ปานกลาง,ปานกลาง,ไม่มีผล,ได้ทั้งสองแบบ หากถูกใจ,น้อยที่สุด,น้อยที่สุด,มาก,มาก,ปานกลาง,น้อย,มาก,น้อย,Projen สีของแต่ละสูตรแยกชัด ไม่รกตา ไม่ทำออกมาให้ดูน่ารักเว่อแบบบางแบรนด์ที่แพ็คเกจน่ารักพรีเมี่ยม แต่วัตถุดิบแย่ไม่ดีต่อสุบภาพแมว,ตรา AAFCO และ % ของโปรตีน ไขมัน และไฟเบอร์ ส่วนผสมตัวโปรตีนหลักพร้อม %,ไม่เห็นด้วยเลย,ไม่เห็นด้วยเลย,ไม่เห็นด้วยเลย,ไม่เห็นด้วยเลย,ไม่เห็นด้วยเลย,ไม่เห็นด้วยเลย,ไม่เห็นด้วยเลย,ไม่เห็นด้วยเลย,ไม่เห็นด้วยเลย,ไม่เห็นด้วยเลย,ไม่เห็นด้วยเลย,ไม่เห็นด้วยเลย,ไม่เห็นด้วยเลย,ไม่เห็นด้วยเลย,ไม่เห็นด้วยเลย,ไม่เห็นด้วยเลย,ไม่เห็นด้วยเลย,ไม่เห็นด้วยเลย,ไม่เห็นด้วยเลย,ไม่เห็นด้วยเลย,ไม่เห็นด้วยเลย,ไม่เห็นด้วยเลย,ไม่เห็นด้วยเลย,ไม่เห็นด้วยเลย,ไม่เห็นด้วยเลย,เห็นด้วย,เห็นด้วย,เห็นด้วย,เห็นด้วย,เห็นด้วย,ไม่เห็นด้วยเลย,ไม่เห็นด้วยเลย,ไม่เห็นด้วยเลย,ไม่เห็นด้วยเลย,ไม่เห็นด้วยเลย,ไม่เห็นด้วยเลย,ไม่เห็นด้วยเลย,ไม่เห็นด้วยเลย,ไม่เห็นด้วยเลย,ไม่เห็นด้วยเลย,ไม่เห็นด้วยเลย,ไม่เห็นด้วยเลย,ไม่เห็นด้วยเลย,ไม่เห็นด้วยเลย,ไม่เห็นด้วยเลย,เห็นด้วย,เห็นด้วย,เห็นด้วย,เห็นด้วย,เห็นด้วย,"Option 6, Option 9, Option 10",30-39ปี,หญิง,แต่งงานแล้ว
6/27/2024 17:16:49,ไม่เคย,,,,,,,,,,,,,,,,,,,,,,,,,,,,,,,,,,,,,,,,,,,,,,,,,,,,,,,,,,,,,,,,,,,,,,,,,,
6/27/2024 17:21:09,เคย,เป็นเพื่อนที่แวะมาเที่ยวบ้าน,แมวจร,แคทิว่า,มาก,มาก,มาก,มาก,มาก,มีผล,ภาพแมวจริง หรือแมวสมจริง (AI),มาก,มาก,มาก,มาก,มาก,มาก,มาก,มาก,คิงแคท,,ไม่เห็นด้วย,เฉยๆ,ไม่เห็นด้วย,ไม่เห็นด้วย,ไม่เห็นด้วย,ไม่เห็นด้วย,เฉยๆ,เฉยๆ,เฉยๆ,ไม่เห็นด้วย,เห็นด้วย,เฉยๆ,เฉยๆ,เฉยๆ,เฉยๆ,เฉยๆ,เฉยๆ,เฉยๆ,เฉยๆ,เฉยๆ,ไม่เห็นด้วย,เฉยๆ,เฉยๆ,เฉยๆ,เฉยๆ,เฉยๆ,เฉยๆ,เฉยๆ,เห็นด้วย,ไม่เห็นด้วย,ไม่เห็นด้วย,เฉยๆ,เฉยๆ,เฉยๆ,ไม่เห็นด้วย,ไม่เห็นด้วย,เฉยๆ,ไม่เห็นด้วย,ไม่เห็นด้วย,ไม่เห็นด้วย,ไม่เห็นด้วย,เฉยๆ,เฉยๆ,เฉยๆ,ไม่เห็นด้วย,เฉยๆ,เห็นด้วย,เฉยๆ,ไม่เห็นด้วย,ไม่เห็นด้วย,"Option 3, Option 6, Option 8",40-49ปี,หญิง,แต่งงานแล้ว
6/27/2024 17:24:52,เคย,เหมือนลูกคนสำคัญคนหนึ่ง เป็นสมาชิกที่ทุกคนในบ้านรัก,สก็อตติชโฟลด์,King cat,ปานกลาง,ปานกลาง,มาก,มาก,มากที่สุด,ไม่มีผล,ภาพแมวจริง หรือแมวสมจริง (AI),มาก,มาก,น้อย,มาก,ปานกลาง,น้อย,มาก,มากที่สุด,Kinng Cat / Kativa เพราะเป็นแบรนด์ที่มีชื่อเสียง แมวกินอร่อย น้ำหนักขึ้น อึเป็นก้อน,-,ไม่เห็นด้วย,เฉยๆ,ไม่เห็นด้วย,ไม่เห็นด้วย,เฉยๆ,เห็นด้วย,เฉยๆ,เห็นด้วย,เห็นด้วย,เห็นด้วย,เห็นด้วย,เห็นด้วย,เฉยๆ,เห็นด้วย,เห็นด้วย,ไม่เห็นด้วยเลย,เฉยๆ,ไม่เห็นด้วย,ไม่เห็นด้วย,ไม่เห็นด้วย,เฉยๆ,เห็นด้วย,เห็นด้วย,เห็นด้วย,ไม่เห็นด้วย,เฉยๆ,เห็นด้วย,ไม่เห็นด้วย,ไม่เห็นด้วย,เห็นด้วย,เฉยๆ,เฉยๆ,เห็นด้วย,ไม่เห็นด้วย,เห็นด้วย,เฉยๆ,เฉยๆ,เฉยๆ,เฉยๆ,เฉยๆ,เฉยๆ,ไม่เห็นด้วย,เห็นด้วย,เห็นด้วย,ไม่เห็นด้วย,เฉยๆ,เฉยๆ,เห็นด้วย,เฉยๆ,เห็นด้วย,"Option 3, Option 6, Option 9",20-29ปี,หญิง,โสด ไม่มีแฟน
6/27/2024 17:30:49,เคย,เหมือนลูก เหมือนเพื่อน,สก็อตติส ผสม เปอร์เซีย,Kativa,ปานกลาง,ปานกลาง,ปานกลาง,ปานกลาง,มากที่สุด,ไม่มีผล,ได้ทั้งสองแบบ หากถูกใจ,มากที่สุด,ปานกลาง,มากที่สุด,ปานกลาง,มากที่สุด,มากที่สุด,มากที่สุด,มาก,King Cat // Kativa,,เฉยๆ,เฉยๆ,เฉยๆ,ไม่เห็นด้วย,ไม่เห็นด้วย,เฉยๆ,เฉยๆ,เฉยๆ,เฉยๆ,ไม่เห็นด้วย,เห็นด้วย,เห็นด้วย,เฉยๆ,เฉยๆ,เห็นด้วย,เห็นด้วย,เห็นด้วย,เฉยๆ,เฉยๆ,เห็นด้วย,เฉยๆ,เฉยๆ,เฉยๆ,เฉยๆ,ไม่เห็นด้วย,เฉยๆ,เฉยๆ,เฉยๆ,เฉยๆ,ไม่เห็นด้วย,เฉยๆ,เฉยๆ,เฉยๆ,เฉยๆ,ไม่เห็นด้วย,เห็นด้วย,เห็นด้วย,เห็นด้วย,เฉยๆ,เห็นด้วย,ไม่เห็นด้วย,ไม่เห็นด้วย,ไม่เห็นด้วย,ไม่เห็นด้วย,ไม่เห็นด้วย,ไม่เห็นด้วยเลย,ไม่เห็นด้วยเลย,ไม่เห็นด้วยเลย,ไม่เห็นด้วยเลย,ไม่เห็นด้วยเลย,"Option 3, Option 4, Option 8",30-39ปี,หญิง,โสด ไม่มีแฟน
6/27/2024 17:34:01,เคย,เป็นเหมือนคนในครอบครัว,แมวจรจัด ไม่ทราบพันธุ์,Felina Canino VIF ,มากที่สุด,มาก,ปานกลาง,ปานกลาง,มาก,มีผล,ได้ทั้งสองแบบ หากถูกใจ,มาก,มาก,มากที่สุด,มาก,มาก,มาก,มาก,ปานกลาง,Felina Canino VIF เพราะรูปบนซองน่ารัก สีสันสวย,ทูน่า,ไม่เห็นด้วย,ไม่เห็นด้วย,ไม่เห็นด้วย,ไม่เห็นด้วย,ไม่เห็นด้วย,เห็นด้วยที่สุด,เห็นด้วย,เฉยๆ,เฉยๆ,เฉยๆ,เห็นด้วยที่สุด,เห็นด้วยที่สุด,เห็นด้วยที่สุด,เห็นด้วย,เห็นด้วย,เห็นด้วย,เห็นด้วย,เฉยๆ,เฉยๆ,เฉยๆ,เห็นด้วย,เห็นด้วยที่สุด,เฉยๆ,เฉยๆ,เฉยๆ,เห็นด้วย,เห็นด้วยที่สุด,เห็นด้วย,เฉยๆ,เฉยๆ,เห็นด้วยที่สุด,เห็นด้วยที่สุด,เห็นด้วยที่สุด,เห็นด้วยที่สุด,เห็นด้วยที่สุด,เห็นด้วยที่สุด,เห็นด้วยที่สุด,เห็นด้วย,เห็นด้วย,เห็นด้วย,เห็นด้วยที่สุด,เห็นด้วยที่สุด,เห็นด้วย,เห็นด้วยที่สุด,เห็นด้วยที่สุด,เฉยๆ,เห็นด้วย,เฉยๆ,เฉยๆ,ไม่เห็นด้วย,"Option 3, Option 7, Option 9",20-29ปี,อื่นๆ,มีแฟนแต่ยังไม่แต่งงาน
6/27/2024 17:37:26,เคย,เป้นสมาชิกในครอบครัว,American shorthair / british shorthair,Solid gold,มากที่สุด,มาก,มากที่สุด,มาก,มากที่สุด,มีผล,ภาพการ์ตูน หรือลายเส้น,มากที่สุด,มาก,มากที่สุด,มากที่สุด,มาก,มากที่สุด,มากที่สุด,ปานกลาง,Buzz holistic เป็นการ์ตูนน่ารัก,,เฉยๆ,เห็นด้วย,เฉยๆ,เฉยๆ,เฉยๆ,เฉยๆ,เฉยๆ,เฉยๆ,เฉยๆ,เฉยๆ,เห็นด้วย,เห็นด้วย,เฉยๆ,เฉยๆ,เห็นด้วย,เฉยๆ,เห็นด้วย,เฉยๆ,เฉยๆ,เฉยๆ,เฉยๆ,เฉยๆ,เฉยๆ,เฉยๆ,เฉยๆ,เฉยๆ,เห็นด้วย,เฉยๆ,เฉยๆ,เฉยๆ,เห็นด้วย,เห็นด้วย,เฉยๆ,เฉยๆ,เห็นด้วย,เห็นด้วย,เห็นด้วย,เห็นด้วย,เฉยๆ,เห็นด้วย,เฉยๆ,เฉยๆ,เฉยๆ,เฉยๆ,เฉยๆ,ไม่เห็นด้วย,เห็นด้วย,ไม่เห็นด้วย,ไม่เห็นด้วย,ไม่เห็นด้วย,"Option 1, Option 2, Option 8",30-39ปี,หญิง,มีแฟนแต่ยังไม่แต่งงาน
6/27/2024 17:44:49,เคย,เป็นอีกหนึ่งเมมเบอร์ในครอบครัว ที่อยากเจอทุกๆวัน,แมวพันธุ์ไทย น้องเป็นแมวจรเก็บมาเลี้ยงค่ะ,"You-O, Whiskas",มากที่สุด,มาก,มากที่สุด,มาก,มากที่สุด,มีผล,ภาพแมวจริง หรือแมวสมจริง (AI),มากที่สุด,มากที่สุด,มากที่สุด,ปานกลาง,ปานกลาง,ปานกลาง,มากที่สุด,มากที่สุด,Firskies สีสันสดใสและโลโก้สะดุดตาจำง่าย,ไม่มี,เห็นด้วยที่สุด,เห็นด้วยที่สุด,เห็นด้วย,เห็นด้วย,เฉยๆ,เห็นด้วยที่สุด,เห็นด้วยที่สุด,เฉยๆ,เห็นด้วย,เฉยๆ,เห็นด้วยที่สุด,เห็นด้วยที่สุด,เห็นด้วยที่สุด,เห็นด้วยที่สุด,เห็นด้วยที่สุด,เห็นด้วยที่สุด,เห็นด้วยที่สุด,เห็นด้วยที่สุด,เห็นด้วยที่สุด,เห็นด้วยที่สุด,เห็นด้วย,เห็นด้วย,เฉยๆ,เฉยๆ,เฉยๆ,เฉยๆ,เฉยๆ,เฉยๆ,เฉยๆ,เฉยๆ,เห็นด้วย,เห็นด้วย,เห็นด้วย,เฉยๆ,เฉยๆ,เห็นด้วย,เห็นด้วย,เฉยๆ,ไม่เห็นด้วย,เฉยๆ,เฉยๆ,เฉยๆ,เฉยๆ,เฉยๆ,เฉยๆ,เฉยๆ,เฉยๆ,เฉยๆ,เฉยๆ,เฉยๆ,"Option 1, Option 3, Option 4",30-39ปี,หญิง,โสด ไม่มีแฟน
6/27/2024 20:30:53,เคย,เป็นเหมือนลูกของเรา,ไทย,Monchou,มากที่สุด,น้อยที่สุด,มากที่สุด,น้อยที่สุด,น้อยที่สุด,มีผล,ได้ทั้งสองแบบ หากถูกใจ,มากที่สุด,น้อยที่สุด,มากที่สุด,มากที่สุด,มากที่สุด,น้อยที่สุด,มากที่สุด,น้อยที่สุด,แคทิว่า เพราะชอบฟังเดอะโกสต์,รายละเอียดอาหารให้เหมือนรายละเอียดอาหารคน บางทีบอกไม่เค็ม แต่ไม่บอกปริมาณโซเดียม ทำให้ไม่สามารถรู้ได้ว่าไม่เค็มแบบใดห์,เฉยๆ,เฉยๆ,เฉยๆ,เฉยๆ,เฉยๆ,เฉยๆ,เฉยๆ,เฉยๆ,เฉยๆ,เฉยๆ,เห็นด้วย,เห็นด้วย,เห็นด้วย,เฉยๆ,เห็นด้วย,เฉยๆ,เฉยๆ,เฉยๆ,เฉยๆ,เฉยๆ,เฉยๆ,เฉยๆ,เฉยๆ,เฉยๆ,เฉยๆ,เฉยๆ,เห็นด้วย,เฉยๆ,เห็นด้วย,เฉยๆ,เฉยๆ,เห็นด้วย,เห็นด้วย,เห็นด้วย,เฉยๆ,เฉยๆ,เฉยๆ,เฉยๆ,เฉยๆ,เฉยๆ,เฉยๆ,เฉยๆ,เฉยๆ,เฉยๆ,เฉยๆ,เฉยๆ,เฉยๆ,เฉยๆ,เฉยๆ,เฉยๆ,"Option 1, Option 3, Option 7",20-29ปี,ชาย,โสด ไม่มีแฟน
6/27/2024 21:48:55,เคย,เหมือนลูกของเรา,ไทย,King cat,มากที่สุด,น้อย,มากที่สุด,ปานกลาง,มากที่สุด,มีผล,ภาพแมวจริง หรือแมวสมจริง (AI),มากที่สุด,มาก,ปานกลาง,มากที่สุด,มากที่สุด,มาก,มาก,มาก,King cat เพราะแมวชอบกินไม่เบื่อ และมี ฟังก์ชันช่วยเรื่องไตของแมว,ของแถมที่คล้ายๆกล่องสุ่ม ได้ลุ้นว่าจะเจออะไร,เฉยๆ,เห็นด้วย,ไม่เห็นด้วย,เห็นด้วย,เฉยๆ,ไม่เห็นด้วย,เฉยๆ,เห็นด้วย,ไม่เห็นด้วย,ไม่เห็นด้วย,เห็นด้วย,เห็นด้วย,เห็นด้วย,เห็นด้วย,เฉยๆ,เฉยๆ,เห็นด้วย,เฉยๆ,เห็นด้วย,ไม่เห็นด้วย,ไม่เห็นด้วย,เฉยๆ,เฉยๆ,เฉยๆ,ไม่เห็นด้วย,เห็นด้วย,เห็นด้วยที่สุด,เห็นด้วย,เห็นด้วย,เห็นด้วย,ไม่เห็นด้วย,เห็นด้วยที่สุด,ไม่เห็นด้วย,เฉยๆ,เฉยๆ,เห็นด้วย,เห็นด้วยที่สุด,เห็นด้วย,เห็นด้วย,เห็นด้วย,เฉยๆ,เฉยๆ,ไม่เห็นด้วย,ไม่เห็นด้วย,ไม่เห็นด้วย,ไม่เห็นด้วย,ไม่เห็นด้วย,เฉยๆ,ไม่เห็นด้วย,ไม่เห็นด้วย,"Option 1, Option 6, Option 8",40-49ปี,ชาย,มีแฟนแต่ยังไม่แต่งงาน
6/28/2024 0:32:50,เคย,ลูก,แมวพันธ์ไทย + พันธ์ไทยผสมเปอร์เซีย,อาหารแมว friskies,มากที่สุด,มาก,มาก,ปานกลาง,มาก,ไม่มีผล,ภาพแมวจริง หรือแมวสมจริง (AI),ปานกลาง,ปานกลาง,ปานกลาง,มากที่สุด,มาก,ปานกลาง,มาก,มากที่สุด,อาหารแมว friskies // สีบรรจุภัณฑสดใส,รูปลักษณะเม็ดที่ชัดเจน ,เห็นด้วย,เห็นด้วย,เฉยๆ,เฉยๆ,เฉยๆ,เห็นด้วย,เห็นด้วย,เฉยๆ,เฉยๆ,เฉยๆ,เห็นด้วย,เห็นด้วย,เห็นด้วย,เห็นด้วย,เห็นด้วย,เห็นด้วย,เห็นด้วย,เฉยๆ,เฉยๆ,เฉยๆ,เฉยๆ,เฉยๆ,เฉยๆ,เฉยๆ,เฉยๆ,ไม่เห็นด้วย,เห็นด้วย,เฉยๆ,เฉยๆ,เฉยๆ,เฉยๆ,เห็นด้วย,เฉยๆ,เฉยๆ,เฉยๆ,เฉยๆ,เฉยๆ,เฉยๆ,เฉยๆ,เฉยๆ,เฉยๆ,เฉยๆ,เฉยๆ,เฉยๆ,เฉยๆ,เฉยๆ,เฉยๆ,เฉยๆ,เฉยๆ,เฉยๆ,"Option 2, Option 3, Option 4",20-29ปี,หญิง,มีแฟนแต่ยังไม่แต่งงาน
6/28/2024 9:32:59,เคย,เป็นสัตว์เลี้ยงแสนรัก,สก๊อตติช,เชียร์แชร์,ปานกลาง,ปานกลาง,มาก,ปานกลาง,มาก,ไม่มีผล,ได้ทั้งสองแบบ หากถูกใจ,ปานกลาง,น้อย,มากที่สุด,ปานกลาง,ปานกลาง,ปานกลาง,มาก,มาก,วิสกัส มันจดจำได้โดดเด่นจากสี ci และแมวพันธุ์นั้น ลายนั้นบนถุงวิสกัส ที่พอเห็นตัวจริง ก็จะเรียกว่าแมววิสกัส,อยากให้เพิ่มพื้นที่สีใสๆ ให้มองเห็นข้างในจริงๆ,ไม่เห็นด้วย,ไม่เห็นด้วย,ไม่เห็นด้วย,ไม่เห็นด้วย,ไม่เห็นด้วย,เฉยๆ,เฉยๆ,เฉยๆ,เฉยๆ,เฉยๆ,เฉยๆ,เฉยๆ,เฉยๆ,เฉยๆ,เห็นด้วย,เฉยๆ,เห็นด้วย,เฉยๆ,เฉยๆ,เห็นด้วย,เห็นด้วย,เฉยๆ,เห็นด้วย,เห็นด้วย,เฉยๆ,เฉยๆ,เฉยๆ,เฉยๆ,เฉยๆ,เฉยๆ,เฉยๆ,เฉยๆ,เฉยๆ,เฉยๆ,เฉยๆ,เฉยๆ,เฉยๆ,เฉยๆ,เฉยๆ,เฉยๆ,เฉยๆ,เฉยๆ,เฉยๆ,เห็นด้วย,เฉยๆ,เฉยๆ,เห็นด้วย,เฉยๆ,เฉยๆ,เฉยๆ,"Option 3, Option 5, Option 9",20-29ปี,หญิง,มีแฟนแต่ยังไม่แต่งงาน
6/28/2024 10:30:32,เคย,เป็นลูก,เก็บมาเลี้ยง,พูริโน่นีโอ,มากที่สุด,ปานกลาง,มากที่สุด,ปานกลาง,ปานกลาง,ไม่มีผล,ภาพแมวจริง หรือแมวสมจริง (AI),ปานกลาง,ปานกลาง,ปานกลาง,ปานกลาง,มากที่สุด,ปานกลาง,มาก,มาก,พูริโน่่่นีโอ,-,เห็นด้วยที่สุด,เห็นด้วยที่สุด,เห็นด้วยที่สุด,เห็นด้วยที่สุด,เห็นด้วยที่สุด,เห็นด้วยที่สุด,เห็นด้วยที่สุด,เห็นด้วยที่สุด,เห็นด้วยที่สุด,เห็นด้วยที่สุด,เห็นด้วยที่สุด,เห็นด้วยที่สุด,เห็นด้วยที่สุด,เห็นด้วยที่สุด,เห็นด้วยที่สุด,เห็นด้วยที่สุด,เห็นด้วยที่สุด,เห็นด้วยที่สุด,เห็นด้วยที่สุด,เห็นด้วยที่สุด,เฉยๆ,เฉยๆ,เฉยๆ,เฉยๆ,เฉยๆ,เฉยๆ,เฉยๆ,เฉยๆ,เฉยๆ,เฉยๆ,เฉยๆ,เฉยๆ,เฉยๆ,เฉยๆ,เฉยๆ,เฉยๆ,เฉยๆ,เฉยๆ,เฉยๆ,เฉยๆ,เฉยๆ,เฉยๆ,เฉยๆ,เฉยๆ,เฉยๆ,เฉยๆ,เฉยๆ,เฉยๆ,เฉยๆ,เฉยๆ,"Option 1, Option 2, Option 3",40-49ปี,หญิง,โสด ไม่มีแฟน
6/28/2024 11:12:40,เคย,เป็นเหมือนลูก,เปอร์เซีย,Perfecta,มากที่สุด,น้อย,ปานกลาง,น้อยที่สุด,ปานกลาง,ไม่มีผล,ภาพแมวจริง หรือแมวสมจริง (AI),มากที่สุด,ปานกลาง,มากที่สุด,มากที่สุด,มาก,มากที่สุด,มากที่สุด,มาก,king cat โลโก้จดจำง่าย,ที่ตักอาหาร,ไม่เห็นด้วย,เห็นด้วย,ไม่เห็นด้วยเลย,ไม่เห็นด้วยเลย,ไม่เห็นด้วยเลย,ไม่เห็นด้วย,เห็นด้วย,ไม่เห็นด้วยเลย,ไม่เห็นด้วย,ไม่เห็นด้วยเลย,ไม่เห็นด้วย,เห็นด้วยที่สุด,เฉยๆ,เฉยๆ,เฉยๆ,ไม่เห็นด้วย,เห็นด้วยที่สุด,เฉยๆ,เฉยๆ,เฉยๆ,ไม่เห็นด้วยเลย,เห็นด้วย,ไม่เห็นด้วย,ไม่เห็นด้วย,ไม่เห็นด้วยเลย,เฉยๆ,เห็นด้วย,เฉยๆ,เฉยๆ,เฉยๆ,ไม่เห็นด้วย,เห็นด้วยที่สุด,ไม่เห็นด้วยเลย,ไม่เห็นด้วย,ไม่เห็นด้วยเลย,เฉยๆ,เห็นด้วยที่สุด,เฉยๆ,เฉยๆ,เฉยๆ,ไม่เห็นด้วย,เห็นด้วยที่สุด,ไม่เห็นด้วย,ไม่เห็นด้วย,ไม่เห็นด้วยเลย,เฉยๆ,เห็นด้วย,เห็นด้วย,เฉยๆ,เฉยๆ,"Option 3, Option 6, Option 10",30-39ปี,หญิง,แต่งงานแล้ว
6/28/2024 11:20:13,เคย,เป็นลูกของเรา,แมวไทยบ้านๆ,พูริโน่,มากที่สุด,ปานกลาง,มากที่สุด,ปานกลาง,มาก,ไม่มีผล,ภาพแมวจริง หรือแมวสมจริง (AI),ปานกลาง,มาก,ปานกลาง,น้อย,ปานกลาง,น้อย,มาก,ปานกลาง,"คิงแคทส์ , คาร์นิว่า",ที่เปิดทึ่สะดวกและไม่ยุ่งยาก,เห็นด้วย,เห็นด้วย,เห็นด้วย,เห็นด้วย,เห็นด้วย,เฉยๆ,เห็นด้วย,เฉยๆ,ไม่เห็นด้วย,ไม่เห็นด้วย,เฉยๆ,เฉยๆ,เฉยๆ,ไม่เห็นด้วย,ไม่เห็นด้วย,เฉยๆ,เฉยๆ,เฉยๆ,ไม่เห็นด้วย,ไม่เห็นด้วย,ไม่เห็นด้วย,ไม่เห็นด้วย,ไม่เห็นด้วย,ไม่เห็นด้วย,ไม่เห็นด้วย,เฉยๆ,เฉยๆ,เฉยๆ,เฉยๆ,ไม่เห็นด้วย,เฉยๆ,เฉยๆ,เฉยๆ,เฉยๆ,ไม่เห็นด้วย,เห็นด้วย,เห็นด้วย,เฉยๆ,เฉยๆ,เฉยๆ,เฉยๆ,เฉยๆ,ไม่เห็นด้วย,ไม่เห็นด้วย,ไม่เห็นด้วย,เห็นด้วย,เห็นด้วยที่สุด,เห็นด้วย,เห็นด้วย,เห็นด้วย,"Option 1, Option 8, Option 10",50ปี ขึ้นไป,หญิง,โสด ไม่มีแฟน
6/28/2024 11:28:50,เคย,เป็นเหมือนสมาชิกหนึ่งในบ้าน,"หิมารยัน, หิมารยันผสม",Kativa,มากที่สุด,ปานกลาง,มากที่สุด,น้อย,ปานกลาง,มีผล,ภาพแมวจริง หรือแมวสมจริง (AI),มาก,มาก,มากที่สุด,มากที่สุด,มาก,มาก,มากที่สุด,มาก,King Cat,คุณค่าทางอาหาร/ สื่อถึงสุขภาพที่ดีหากกินอาหารชนิดนั้น /รสชาติอาหารทำจากวัตถุดิบใดระบุ ให้ชัดเจน,ไม่เห็นด้วย,ไม่เห็นด้วย,ไม่เห็นด้วยเลย,ไม่เห็นด้วยเลย,ไม่เห็นด้วยเลย,เฉยๆ,เฉยๆ,ไม่เห็นด้วย,ไม่เห็นด้วย,ไม่เห็นด้วย,เฉยๆ,เห็นด้วย,เฉยๆ,เฉยๆ,ไม่เห็นด้วย,เฉยๆ,เฉยๆ,เฉยๆ,เฉยๆ,เฉยๆ,เฉยๆ,เฉยๆ,เฉยๆ,เฉยๆ,เฉยๆ,ไม่เห็นด้วย,ไม่เห็นด้วย,ไม่เห็นด้วย,ไม่เห็นด้วย,ไม่เห็นด้วย,เฉยๆ,เฉยๆ,เฉยๆ,เฉยๆ,เฉยๆ,เฉยๆ,เฉยๆ,เฉยๆ,เฉยๆ,เฉยๆ,เห็นด้วย,เห็นด้วย,เฉยๆ,เฉยๆ,ไม่เห็นด้วย,เฉยๆ,เห็นด้วยที่สุด,เห็นด้วย,เฉยๆ,ไม่เห็นด้วย,"Option 3, Option 5, Option 9",40-49ปี,หญิง,แต่งงานแล้ว
6/28/2024 11:52:36,เคย,สัตว์เลี้ยงในบ้าน,ไทยแท้ (แมวจร),Wishkas,มาก,ปานกลาง,มาก,ปานกลาง,ปานกลาง,มีผล,ภาพแมวจริง หรือแมวสมจริง (AI),มาก,มาก,มากที่สุด,มากที่สุด,มาก,มากที่สุด,มากที่สุด,ปานกลาง,Wishkas เห็นบ่อย,ของเล่นแมว,เห็นด้วย,เห็นด้วย,เห็นด้วย,เห็นด้วย,เห็นด้วย,เห็นด้วย,เห็นด้วย,เห็นด้วย,เห็นด้วย,เห็นด้วย,เห็นด้วย,เห็นด้วย,เห็นด้วย,เห็นด้วย,เห็นด้วย,เห็นด้วย,เห็นด้วย,เห็นด้วย,เห็นด้วย,เห็นด้วย,เห็นด้วย,เห็นด้วย,เห็นด้วย,เห็นด้วย,เห็นด้วย,เห็นด้วย,เห็นด้วย,เห็นด้วย,เห็นด้วย,เห็นด้วย,เห็นด้วย,เห็นด้วย,เห็นด้วย,เห็นด้วย,เห็นด้วย,เห็นด้วย,เห็นด้วย,เห็นด้วย,เห็นด้วย,เห็นด้วย,เห็นด้วย,เห็นด้วย,เห็นด้วย,เห็นด้วย,เห็นด้วย,เฉยๆ,เห็นด้วย,เห็นด้วย,เห็นด้วย,เห็นด้วย,"Option 1, Option 2, Option 6",40-49ปี,ชาย,แต่งงานแล้ว
6/28/2024 11:58:25,เคย,เป็นเพื่อนเล่นคลายเครียด จับๆลูบๆแล้วฮีลใจ ,พันธุ์ผสม หิมาลายัน+ไทย,Kativa,มากที่สุด,น้อย,ปานกลาง,น้อย,มาก,มีผล,ได้ทั้งสองแบบ หากถูกใจ,ปานกลาง,ปานกลาง,ปานกลาง,มาก,ปานกลาง,ปานกลาง,มาก,ปานกลาง,Kativa รูปแมวน่ารักดี,อยากให้แบ่งเป็นห่อเล็กๆในถุงอย่างเช่นถุง 10 โลข้างในอาจจะแบ่งเป็นถุงๆละโล,เฉยๆ,เฉยๆ,เฉยๆ,ไม่เห็นด้วย,เฉยๆ,เห็นด้วย,เฉยๆ,เฉยๆ,เฉยๆ,เห็นด้วย,เห็นด้วย,เฉยๆ,เฉยๆ,เฉยๆ,เห็นด้วย,เฉยๆ,เห็นด้วย,เฉยๆ,เฉยๆ,เฉยๆ,เห็นด้วย,เห็นด้วย,เฉยๆ,เฉยๆ,เห็นด้วย,เฉยๆ,เห็นด้วย,เฉยๆ,เฉยๆ,เฉยๆ,เฉยๆ,เฉยๆ,เฉยๆ,เฉยๆ,เฉยๆ,เฉยๆ,เฉยๆ,เฉยๆ,เฉยๆ,เฉยๆ,เฉยๆ,เฉยๆ,เฉยๆ,เฉยๆ,เฉยๆ,เฉยๆ,เฉยๆ,เฉยๆ,เฉยๆ,เฉยๆ,"Option 2, Option 3, Option 5",40-49ปี,หญิง,โสด ไม่มีแฟน
6/28/2024 12:32:49,เคย,เพื่อนคลายเหงา,เปอร์เซีย,Will,มาก,มาก,มาก,มาก,มาก,มีผล,ได้ทั้งสองแบบ หากถูกใจ,มาก,มาก,มากที่สุด,มากที่สุด,มาก,มากที่สุด,มากที่สุด,มาก,แคทิวา,,เฉยๆ,เฉยๆ,เฉยๆ,เฉยๆ,เฉยๆ,เห็นด้วย,เฉยๆ,เฉยๆ,เห็นด้วย,เห็นด้วย,เห็นด้วย,เห็นด้วย,เฉยๆ,เห็นด้วย,เฉยๆ,ไม่เห็นด้วย,ไม่เห็นด้วย,ไม่เห็นด้วย,ไม่เห็นด้วย,ไม่เห็นด้วย,เฉยๆ,ไม่เห็นด้วย,ไม่เห็นด้วย,เฉยๆ,ไม่เห็นด้วย,เฉยๆ,เฉยๆ,เฉยๆ,เฉยๆ,เฉยๆ,เฉยๆ,เฉยๆ,เฉยๆ,เฉยๆ,เฉยๆ,ไม่เห็นด้วย,ไม่เห็นด้วย,ไม่เห็นด้วย,ไม่เห็นด้วย,ไม่เห็นด้วย,เฉยๆ,เฉยๆ,เฉยๆ,เฉยๆ,เฉยๆ,ไม่เห็นด้วย,เฉยๆ,ไม่เห็นด้วย,ไม่เห็นด้วย,ไม่เห็นด้วย,"Option 1, Option 2, Option 3",20-29ปี,ชาย,แต่งงานแล้ว
6/28/2024 13:45:31,เคย,ปกติชอบเลี้ยงสุนัขครับ ส่วนแมว ลูกๆชอบครับผม,ลูกครึ่งเปอร์เซีย,คิงแคท,มาก,ปานกลาง,ปานกลาง,ปานกลาง,มาก,มีผล,ได้ทั้งสองแบบ หากถูกใจ,ปานกลาง,ปานกลาง,ปานกลาง,มาก,มากที่สุด,มากที่สุด,มากที่สุด,ปานกลาง,วิสกัส โฆษณาโปรโมทแทบในทุกสื่อ,ซิบล็อค,เฉยๆ,เฉยๆ,เฉยๆ,เฉยๆ,เฉยๆ,เฉยๆ,เฉยๆ,เฉยๆ,เฉยๆ,เฉยๆ,เฉยๆ,เห็นด้วย,เฉยๆ,เฉยๆ,เห็นด้วย,เฉยๆ,เฉยๆ,เฉยๆ,เฉยๆ,เฉยๆ,เฉยๆ,เฉยๆ,เฉยๆ,เฉยๆ,เฉยๆ,เฉยๆ,เฉยๆ,เฉยๆ,เฉยๆ,เฉยๆ,เฉยๆ,เฉยๆ,เฉยๆ,เฉยๆ,เฉยๆ,เฉยๆ,เฉยๆ,เฉยๆ,เฉยๆ,เฉยๆ,เฉยๆ,เฉยๆ,เฉยๆ,เฉยๆ,เฉยๆ,เฉยๆ,เฉยๆ,เฉยๆ,เฉยๆ,เฉยๆ,"Option 3, Option 6, Option 8",50ปี ขึ้นไป,ชาย,แต่งงานแล้ว
6/28/2024 15:42:38,เคย,ราคา,ข้างทาง,You-O,ปานกลาง,ปานกลาง,ปานกลาง,ปานกลาง,ปานกลาง,ไม่มีผล,ได้ทั้งสองแบบ หากถูกใจ,ปานกลาง,ปานกลาง,ปานกลาง,ปานกลาง,ปานกลาง,ปานกลาง,ปานกลาง,ปานกลาง,ใช้เลี้ยงแมวอายุเท่าไร่,ส่วนใหญ่ดูราคา,เห็นด้วย,เห็นด้วย,เฉยๆ,เฉยๆ,เห็นด้วย,เห็นด้วย,เห็นด้วย,เห็นด้วย,เฉยๆ,เห็นด้วย,เห็นด้วย,เห็นด้วย,เฉยๆ,เฉยๆ,เฉยๆ,เฉยๆ,เฉยๆ,เฉยๆ,เฉยๆ,เฉยๆ,เห็นด้วย,เห็นด้วย,เห็นด้วย,เห็นด้วย,เห็นด้วย,เห็นด้วย,เฉยๆ,เฉยๆ,เฉยๆ,เห็นด้วย,เฉยๆ,เฉยๆ,เฉยๆ,เฉยๆ,เฉยๆ,เห็นด้วย,เห็นด้วย,เฉยๆ,เฉยๆ,เห็นด้วย,เฉยๆ,เฉยๆ,เฉยๆ,เฉยๆ,เฉยๆ,เฉยๆ,เฉยๆ,เฉยๆ,เฉยๆ,เฉยๆ,"Option 1, Option 2, Option 5",50ปี ขึ้นไป,หญิง,แต่งงานแล้ว
6/28/2024 16:14:18,ไม่เคย,,,,,,,,,,,,,,,,,,,,,,,,,,,,,,,,,,,,,,,,,,,,,,,,,,,,,,,,,,,,,,,,,,,,,,,,,,
6/28/2024 16:25:11,เคย,สัตว์เลี้ยง,ไทย,YouO,มากที่สุด,มากที่สุด,มากที่สุด,มากที่สุด,มาก,มีผล,ได้ทั้งสองแบบ หากถูกใจ,มากที่สุด,มากที่สุด,มากที่สุด,มากที่สุด,มากที่สุด,มากที่สุด,มากที่สุด,มากที่สุด,YouO,,เฉยๆ,เฉยๆ,เฉยๆ,เฉยๆ,เฉยๆ,เห็นด้วย,เห็นด้วย,เห็นด้วย,เห็นด้วย,เห็นด้วย,เห็นด้วยที่สุด,เห็นด้วยที่สุด,เห็นด้วยที่สุด,เห็นด้วยที่สุด,เห็นด้วยที่สุด,เห็นด้วย,เห็นด้วย,เห็นด้วย,เห็นด้วย,เห็นด้วย,เห็นด้วย,เห็นด้วย,เห็นด้วย,เห็นด้วย,เห็นด้วย,เห็นด้วยที่สุด,เห็นด้วยที่สุด,เห็นด้วยที่สุด,เห็นด้วยที่สุด,เห็นด้วยที่สุด,เห็นด้วยที่สุด,เห็นด้วยที่สุด,เห็นด้วยที่สุด,เห็นด้วยที่สุด,เห็นด้วยที่สุด,เห็นด้วย,เห็นด้วย,เห็นด้วย,เห็นด้วย,เห็นด้วย,เฉยๆ,เฉยๆ,เฉยๆ,เฉยๆ,เฉยๆ,เฉยๆ,เฉยๆ,เฉยๆ,เฉยๆ,เฉยๆ,"Option 3, Option 4, Option 6",50ปี ขึ้นไป,หญิง,โสด ไม่มีแฟน
6/28/2024 16:47:14,เคย,"เพื่อน , เป็นส่วนหนึ่งของครอบครัว",แมวไทย ขาวปลอด,ทั่วไปๆ,มากที่สุด,ปานกลาง,ปานกลาง,ปานกลาง,ปานกลาง,มีผล,ได้ทั้งสองแบบ หากถูกใจ,ปานกลาง,ปานกลาง,ปานกลาง,ปานกลาง,ปานกลาง,ปานกลาง,ปานกลาง,ปานกลาง,รวม ๆไม่เด่น,ไม่มี,เห็นด้วย,เห็นด้วย,เห็นด้วย,เฉยๆ,เห็นด้วย,เห็นด้วย,เห็นด้วย,เห็นด้วย,เห็นด้วย,เห็นด้วย,เห็นด้วย,เห็นด้วย,เห็นด้วย,เห็นด้วย,เห็นด้วย,เห็นด้วย,เห็นด้วย,เห็นด้วย,เห็นด้วย,เห็นด้วย,เห็นด้วย,เห็นด้วย,เห็นด้วย,เห็นด้วย,เห็นด้วย,เห็นด้วย,เห็นด้วย,เห็นด้วย,เห็นด้วย,เห็นด้วย,เห็นด้วย,เห็นด้วย,เห็นด้วย,เห็นด้วย,เห็นด้วย,เห็นด้วย,เห็นด้วย,เห็นด้วย,เห็นด้วย,เห็นด้วย,เห็นด้วย,เห็นด้วย,เห็นด้วย,เห็นด้วย,เห็นด้วย,เห็นด้วย,เห็นด้วย,เห็นด้วย,เห็นด้วย,เห็นด้วย,"Option 2, Option 3, Option 6",50ปี ขึ้นไป,ชาย,แต่งงานแล้ว
6/28/2024 16:53:17,เคย,ภาระจำยอม​ ต้องเลี้ยงให้ลูก,Scottish และ​ไทย,king cat.และ​ purino,มากที่สุด,ปานกลาง,มาก,ปานกลาง,มากที่สุด,มีผล,ได้ทั้งสองแบบ หากถูกใจ,ปานกลาง,ปานกลาง,ปานกลาง,มากที่สุด,มากที่สุด,มาก,มาก,ปานกลาง,Wills. รูปแมวหน้าถุงบรรจุสวยและตัวใหญ่เห็นชัด,เนื้อปลาทูน่า​ ปลาแซลมอน,เห็นด้วย,เห็นด้วย,เฉยๆ,เฉยๆ,เฉยๆ,เฉยๆ,เฉยๆ,เฉยๆ,เฉยๆ,เฉยๆ,เห็นด้วย,เห็นด้วย,เห็นด้วย,เห็นด้วย,เห็นด้วย,เฉยๆ,เฉยๆ,เฉยๆ,เฉยๆ,เฉยๆ,ไม่เห็นด้วย,ไม่เห็นด้วย,ไม่เห็นด้วย,ไม่เห็นด้วย,ไม่เห็นด้วย,ไม่เห็นด้วย,ไม่เห็นด้วย,ไม่เห็นด้วย,ไม่เห็นด้วย,ไม่เห็นด้วย,ไม่เห็นด้วย,ไม่เห็นด้วย,ไม่เห็นด้วย,ไม่เห็นด้วย,ไม่เห็นด้วย,เห็นด้วย,เฉยๆ,เห็นด้วย,เห็นด้วย,เห็นด้วย,ไม่เห็นด้วย,ไม่เห็นด้วย,ไม่เห็นด้วย,ไม่เห็นด้วย,ไม่เห็นด้วยเลย,ไม่เห็นด้วยเลย,ไม่เห็นด้วยเลย,ไม่เห็นด้วยเลย,ไม่เห็นด้วยเลย,ไม่เห็นด้วยเลย,"Option 1, Option 3, Option 8",50ปี ขึ้นไป,หญิง,แต่งงานแล้ว
6/28/2024 23:36:18,เคย,เพื่อน,สีสวาท,วิสคัส,มาก,ปานกลาง,ปานกลาง,น้อย,น้อย,ไม่มีผล,ได้ทั้งสองแบบ หากถูกใจ,ปานกลาง,มาก,มาก,ปานกลาง,ปานกลาง,ปานกลาง,ปานกลาง,มาก,-,สัญลักษณ์รับรองคุณภาพ,เห็นด้วย,เฉยๆ,เห็นด้วย,เห็นด้วย,เฉยๆ,เห็นด้วย,เห็นด้วย,เฉยๆ,เห็นด้วย,เห็นด้วย,เห็นด้วยที่สุด,เห็นด้วยที่สุด,เห็นด้วย,เห็นด้วยที่สุด,เห็นด้วย,เฉยๆ,ไม่เห็นด้วย,ไม่เห็นด้วย,ไม่เห็นด้วย,ไม่เห็นด้วย,ไม่เห็นด้วย,ไม่เห็นด้วย,ไม่เห็นด้วย,ไม่เห็นด้วย,ไม่เห็นด้วย,เฉยๆ,เห็นด้วย,เห็นด้วย,เฉยๆ,เฉยๆ,เฉยๆ,เฉยๆ,เฉยๆ,เฉยๆ,เฉยๆ,เฉยๆ,ไม่เห็นด้วย,ไม่เห็นด้วย,ไม่เห็นด้วย,ไม่เห็นด้วย,ไม่เห็นด้วย,ไม่เห็นด้วย,ไม่เห็นด้วย,ไม่เห็นด้วย,เฉยๆ,เฉยๆ,เฉยๆ,เฉยๆ,เฉยๆ,เฉยๆ,"Option 2, Option 3, Option 6",40-49ปี,ชาย,มีแฟนแต่ยังไม่แต่งงาน
6/30/2024 19:23:39,เคย,เป็นเพื่อนแก้เหงา เบื่อเราก็ทะเลาะกัน,ไทย-ดำ,วิสกัส ภูริโน,มากที่สุด,มาก,มากที่สุด,ปานกลาง,มาก,มีผล,ได้ทั้งสองแบบ หากถูกใจ,มาก,มากที่สุด,มากที่สุด,มากที่สุด,มากที่สุด,ปานกลาง,ปานกลาง,มากที่สุด,วิสกัส  คุ้นเคย ใช้มานาน ของดีมาก,แถมของเล่นให้น้อง“แมว“,เห็นด้วยที่สุด,เห็นด้วยที่สุด,เห็นด้วยที่สุด,เห็นด้วยที่สุด,เห็นด้วยที่สุด,เฉยๆ,เฉยๆ,ไม่เห็นด้วย,ไม่เห็นด้วย,ไม่เห็นด้วย,เห็นด้วย,เห็นด้วยที่สุด,เฉยๆ,เห็นด้วยที่สุด,เห็นด้วยที่สุด,เห็นด้วย,เห็นด้วย,เห็นด้วย,เห็นด้วย,เห็นด้วย,ไม่เห็นด้วย,ไม่เห็นด้วย,ไม่เห็นด้วย,ไม่เห็นด้วย,ไม่เห็นด้วย,เห็นด้วยที่สุด,เห็นด้วยที่สุด,เห็นด้วยที่สุด,เห็นด้วยที่สุด,เห็นด้วยที่สุด,เฉยๆ,เฉยๆ,เฉยๆ,เฉยๆ,เฉยๆ,เห็นด้วย,เห็นด้วย,เห็นด้วย,เห็นด้วย,เห็นด้วย,ไม่เห็นด้วย,ไม่เห็นด้วย,ไม่เห็นด้วย,ไม่เห็นด้วย,ไม่เห็นด้วย,เห็นด้วย,เห็นด้วย,เห็นด้วย,เห็นด้วย,เห็นด้วย,"Option 1, Option 3, Option 4",50ปี ขึ้นไป,หญิง,แต่งงานแล้ว
7/1/2024 5:34:50,เคย,เป็นเหมือนลูก,พื้นเมือง,ยูโอ,ปานกลาง,ปานกลาง,มาก,ปานกลาง,ปานกลาง,ไม่มีผล,ภาพแมวจริง หรือแมวสมจริง (AI),มาก,มาก,มาก,มาก,มาก,มาก,มาก,มาก,ยูโอ,,เฉยๆ,เฉยๆ,เฉยๆ,เฉยๆ,เฉยๆ,เห็นด้วย,เห็นด้วย,เฉยๆ,เห็นด้วย,เห็นด้วย,เห็นด้วย,เห็นด้วย,เห็นด้วย,เห็นด้วย,เห็นด้วย,เห็นด้วย,เห็นด้วย,เห็นด้วย,เห็นด้วย,เห็นด้วย,เห็นด้วย,เห็นด้วย,เห็นด้วย,เห็นด้วย,เห็นด้วย,เห็นด้วย,เห็นด้วย,เห็นด้วย,เห็นด้วย,เห็นด้วย,เห็นด้วย,เห็นด้วย,เห็นด้วย,เห็นด้วย,เห็นด้วย,เห็นด้วย,เห็นด้วย,เห็นด้วย,เห็นด้วย,เห็นด้วย,เห็นด้วย,เห็นด้วย,เห็นด้วย,เห็นด้วย,เห็นด้วย,เฉยๆ,เฉยๆ,เฉยๆ,เฉยๆ,เฉยๆ,"Option 1, Option 5, Option 7",50ปี ขึ้นไป,หญิง,แต่งงานแล้ว
7/12/2024 0:40:39,เคย,เพื่อนรัก,พันธุ์ไทย เก็บมาเลี้ยง,Pramy,มาก,ปานกลาง,มากที่สุด,น้อย,ปานกลาง,มีผล,ได้ทั้งสองแบบ หากถูกใจ,ปานกลาง,ปานกลาง,มาก,มาก,มาก,ปานกลาง,มากที่สุด,ปานกลาง,คิงงแคทส์ พูริโน,เลียแมว,เฉยๆ,เฉยๆ,เฉยๆ,เฉยๆ,เห็นด้วย,เฉยๆ,เฉยๆ,เฉยๆ,เฉยๆ,เฉยๆ,เฉยๆ,เฉยๆ,เฉยๆ,เฉยๆ,เฉยๆ,เฉยๆ,เฉยๆ,เฉยๆ,เฉยๆ,เฉยๆ,เห็นด้วย,เห็นด้วย,เฉยๆ,เห็นด้วย,เห็นด้วย,เห็นด้วย,เห็นด้วยที่สุด,เฉยๆ,เฉยๆ,เฉยๆ,เห็นด้วย,เห็นด้วย,เฉยๆ,เฉยๆ,เฉยๆ,ไม่เห็นด้วยเลย,ไม่เห็นด้วยเลย,ไม่เห็นด้วยเลย,ไม่เห็นด้วยเลย,ไม่เห็นด้วยเลย,เห็นด้วย,เห็นด้วย,เห็นด้วย,เห็นด้วย,เห็นด้วย,เฉยๆ,เฉยๆ,ไม่เห็นด้วย,ไม่เห็นด้วย,ไม่เห็นด้วย,"Option 1, Option 5, Option 6",30-39ปี,หญิง,โสด ไม่มีแฟน
,,,,,,,,,,,,,,,,,,,,,,,,,,,,,,,,,,,,,,,,,,,,,,,,,,,,,,,,,,,,,,,,,,,,,,,,,,,
,,,,,,,,,,,,,,,,,,,,,,,,,,,,,,,,,,,,,,,,,,,,,,,,,,,,,,,,,,,,,,,,,,,,,,,,,,,
,,,,,,,,,,,,,,,,,,,,,,,,,,,,,,,,,,,,,,,,,,,,,,,,,,,,,,,,,,,,,,,,,,,,,,,,,,,
,,,,,,,,,,,,,,,,,,,,,,,,,,,,,,,,,,,,,,,,,,,,,,,,,,,,,,,,,,,,,,,,,,,,,,,,,,,
,,,,,,,,,,,,,,,,,,,,,,,,,,,,,,,,,,,,,,,,,,,,,,,,,,,,,,,,,,,,,,,,,,,,,,,,,,,
,,,,,,,,,,,,,,,,,,,,,,,,,,,,,,,,,,,,,,,,,,,,,,,,,,,,,,,,,,,,,,,,,,,,,,,,,,,
,,,,,,,,,,,,,,,,,,,,,,,,,,,,,,,,,,,,,,,,,,,,,,,,,,,,,,,,,,,,,,,,,,,,,,,,,,,
,,,,,,,,,,,,,,,,,,,,,,,,,,,,,,,,,,,,,,,,,,,,,,,,,,,,,,,,,,,,,,,,,,,,,,,,,,,
,,,,,,,,,,,,,,,,,,,,,,,,,,,,,,,,,,,,,,,,,,,,,,,,,,,,,,,,,,,,,,,,,,,,,,,,,,,
,,,,,,,,,,,,,,,,,,,,,,,,,,,,,,,,,,,,,,,,,,,,,,,,,,,,,,,,,,,,,,,,,,,,,,,,,,,
,,,,,,,,,,,,,,,,,,,,,,,,,,,,,,,,,,,,,,,,,,,,,,,,,,,,,,,,,,,,,,,,,,,,,,,,,,,
,,,,,,,,,,,,,,,,,,,,,,,,,,,,,,,,,,,,,,,,,,,,,,,,,,,,,,,,,,,,,,,,,,,,,,,,,,,
,,,,,,,,,,,,,,,,,,,,,,,,,,,,,,,,,,,,,,,,,,,,,,,,,,,,,,,,,,,,,,,,,,,,,,,,,,,
,,,,,,,,,,,,,,,,,,,,,,,,,,,,,,,,,,,,,,,,,,,,,,,,,,,,,,,,,,,,,,,,,,,,,,,,,,,
,,,,,,,,,,,,,,,,,,,,,,,,,,,,,,,,,,,,,,,,,,,,,,,,,,,,,,,,,,,,,,,,,,,,,,,,,,,
,,,,,,,,,,,,,,,,,,,,,,,,,,,,,,,,,,,,,,,,,,,,,,,,,,,,,,,,,,,,,,,,,,,,,,,,,,,
,,,,,,,,,,,,,,,,,,,,,,,,,,,,,,,,,,,,,,,,,,,,,,,,,,,,,,,,,,,,,,,,,,,,,,,,,,,
,,,,,,,,,,,,,,,,,,,,,,,,,,,,,,,,,,,,,,,,,,,,,,,,,,,,,,,,,,,,,,,,,,,,,,,,,,,
,,,,,,,,,,,,,,,,,,,,,,,,,,,,,,,,,,,,,,,,,,,,,,,,,,,,,,,,,,,,,,,,,,,,,,,,,,,
,,,,,,,,,,,,,,,,,,,,,,,,,,,,,,,,,,,,,,,,,,,,,,,,,,,,,,,,,,,,,,,,,,,,,,,,,,,
,,,,,,,,,,,,,,,,,,,,,,,,,,,,,,,,,,,,,,,,,,,,,,,,,,,,,,,,,,,,,,,,,,,,,,,,,,,
,,,,,,,,,,,,,,,,,,,,,,,,,,,,,,,,,,,,,,,,,,,,,,,,,,,,,,,,,,,,,,,,,,,,,,,,,,,
,,,,,,,,,,,,,,,,,,,,,,,,,,,,,,,,,,,,,,,,,,,,,,,,,,,,,,,,,,,,,,,,,,,,,,,,,,,
,,,,,,,,,,,,,,,,,,,,,,,,,,,,,,,,,,,,,,,,,,,,,,,,,,,,,,,,,,,,,,,,,,,,,,,,,,,
,,,,,,,,,,,,,,,,,,,,,,,,,,,,,,,,,,,,,,,,,,,,,,,,,,,,,,,,,,,,,,,,,,,,,,,,,,,
,,,,,,,,,,,,,,,,,,,,,,,,,,,,,,,,,,,,,,,,,,,,,,,,,,,,,,,,,,,,,,,,,,,,,,,,,,,
,,,,,,,,,,,,,,,,,,,,,,,,,,,,,,,,,,,,,,,,,,,,,,,,,,,,,,,,,,,,,,,,,,,,,,,,,,,
,,,,,,,,,,,,,,,,,,,,,,,,,,,,,,,,,,,,,,,,,,,,,,,,,,,,,,,,,,,,,,,,,,,,,,,,,,,
,,,,,,,,,,,,,,,,,,,,,,,,,,,,,,,,,,,,,,,,,,,,,,,,,,,,,,,,,,,,,,,,,,,,,,,,,,,
,,,,,,,,,,,,,,,,,,,,,,,,,,,,,,,,,,,,,,,,,,,,,,,,,,,,,,,,,,,,,,,,,,,,,,,,,,,
,,,,,,,,,,,,,,,,,,,,,,,,,,,,,,,,,,,,,,,,,,,,,,,,,,,,,,,,,,,,,,,,,,,,,,,,,,,
,,,,,,,,,,,,,,,,,,,,,,,,,,,,,,,,,,,,,,,,,,,,,,,,,,,,,,,,,,,,,,,,,,,,,,,,,,,
,,,,,,,,,,,,,,,,,,,,,,,,,,,,,,,,,,,,,,,,,,,,,,,,,,,,,,,,,,,,,,,,,,,,,,,,,,,
,,,,,,,,,,,,,,,,,,,,,,,,,,,,,,,,,,,,,,,,,,,,,,,,,,,,,,,,,,,,,,,,,,,,,,,,,,,
,,,,,,,,,,,,,,,,,,,,,,,,,,,,,,,,,,,,,,,,,,,,,,,,,,,,,,,,,,,,,,,,,,,,,,,,,,,
,,,,,,,,,,,,,,,,,,,,,,,,,,,,,,,,,,,,,,,,,,,,,,,,,,,,,,,,,,,,,,,,,,,,,,,,,,,
,,,,,,,,,,,,,,,,,,,,,,,,,,,,,,,,,,,,,,,,,,,,,,,,,,,,,,,,,,,,,,,,,,,,,,,,,,,
,,,,,,,,,,,,,,,,,,,,,,,,,,,,,,,,,,,,,,,,,,,,,,,,,,,,,,,,,,,,,,,,,,,,,,,,,,,
,,,,,,,,,,,,,,,,,,,,,,,,,,,,,,,,,,,,,,,,,,,,,,,,,,,,,,,,,,,,,,,,,,,,,,,,,,,
,,,,,,,,,,,,,,,,,,,,,,,,,,,,,,,,,,,,,,,,,,,,,,,,,,,,,,,,,,,,,,,,,,,,,,,,,,,
,,,,,,,,,,,,,,,,,,,,,,,,,,,,,,,,,,,,,,,,,,,,,,,,,,,,,,,,,,,,,,,,,,,,,,,,,,,
,,,,,,,,,,,,,,,,,,,,,,,,,,,,,,,,,,,,,,,,,,,,,,,,,,,,,,,,,,,,,,,,,,,,,,,,,,,
,,,,,,,,,,,,,,,,,,,,,,,,,,,,,,,,,,,,,,,,,,,,,,,,,,,,,,,,,,,,,,,,,,,,,,,,,,,
,,,,,,,,,,,,,,,,,,,,,,,,,,,,,,,,,,,,,,,,,,,,,,,,,,,,,,,,,,,,,,,,,,,,,,,,,,,
,,,,,,,,,,,,,,,,,,,,,,,,,,,,,,,,,,,,,,,,,,,,,,,,,,,,,,,,,,,,,,,,,,,,,,,,,,,
,,,,,,,,,,,,,,,,,,,,,,,,,,,,,,,,,,,,,,,,,,,,,,,,,,,,,,,,,,,,,,,,,,,,,,,,,,,
,,,,,,,,,,,,,,,,,,,,,,,,,,,,,,,,,,,,,,,,,,,,,,,,,,,,,,,,,,,,,,,,,,,,,,,,,,,
,,,,,,,,,,,,,,,,,,,,,,,,,,,,,,,,,,,,,,,,,,,,,,,,,,,,,,,,,,,,,,,,,,,,,,,,,,,
,,,,,,,,,,,,,,,,,,,,,,,,,,,,,,,,,,,,,,,,,,,,,,,,,,,,,,,,,,,,,,,,,,,,,,,,,,,
,,,,,,,,,,,,,,,,,,,,,,,,,,,,,,,,,,,,,,,,,,,,,,,,,,,,,,,,,,,,,,,,,,,,,,,,,,,
,,,,,,,,,,,,,,,,,,,,,,,,,,,,,,,,,,,,,,,,,,,,,,,,,,,,,,,,,,,,,,,,,,,,,,,,,,,
,,,,,,,,,,,,,,,,,,,,,,,,,,,,,,,,,,,,,,,,,,,,,,,,,,,,,,,,,,,,,,,,,,,,,,,,,,,
,,,,,,,,,,,,,,,,,,,,,,,,,,,,,,,,,,,,,,,,,,,,,,,,,,,,,,,,,,,,,,,,,,,,,,,,,,,
,,,,,,,,,,,,,,,,,,,,,,,,,,,,,,,,,,,,,,,,,,,,,,,,,,,,,,,,,,,,,,,,,,,,,,,,,,,
,,,,,,,,,,,,,,,,,,,,,,,,,,,,,,,,,,,,,,,,,,,,,,,,,,,,,,,,,,,,,,,,,,,,,,,,,,,
,,,,,,,,,,,,,,,,,,,,,,,,,,,,,,,,,,,,,,,,,,,,,,,,,,,,,,,,,,,,,,,,,,,,,,,,,,,
,,,,,,,,,,,,,,,,,,,,,,,,,,,,,,,,,,,,,,,,,,,,,,,,,,,,,,,,,,,,,,,,,,,,,,,,,,,
,,,,,,,,,,,,,,,,,,,,,,,,,,,,,,,,,,,,,,,,,,,,,,,,,,,,,,,,,,,,,,,,,,,,,,,,,,,
,,,,,,,,,,,,,,,,,,,,,,,,,,,,,,,,,,,,,,,,,,,,,,,,,,,,,,,,,,,,,,,,,,,,,,,,,,,
,,,,,,,,,,,,,,,,,,,,,,,,,,,,,,,,,,,,,,,,,,,,,,,,,,,,,,,,,,,,,,,,,,,,,,,,,,,
,,,,,,,,,,,,,,,,,,,,,,,,,,,,,,,,,,,,,,,,,,,,,,,,,,,,,,,,,,,,,,,,,,,,,,,,,,,
,,,,,,,,,,,,,,,,,,,,,,,,,,,,,,,,,,,,,,,,,,,,,,,,,,,,,,,,,,,,,,,,,,,,,,,,,,,
,,,,,,,,,,,,,,,,,,,,,,,,,,,,,,,,,,,,,,,,,,,,,,,,,,,,,,,,,,,,,,,,,,,,,,,,,,,
,,,,,,,,,,,,,,,,,,,,,,,,,,,,,,,,,,,,,,,,,,,,,,,,,,,,,,,,,,,,,,,,,,,,,,,,,,,
,,,,,,,,,,,,,,,,,,,,,,,,,,,,,,,,,,,,,,,,,,,,,,,,,,,,,,,,,,,,,,,,,,,,,,,,,,,
,,,,,,,,,,,,,,,,,,,,,,,,,,,,,,,,,,,,,,,,,,,,,,,,,,,,,,,,,,,,,,,,,,,,,,,,,,,
,,,,,,,,,,,,,,,,,,,,,,,,,,,,,,,,,,,,,,,,,,,,,,,,,,,,,,,,,,,,,,,,,,,,,,,,,,,
,,,,,,,,,,,,,,,,,,,,,,,,,,,,,,,,,,,,,,,,,,,,,,,,,,,,,,,,,,,,,,,,,,,,,,,,,,,
,,,,,,,,,,,,,,,,,,,,,,,,,,,,,,,,,,,,,,,,,,,,,,,,,,,,,,,,,,,,,,,,,,,,,,,,,,,
,,,,,,,,,,,,,,,,,,,,,,,,,,,,,,,,,,,,,,,,,,,,,,,,,,,,,,,,,,,,,,,,,,,,,,,,,,,
,,,,,,,,,,,,,,,,,,,,,,,,,,,,,,,,,,,,,,,,,,,,,,,,,,,,,,,,,,,,,,,,,,,,,,,,,,,
,,,,,,,,,,,,,,,,,,,,,,,,,,,,,,,,,,,,,,,,,,,,,,,,,,,,,,,,,,,,,,,,,,,,,,,,,,,
,,,,,,,,,,,,,,,,,,,,,,,,,,,,,,,,,,,,,,,,,,,,,,,,,,,,,,,,,,,,,,,,,,,,,,,,,,,
,,,,,,,,,,,,,,,,,,,,,,,,,,,,,,,,,,,,,,,,,,,,,,,,,,,,,,,,,,,,,,,,,,,,,,,,,,,
,,,,,,,,,,,,,,,,,,,,,,,,,,,,,,,,,,,,,,,,,,,,,,,,,,,,,,,,,,,,,,,,,,,,,,,,,,,
,,,,,,,,,,,,,,,,,,,,,,,,,,,,,,,,,,,,,,,,,,,,,,,,,,,,,,,,,,,,,,,,,,,,,,,,,,,
,,,,,,,,,,,,,,,,,,,,,,,,,,,,,,,,,,,,,,,,,,,,,,,,,,,,,,,,,,,,,,,,,,,,,,,,,,,
,,,,,,,,,,,,,,,,,,,,,,,,,,,,,,,,,,,,,,,,,,,,,,,,,,,,,,,,,,,,,,,,,,,,,,,,,,,
,,,,,,,,,,,,,,,,,,,,,,,,,,,,,,,,,,,,,,,,,,,,,,,,,,,,,,,,,,,,,,,,,,,,,,,,,,,
,,,,,,,,,,,,,,,,,,,,,,,,,,,,,,,,,,,,,,,,,,,,,,,,,,,,,,,,,,,,,,,,,,,,,,,,,,,
,,,,,,,,,,,,,,,,,,,,,,,,,,,,,,,,,,,,,,,,,,,,,,,,,,,,,,,,,,,,,,,,,,,,,,,,,,,
,,,,,,,,,,,,,,,,,,,,,,,,,,,,,,,,,,,,,,,,,,,,,,,,,,,,,,,,,,,,,,,,,,,,,,,,,,,
,,,,,,,,,,,,,,,,,,,,,,,,,,,,,,,,,,,,,,,,,,,,,,,,,,,,,,,,,,,,,,,,,,,,,,,,,,,
,,,,,,,,,,,,,,,,,,,,,,,,,,,,,,,,,,,,,,,,,,,,,,,,,,,,,,,,,,,,,,,,,,,,,,,,,,,
,,,,,,,,,,,,,,,,,,,,,,,,,,,,,,,,,,,,,,,,,,,,,,,,,,,,,,,,,,,,,,,,,,,,,,,,,,,
,,,,,,,,,,,,,,,,,,,,,,,,,,,,,,,,,,,,,,,,,,,,,,,,,,,,,,,,,,,,,,,,,,,,,,,,,,,
,,,,,,,,,,,,,,,,,,,,,,,,,,,,,,,,,,,,,,,,,,,,,,,,,,,,,,,,,,,,,,,,,,,,,,,,,,,
,,,,,,,,,,,,,,,,,,,,,,,,,,,,,,,,,,,,,,,,,,,,,,,,,,,,,,,,,,,,,,,,,,,,,,,,,,,
,,,,,,,,,,,,,,,,,,,,,,,,,,,,,,,,,,,,,,,,,,,,,,,,,,,,,,,,,,,,,,,,,,,,,,,,,,,
,,,,,,,,,,,,,,,,,,,,,,,,,,,,,,,,,,,,,,,,,,,,,,,,,,,,,,,,,,,,,,,,,,,,,,,,,,,
,,,,,,,,,,,,,,,,,,,,,,,,,,,,,,,,,,,,,,,,,,,,,,,,,,,,,,,,,,,,,,,,,,,,,,,,,,,
,,,,,,,,,,,,,,,,,,,,,,,,,,,,,,,,,,,,,,,,,,,,,,,,,,,,,,,,,,,,,,,,,,,,,,,,,,,
,,,,,,,,,,,,,,,,,,,,,,,,,,,,,,,,,,,,,,,,,,,,,,,,,,,,,,,,,,,,,,,,,,,,,,,,,,,
,,,,,,,,,,,,,,,,,,,,,,,,,,,,,,,,,,,,,,,,,,,,,,,,,,,,,,,,,,,,,,,,,,,,,,,,,,,
,,,,,,,,,,,,,,,,,,,,,,,,,,,,,,,,,,,,,,,,,,,,,,,,,,,,,,,,,,,,,,,,,,,,,,,,,,,
,,,,,,,,,,,,,,,,,,,,,,,,,,,,,,,,,,,,,,,,,,,,,,,,,,,,,,,,,,,,,,,,,,,,,,,,,,,
,,,,,,,,,,,,,,,,,,,,,,,,,,,,,,,,,,,,,,,,,,,,,,,,,,,,,,,,,,,,,,,,,,,,,,,,,,,
,,,,,,,,,,,,,,,,,,,,,,,,,,,,,,,,,,,,,,,,,,,,,,,,,,,,,,,,,,,,,,,,,,,,,,,,,,,
,,,,,,,,,,,,,,,,,,,,,,,,,,,,,,,,,,,,,,,,,,,,,,,,,,,,,,,,,,,,,,,,,,,,,,,,,,,
,,,,,,,,,,,,,,,,,,,,,,,,,,,,,,,,,,,,,,,,,,,,,,,,,,,,,,,,,,,,,,,,,,,,,,,,,,,
,,,,,,,,,,,,,,,,,,,,,,,,,,,,,,,,,,,,,,,,,,,,,,,,,,,,,,,,,,,,,,,,,,,,,,,,,,,
,,,,,,,,,,,,,,,,,,,,,,,,,,,,,,,,,,,,,,,,,,,,,,,,,,,,,,,,,,,,,,,,,,,,,,,,,,,
,,,,,,,,,,,,,,,,,,,,,,,,,,,,,,,,,,,,,,,,,,,,,,,,,,,,,,,,,,,,,,,,,,,,,,,,,,,
,,,,,,,,,,,,,,,,,,,,,,,,,,,,,,,,,,,,,,,,,,,,,,,,,,,,,,,,,,,,,,,,,,,,,,,,,,,
,,,,,,,,,,,,,,,,,,,,,,,,,,,,,,,,,,,,,,,,,,,,,,,,,,,,,,,,,,,,,,,,,,,,,,,,,,,
,,,,,,,,,,,,,,,,,,,,,,,,,,,,,,,,,,,,,,,,,,,,,,,,,,,,,,,,,,,,,,,,,,,,,,,,,,,
,,,,,,,,,,,,,,,,,,,,,,,,,,,,,,,,,,,,,,,,,,,,,,,,,,,,,,,,,,,,,,,,,,,,,,,,,,,
,,,,,,,,,,,,,,,,,,,,,,,,,,,,,,,,,,,,,,,,,,,,,,,,,,,,,,,,,,,,,,,,,,,,,,,,,,,
,,,,,,,,,,,,,,,,,,,,,,,,,,,,,,,,,,,,,,,,,,,,,,,,,,,,,,,,,,,,,,,,,,,,,,,,,,,
,,,,,,,,,,,,,,,,,,,,,,,,,,,,,,,,,,,,,,,,,,,,,,,,,,,,,,,,,,,,,,,,,,,,,,,,,,,
,,,,,,,,,,,,,,,,,,,,,,,,,,,,,,,,,,,,,,,,,,,,,,,,,,,,,,,,,,,,,,,,,,,,,,,,,,,
,,,,,,,,,,,,,,,,,,,,,,,,,,,,,,,,,,,,,,,,,,,,,,,,,,,,,,,,,,,,,,,,,,,,,,,,,,,
,,,,,,,,,,,,,,,,,,,,,,,,,,,,,,,,,,,,,,,,,,,,,,,,,,,,,,,,,,,,,,,,,,,,,,,,,,,
,,,,,,,,,,,,,,,,,,,,,,,,,,,,,,,,,,,,,,,,,,,,,,,,,,,,,,,,,,,,,,,,,,,,,,,,,,,
,,,,,,,,,,,,,,,,,,,,,,,,,,,,,,,,,,,,,,,,,,,,,,,,,,,,,,,,,,,,,,,,,,,,,,,,,,,
,,,,,,,,,,,,,,,,,,,,,,,,,,,,,,,,,,,,,,,,,,,,,,,,,,,,,,,,,,,,,,,,,,,,,,,,,,,
,,,,,,,,,,,,,,,,,,,,,,,,,,,,,,,,,,,,,,,,,,,,,,,,,,,,,,,,,,,,,,,,,,,,,,,,,,,
,,,,,,,,,,,,,,,,,,,,,,,,,,,,,,,,,,,,,,,,,,,,,,,,,,,,,,,,,,,,,,,,,,,,,,,,,,,
,,,,,,,,,,,,,,,,,,,,,,,,,,,,,,,,,,,,,,,,,,,,,,,,,,,,,,,,,,,,,,,,,,,,,,,,,,,
,,,,,,,,,,,,,,,,,,,,,,,,,,,,,,,,,,,,,,,,,,,,,,,,,,,,,,,,,,,,,,,,,,,,,,,,,,,
,,,,,,,,,,,,,,,,,,,,,,,,,,,,,,,,,,,,,,,,,,,,,,,,,,,,,,,,,,,,,,,,,,,,,,,,,,,
,,,,,,,,,,,,,,,,,,,,,,,,,,,,,,,,,,,,,,,,,,,,,,,,,,,,,,,,,,,,,,,,,,,,,,,,,,,
,,,,,,,,,,,,,,,,,,,,,,,,,,,,,,,,,,,,,,,,,,,,,,,,,,,,,,,,,,,,,,,,,,,,,,,,,,,
,,,,,,,,,,,,,,,,,,,,,,,,,,,,,,,,,,,,,,,,,,,,,,,,,,,,,,,,,,,,,,,,,,,,,,,,,,,
,,,,,,,,,,,,,,,,,,,,,,,,,,,,,,,,,,,,,,,,,,,,,,,,,,,,,,,,,,,,,,,,,,,,,,,,,,,
,,,,,,,,,,,,,,,,,,,,,,,,,,,,,,,,,,,,,,,,,,,,,,,,,,,,,,,,,,,,,,,,,,,,,,,,,,,
,,,,,,,,,,,,,,,,,,,,,,,,,,,,,,,,,,,,,,,,,,,,,,,,,,,,,,,,,,,,,,,,,,,,,,,,,,,
,,,,,,,,,,,,,,,,,,,,,,,,,,,,,,,,,,,,,,,,,,,,,,,,,,,,,,,,,,,,,,,,,,,,,,,,,,,
,,,,,,,,,,,,,,,,,,,,,,,,,,,,,,,,,,,,,,,,,,,,,,,,,,,,,,,,,,,,,,,,,,,,,,,,,,,
,,,,,,,,,,,,,,,,,,,,,,,,,,,,,,,,,,,,,,,,,,,,,,,,,,,,,,,,,,,,,,,,,,,,,,,,,,,
,,,,,,,,,,,,,,,,,,,,,,,,,,,,,,,,,,,,,,,,,,,,,,,,,,,,,,,,,,,,,,,,,,,,,,,,,,,
,,,,,,,,,,,,,,,,,,,,,,,,,,,,,,,,,,,,,,,,,,,,,,,,,,,,,,,,,,,,,,,,,,,,,,,,,,,
,,,,,,,,,,,,,,,,,,,,,,,,,,,,,,,,,,,,,,,,,,,,,,,,,,,,,,,,,,,,,,,,,,,,,,,,,,,
,,,,,,,,,,,,,,,,,,,,,,,,,,,,,,,,,,,,,,,,,,,,,,,,,,,,,,,,,,,,,,,,,,,,,,,,,,,
,,,,,,,,,,,,,,,,,,,,,,,,,,,,,,,,,,,,,,,,,,,,,,,,,,,,,,,,,,,,,,,,,,,,,,,,,,,
,,,,,,,,,,,,,,,,,,,,,,,,,,,,,,,,,,,,,,,,,,,,,,,,,,,,,,,,,,,,,,,,,,,,,,,,,,,
,,,,,,,,,,,,,,,,,,,,,,,,,,,,,,,,,,,,,,,,,,,,,,,,,,,,,,,,,,,,,,,,,,,,,,,,,,,
,,,,,,,,,,,,,,,,,,,,,,,,,,,,,,,,,,,,,,,,,,,,,,,,,,,,,,,,,,,,,,,,,,,,,,,,,,,
,,,,,,,,,,,,,,,,,,,,,,,,,,,,,,,,,,,,,,,,,,,,,,,,,,,,,,,,,,,,,,,,,,,,,,,,,,,
,,,,,,,,,,,,,,,,,,,,,,,,,,,,,,,,,,,,,,,,,,,,,,,,,,,,,,,,,,,,,,,,,,,,,,,,,,,
,,,,,,,,,,,,,,,,,,,,,,,,,,,,,,,,,,,,,,,,,,,,,,,,,,,,,,,,,,,,,,,,,,,,,,,,,,,
,,,,,,,,,,,,,,,,,,,,,,,,,,,,,,,,,,,,,,,,,,,,,,,,,,,,,,,,,,,,,,,,,,,,,,,,,,,
,,,,,,,,,,,,,,,,,,,,,,,,,,,,,,,,,,,,,,,,,,,,,,,,,,,,,,,,,,,,,,,,,,,,,,,,,,,
,,,,,,,,,,,,,,,,,,,,,,,,,,,,,,,,,,,,,,,,,,,,,,,,,,,,,,,,,,,,,,,,,,,,,,,,,,,
,,,,,,,,,,,,,,,,,,,,,,,,,,,,,,,,,,,,,,,,,,,,,,,,,,,,,,,,,,,,,,,,,,,,,,,,,,,
,,,,,,,,,,,,,,,,,,,,,,,,,,,,,,,,,,,,,,,,,,,,,,,,,,,,,,,,,,,,,,,,,,,,,,,,,,,
,,,,,,,,,,,,,,,,,,,,,,,,,,,,,,,,,,,,,,,,,,,,,,,,,,,,,,,,,,,,,,,,,,,,,,,,,,,
,,,,,,,,,,,,,,,,,,,,,,,,,,,,,,,,,,,,,,,,,,,,,,,,,,,,,,,,,,,,,,,,,,,,,,,,,,,
,,,,,,,,,,,,,,,,,,,,,,,,,,,,,,,,,,,,,,,,,,,,,,,,,,,,,,,,,,,,,,,,,,,,,,,,,,,
,,,,,,,,,,,,,,,,,,,,,,,,,,,,,,,,,,,,,,,,,,,,,,,,,,,,,,,,,,,,,,,,,,,,,,,,,,,
,,,,,,,,,,,,,,,,,,,,,,,,,,,,,,,,,,,,,,,,,,,,,,,,,,,,,,,,,,,,,,,,,,,,,,,,,,,
,,,,,,,,,,,,,,,,,,,,,,,,,,,,,,,,,,,,,,,,,,,,,,,,,,,,,,,,,,,,,,,,,,,,,,,,,,,
,,,,,,,,,,,,,,,,,,,,,,,,,,,,,,,,,,,,,,,,,,,,,,,,,,,,,,,,,,,,,,,,,,,,,,,,,,,
,,,,,,,,,,,,,,,,,,,,,,,,,,,,,,,,,,,,,,,,,,,,,,,,,,,,,,,,,,,,,,,,,,,,,,,,,,,
,,,,,,,,,,,,,,,,,,,,,,,,,,,,,,,,,,,,,,,,,,,,,,,,,,,,,,,,,,,,,,,,,,,,,,,,,,,
,,,,,,,,,,,,,,,,,,,,,,,,,,,,,,,,,,,,,,,,,,,,,,,,,,,,,,,,,,,,,,,,,,,,,,,,,,,
,,,,,,,,,,,,,,,,,,,,,,,,,,,,,,,,,,,,,,,,,,,,,,,,,,,,,,,,,,,,,,,,,,,,,,,,,,,
,,,,,,,,,,,,,,,,,,,,,,,,,,,,,,,,,,,,,,,,,,,,,,,,,,,,,,,,,,,,,,,,,,,,,,,,,,,
,,,,,,,,,,,,,,,,,,,,,,,,,,,,,,,,,,,,,,,,,,,,,,,,,,,,,,,,,,,,,,,,,,,,,,,,,,,
,,,,,,,,,,,,,,,,,,,,,,,,,,,,,,,,,,,,,,,,,,,,,,,,,,,,,,,,,,,,,,,,,,,,,,,,,,,
,,,,,,,,,,,,,,,,,,,,,,,,,,,,,,,,,,,,,,,,,,,,,,,,,,,,,,,,,,,,,,,,,,,,,,,,,,,
,,,,,,,,,,,,,,,,,,,,,,,,,,,,,,,,,,,,,,,,,,,,,,,,,,,,,,,,,,,,,,,,,,,,,,,,,,,
,,,,,,,,,,,,,,,,,,,,,,,,,,,,,,,,,,,,,,,,,,,,,,,,,,,,,,,,,,,,,,,,,,,,,,,,,,,
,,,,,,,,,,,,,,,,,,,,,,,,,,,,,,,,,,,,,,,,,,,,,,,,,,,,,,,,,,,,,,,,,,,,,,,,,,,
,,,,,,,,,,,,,,,,,,,,,,,,,,,,,,,,,,,,,,,,,,,,,,,,,,,,,,,,,,,,,,,,,,,,,,,,,,,
,,,,,,,,,,,,,,,,,,,,,,,,,,,,,,,,,,,,,,,,,,,,,,,,,,,,,,,,,,,,,,,,,,,,,,,,,,,
,,,,,,,,,,,,,,,,,,,,,,,,,,,,,,,,,,,,,,,,,,,,,,,,,,,,,,,,,,,,,,,,,,,,,,,,,,,
,,,,,,,,,,,,,,,,,,,,,,,,,,,,,,,,,,,,,,,,,,,,,,,,,,,,,,,,,,,,,,,,,,,,,,,,,,,
,,,,,,,,,,,,,,,,,,,,,,,,,,,,,,,,,,,,,,,,,,,,,,,,,,,,,,,,,,,,,,,,,,,,,,,,,,,
,,,,,,,,,,,,,,,,,,,,,,,,,,,,,,,,,,,,,,,,,,,,,,,,,,,,,,,,,,,,,,,,,,,,,,,,,,,
,,,,,,,,,,,,,,,,,,,,,,,,,,,,,,,,,,,,,,,,,,,,,,,,,,,,,,,,,,,,,,,,,,,,,,,,,,,
,,,,,,,,,,,,,,,,,,,,,,,,,,,,,,,,,,,,,,,,,,,,,,,,,,,,,,,,,,,,,,,,,,,,,,,,,,,
,,,,,,,,,,,,,,,,,,,,,,,,,,,,,,,,,,,,,,,,,,,,,,,,,,,,,,,,,,,,,,,,,,,,,,,,,,,
,,,,,,,,,,,,,,,,,,,,,,,,,,,,,,,,,,,,,,,,,,,,,,,,,,,,,,,,,,,,,,,,,,,,,,,,,,,
,,,,,,,,,,,,,,,,,,,,,,,,,,,,,,,,,,,,,,,,,,,,,,,,,,,,,,,,,,,,,,,,,,,,,,,,,,,
,,,,,,,,,,,,,,,,,,,,,,,,,,,,,,,,,,,,,,,,,,,,,,,,,,,,,,,,,,,,,,,,,,,,,,,,,,,
,,,,,,,,,,,,,,,,,,,,,,,,,,,,,,,,,,,,,,,,,,,,,,,,,,,,,,,,,,,,,,,,,,,,,,,,,,,
,,,,,,,,,,,,,,,,,,,,,,,,,,,,,,,,,,,,,,,,,,,,,,,,,,,,,,,,,,,,,,,,,,,,,,,,,,,
,,,,,,,,,,,,,,,,,,,,,,,,,,,,,,,,,,,,,,,,,,,,,,,,,,,,,,,,,,,,,,,,,,,,,,,,,,,
,,,,,,,,,,,,,,,,,,,,,,,,,,,,,,,,,,,,,,,,,,,,,,,,,,,,,,,,,,,,,,,,,,,,,,,,,,,
,,,,,,,,,,,,,,,,,,,,,,,,,,,,,,,,,,,,,,,,,,,,,,,,,,,,,,,,,,,,,,,,,,,,,,,,,,,
,,,,,,,,,,,,,,,,,,,,,,,,,,,,,,,,,,,,,,,,,,,,,,,,,,,,,,,,,,,,,,,,,,,,,,,,,,,
,,,,,,,,,,,,,,,,,,,,,,,,,,,,,,,,,,,,,,,,,,,,,,,,,,,,,,,,,,,,,,,,,,,,,,,,,,,
,,,,,,,,,,,,,,,,,,,,,,,,,,,,,,,,,,,,,,,,,,,,,,,,,,,,,,,,,,,,,,,,,,,,,,,,,,,
,,,,,,,,,,,,,,,,,,,,,,,,,,,,,,,,,,,,,,,,,,,,,,,,,,,,,,,,,,,,,,,,,,,,,,,,,,,
,,,,,,,,,,,,,,,,,,,,,,,,,,,,,,,,,,,,,,,,,,,,,,,,,,,,,,,,,,,,,,,,,,,,,,,,,,,
,,,,,,,,,,,,,,,,,,,,,,,,,,,,,,,,,,,,,,,,,,,,,,,,,,,,,,,,,,,,,,,,,,,,,,,,,,,
,,,,,,,,,,,,,,,,,,,,,,,,,,,,,,,,,,,,,,,,,,,,,,,,,,,,,,,,,,,,,,,,,,,,,,,,,,,
,,,,,,,,,,,,,,,,,,,,,,,,,,,,,,,,,,,,,,,,,,,,,,,,,,,,,,,,,,,,,,,,,,,,,,,,,,,
,,,,,,,,,,,,,,,,,,,,,,,,,,,,,,,,,,,,,,,,,,,,,,,,,,,,,,,,,,,,,,,,,,,,,,,,,,,
,,,,,,,,,,,,,,,,,,,,,,,,,,,,,,,,,,,,,,,,,,,,,,,,,,,,,,,,,,,,,,,,,,,,,,,,,,,
,,,,,,,,,,,,,,,,,,,,,,,,,,,,,,,,,,,,,,,,,,,,,,,,,,,,,,,,,,,,,,,,,,,,,,,,,,,
,,,,,,,,,,,,,,,,,,,,,,,,,,,,,,,,,,,,,,,,,,,,,,,,,,,,,,,,,,,,,,,,,,,,,,,,,,,
,,,,,,,,,,,,,,,,,,,,,,,,,,,,,,,,,,,,,,,,,,,,,,,,,,,,,,,,,,,,,,,,,,,,,,,,,,,
,,,,,,,,,,,,,,,,,,,,,,,,,,,,,,,,,,,,,,,,,,,,,,,,,,,,,,,,,,,,,,,,,,,,,,,,,,,
,,,,,,,,,,,,,,,,,,,,,,,,,,,,,,,,,,,,,,,,,,,,,,,,,,,,,,,,,,,,,,,,,,,,,,,,,,,
,,,,,,,,,,,,,,,,,,,,,,,,,,,,,,,,,,,,,,,,,,,,,,,,,,,,,,,,,,,,,,,,,,,,,,,,,,,
,,,,,,,,,,,,,,,,,,,,,,,,,,,,,,,,,,,,,,,,,,,,,,,,,,,,,,,,,,,,,,,,,,,,,,,,,,,
,,,,,,,,,,,,,,,,,,,,,,,,,,,,,,,,,,,,,,,,,,,,,,,,,,,,,,,,,,,,,,,,,,,,,,,,,,,
,,,,,,,,,,,,,,,,,,,,,,,,,,,,,,,,,,,,,,,,,,,,,,,,,,,,,,,,,,,,,,,,,,,,,,,,,,,
,,,,,,,,,,,,,,,,,,,,,,,,,,,,,,,,,,,,,,,,,,,,,,,,,,,,,,,,,,,,,,,,,,,,,,,,,,,
,,,,,,,,,,,,,,,,,,,,,,,,,,,,,,,,,,,,,,,,,,,,,,,,,,,,,,,,,,,,,,,,,,,,,,,,,,,
,,,,,,,,,,,,,,,,,,,,,,,,,,,,,,,,,,,,,,,,,,,,,,,,,,,,,,,,,,,,,,,,,,,,,,,,,,,
,,,,,,,,,,,,,,,,,,,,,,,,,,,,,,,,,,,,,,,,,,,,,,,,,,,,,,,,,,,,,,,,,,,,,,,,,,,
,,,,,,,,,,,,,,,,,,,,,,,,,,,,,,,,,,,,,,,,,,,,,,,,,,,,,,,,,,,,,,,,,,,,,,,,,,,
,,,,,,,,,,,,,,,,,,,,,,,,,,,,,,,,,,,,,,,,,,,,,,,,,,,,,,,,,,,,,,,,,,,,,,,,,,,
,,,,,,,,,,,,,,,,,,,,,,,,,,,,,,,,,,,,,,,,,,,,,,,,,,,,,,,,,,,,,,,,,,,,,,,,,,,
,,,,,,,,,,,,,,,,,,,,,,,,,,,,,,,,,,,,,,,,,,,,,,,,,,,,,,,,,,,,,,,,,,,,,,,,,,,
,,,,,,,,,,,,,,,,,,,,,,,,,,,,,,,,,,,,,,,,,,,,,,,,,,,,,,,,,,,,,,,,,,,,,,,,,,,
,,,,,,,,,,,,,,,,,,,,,,,,,,,,,,,,,,,,,,,,,,,,,,,,,,,,,,,,,,,,,,,,,,,,,,,,,,,
,,,,,,,,,,,,,,,,,,,,,,,,,,,,,,,,,,,,,,,,,,,,,,,,,,,,,,,,,,,,,,,,,,,,,,,,,,,
,,,,,,,,,,,,,,,,,,,,,,,,,,,,,,,,,,,,,,,,,,,,,,,,,,,,,,,,,,,,,,,,,,,,,,,,,,,
,,,,,,,,,,,,,,,,,,,,,,,,,,,,,,,,,,,,,,,,,,,,,,,,,,,,,,,,,,,,,,,,,,,,,,,,,,,
,,,,,,,,,,,,,,,,,,,,,,,,,,,,,,,,,,,,,,,,,,,,,,,,,,,,,,,,,,,,,,,,,,,,,,,,,,,
,,,,,,,,,,,,,,,,,,,,,,,,,,,,,,,,,,,,,,,,,,,,,,,,,,,,,,,,,,,,,,,,,,,,,,,,,,,
,,,,,,,,,,,,,,,,,,,,,,,,,,,,,,,,,,,,,,,,,,,,,,,,,,,,,,,,,,,,,,,,,,,,,,,,,,,
,,,,,,,,,,,,,,,,,,,,,,,,,,,,,,,,,,,,,,,,,,,,,,,,,,,,,,,,,,,,,,,,,,,,,,,,,,,
,,,,,,,,,,,,,,,,,,,,,,,,,,,,,,,,,,,,,,,,,,,,,,,,,,,,,,,,,,,,,,,,,,,,,,,,,,,
,,,,,,,,,,,,,,,,,,,,,,,,,,,,,,,,,,,,,,,,,,,,,,,,,,,,,,,,,,,,,,,,,,,,,,,,,,,
,,,,,,,,,,,,,,,,,,,,,,,,,,,,,,,,,,,,,,,,,,,,,,,,,,,,,,,,,,,,,,,,,,,,,,,,,,,
,,,,,,,,,,,,,,,,,,,,,,,,,,,,,,,,,,,,,,,,,,,,,,,,,,,,,,,,,,,,,,,,,,,,,,,,,,,
,,,,,,,,,,,,,,,,,,,,,,,,,,,,,,,,,,,,,,,,,,,,,,,,,,,,,,,,,,,,,,,,,,,,,,,,,,,
,,,,,,,,,,,,,,,,,,,,,,,,,,,,,,,,,,,,,,,,,,,,,,,,,,,,,,,,,,,,,,,,,,,,,,,,,,,
,,,,,,,,,,,,,,,,,,,,,,,,,,,,,,,,,,,,,,,,,,,,,,,,,,,,,,,,,,,,,,,,,,,,,,,,,,,
,,,,,,,,,,,,,,,,,,,,,,,,,,,,,,,,,,,,,,,,,,,,,,,,,,,,,,,,,,,,,,,,,,,,,,,,,,,
,,,,,,,,,,,,,,,,,,,,,,,,,,,,,,,,,,,,,,,,,,,,,,,,,,,,,,,,,,,,,,,,,,,,,,,,,,,
,,,,,,,,,,,,,,,,,,,,,,,,,,,,,,,,,,,,,,,,,,,,,,,,,,,,,,,,,,,,,,,,,,,,,,,,,,,
,,,,,,,,,,,,,,,,,,,,,,,,,,,,,,,,,,,,,,,,,,,,,,,,,,,,,,,,,,,,,,,,,,,,,,,,,,,
,,,,,,,,,,,,,,,,,,,,,,,,,,,,,,,,,,,,,,,,,,,,,,,,,,,,,,,,,,,,,,,,,,,,,,,,,,,
,,,,,,,,,,,,,,,,,,,,,,,,,,,,,,,,,,,,,,,,,,,,,,,,,,,,,,,,,,,,,,,,,,,,,,,,,,,
,,,,,,,,,,,,,,,,,,,,,,,,,,,,,,,,,,,,,,,,,,,,,,,,,,,,,,,,,,,,,,,,,,,,,,,,,,,
,,,,,,,,,,,,,,,,,,,,,,,,,,,,,,,,,,,,,,,,,,,,,,,,,,,,,,,,,,,,,,,,,,,,,,,,,,,
,,,,,,,,,,,,,,,,,,,,,,,,,,,,,,,,,,,,,,,,,,,,,,,,,,,,,,,,,,,,,,,,,,,,,,,,,,,
,,,,,,,,,,,,,,,,,,,,,,,,,,,,,,,,,,,,,,,,,,,,,,,,,,,,,,,,,,,,,,,,,,,,,,,,,,,
,,,,,,,,,,,,,,,,,,,,,,,,,,,,,,,,,,,,,,,,,,,,,,,,,,,,,,,,,,,,,,,,,,,,,,,,,,,
,,,,,,,,,,,,,,,,,,,,,,,,,,,,,,,,,,,,,,,,,,,,,,,,,,,,,,,,,,,,,,,,,,,,,,,,,,,
,,,,,,,,,,,,,,,,,,,,,,,,,,,,,,,,,,,,,,,,,,,,,,,,,,,,,,,,,,,,,,,,,,,,,,,,,,,
,,,,,,,,,,,,,,,,,,,,,,,,,,,,,,,,,,,,,,,,,,,,,,,,,,,,,,,,,,,,,,,,,,,,,,,,,,,
,,,,,,,,,,,,,,,,,,,,,,,,,,,,,,,,,,,,,,,,,,,,,,,,,,,,,,,,,,,,,,,,,,,,,,,,,,,
,,,,,,,,,,,,,,,,,,,,,,,,,,,,,,,,,,,,,,,,,,,,,,,,,,,,,,,,,,,,,,,,,,,,,,,,,,,
,,,,,,,,,,,,,,,,,,,,,,,,,,,,,,,,,,,,,,,,,,,,,,,,,,,,,,,,,,,,,,,,,,,,,,,,,,,
,,,,,,,,,,,,,,,,,,,,,,,,,,,,,,,,,,,,,,,,,,,,,,,,,,,,,,,,,,,,,,,,,,,,,,,,,,,
,,,,,,,,,,,,,,,,,,,,,,,,,,,,,,,,,,,,,,,,,,,,,,,,,,,,,,,,,,,,,,,,,,,,,,,,,,,
,,,,,,,,,,,,,,,,,,,,,,,,,,,,,,,,,,,,,,,,,,,,,,,,,,,,,,,,,,,,,,,,,,,,,,,,,,,
,,,,,,,,,,,,,,,,,,,,,,,,,,,,,,,,,,,,,,,,,,,,,,,,,,,,,,,,,,,,,,,,,,,,,,,,,,,
,,,,,,,,,,,,,,,,,,,,,,,,,,,,,,,,,,,,,,,,,,,,,,,,,,,,,,,,,,,,,,,,,,,,,,,,,,,
,,,,,,,,,,,,,,,,,,,,,,,,,,,,,,,,,,,,,,,,,,,,,,,,,,,,,,,,,,,,,,,,,,,,,,,,,,,
,,,,,,,,,,,,,,,,,,,,,,,,,,,,,,,,,,,,,,,,,,,,,,,,,,,,,,,,,,,,,,,,,,,,,,,,,,,
,,,,,,,,,,,,,,,,,,,,,,,,,,,,,,,,,,,,,,,,,,,,,,,,,,,,,,,,,,,,,,,,,,,,,,,,,,,
,,,,,,,,,,,,,,,,,,,,,,,,,,,,,,,,,,,,,,,,,,,,,,,,,,,,,,,,,,,,,,,,,,,,,,,,,,,
,,,,,,,,,,,,,,,,,,,,,,,,,,,,,,,,,,,,,,,,,,,,,,,,,,,,,,,,,,,,,,,,,,,,,,,,,,,
,,,,,,,,,,,,,,,,,,,,,,,,,,,,,,,,,,,,,,,,,,,,,,,,,,,,,,,,,,,,,,,,,,,,,,,,,,,
,,,,,,,,,,,,,,,,,,,,,,,,,,,,,,,,,,,,,,,,,,,,,,,,,,,,,,,,,,,,,,,,,,,,,,,,,,,
,,,,,,,,,,,,,,,,,,,,,,,,,,,,,,,,,,,,,,,,,,,,,,,,,,,,,,,,,,,,,,,,,,,,,,,,,,,
,,,,,,,,,,,,,,,,,,,,,,,,,,,,,,,,,,,,,,,,,,,,,,,,,,,,,,,,,,,,,,,,,,,,,,,,,,,
,,,,,,,,,,,,,,,,,,,,,,,,,,,,,,,,,,,,,,,,,,,,,,,,,,,,,,,,,,,,,,,,,,,,,,,,,,,
,,,,,,,,,,,,,,,,,,,,,,,,,,,,,,,,,,,,,,,,,,,,,,,,,,,,,,,,,,,,,,,,,,,,,,,,,,,
,,,,,,,,,,,,,,,,,,,,,,,,,,,,,,,,,,,,,,,,,,,,,,,,,,,,,,,,,,,,,,,,,,,,,,,,,,,
,,,,,,,,,,,,,,,,,,,,,,,,,,,,,,,,,,,,,,,,,,,,,,,,,,,,,,,,,,,,,,,,,,,,,,,,,,,
,,,,,,,,,,,,,,,,,,,,,,,,,,,,,,,,,,,,,,,,,,,,,,,,,,,,,,,,,,,,,,,,,,,,,,,,,,,
,,,,,,,,,,,,,,,,,,,,,,,,,,,,,,,,,,,,,,,,,,,,,,,,,,,,,,,,,,,,,,,,,,,,,,,,,,,
,,,,,,,,,,,,,,,,,,,,,,,,,,,,,,,,,,,,,,,,,,,,,,,,,,,,,,,,,,,,,,,,,,,,,,,,,,,
,,,,,,,,,,,,,,,,,,,,,,,,,,,,,,,,,,,,,,,,,,,,,,,,,,,,,,,,,,,,,,,,,,,,,,,,,,,
,,,,,,,,,,,,,,,,,,,,,,,,,,,,,,,,,,,,,,,,,,,,,,,,,,,,,,,,,,,,,,,,,,,,,,,,,,,
,,,,,,,,,,,,,,,,,,,,,,,,,,,,,,,,,,,,,,,,,,,,,,,,,,,,,,,,,,,,,,,,,,,,,,,,,,,
,,,,,,,,,,,,,,,,,,,,,,,,,,,,,,,,,,,,,,,,,,,,,,,,,,,,,,,,,,,,,,,,,,,,,,,,,,,
,,,,,,,,,,,,,,,,,,,,,,,,,,,,,,,,,,,,,,,,,,,,,,,,,,,,,,,,,,,,,,,,,,,,,,,,,,,
,,,,,,,,,,,,,,,,,,,,,,,,,,,,,,,,,,,,,,,,,,,,,,,,,,,,,,,,,,,,,,,,,,,,,,,,,,,
,,,,,,,,,,,,,,,,,,,,,,,,,,,,,,,,,,,,,,,,,,,,,,,,,,,,,,,,,,,,,,,,,,,,,,,,,,,
,,,,,,,,,,,,,,,,,,,,,,,,,,,,,,,,,,,,,,,,,,,,,,,,,,,,,,,,,,,,,,,,,,,,,,,,,,,
,,,,,,,,,,,,,,,,,,,,,,,,,,,,,,,,,,,,,,,,,,,,,,,,,,,,,,,,,,,,,,,,,,,,,,,,,,,
,,,,,,,,,,,,,,,,,,,,,,,,,,,,,,,,,,,,,,,,,,,,,,,,,,,,,,,,,,,,,,,,,,,,,,,,,,,
,,,,,,,,,,,,,,,,,,,,,,,,,,,,,,,,,,,,,,,,,,,,,,,,,,,,,,,,,,,,,,,,,,,,,,,,,,,
,,,,,,,,,,,,,,,,,,,,,,,,,,,,,,,,,,,,,,,,,,,,,,,,,,,,,,,,,,,,,,,,,,,,,,,,,,,
,,,,,,,,,,,,,,,,,,,,,,,,,,,,,,,,,,,,,,,,,,,,,,,,,,,,,,,,,,,,,,,,,,,,,,,,,,,
,,,,,,,,,,,,,,,,,,,,,,,,,,,,,,,,,,,,,,,,,,,,,,,,,,,,,,,,,,,,,,,,,,,,,,,,,,,
,,,,,,,,,,,,,,,,,,,,,,,,,,,,,,,,,,,,,,,,,,,,,,,,,,,,,,,,,,,,,,,,,,,,,,,,,,,
,,,,,,,,,,,,,,,,,,,,,,,,,,,,,,,,,,,,,,,,,,,,,,,,,,,,,,,,,,,,,,,,,,,,,,,,,,,
,,,,,,,,,,,,,,,,,,,,,,,,,,,,,,,,,,,,,,,,,,,,,,,,,,,,,,,,,,,,,,,,,,,,,,,,,,,
,,,,,,,,,,,,,,,,,,,,,,,,,,,,,,,,,,,,,,,,,,,,,,,,,,,,,,,,,,,,,,,,,,,,,,,,,,,
,,,,,,,,,,,,,,,,,,,,,,,,,,,,,,,,,,,,,,,,,,,,,,,,,,,,,,,,,,,,,,,,,,,,,,,,,,,
,,,,,,,,,,,,,,,,,,,,,,,,,,,,,,,,,,,,,,,,,,,,,,,,,,,,,,,,,,,,,,,,,,,,,,,,,,,
,,,,,,,,,,,,,,,,,,,,,,,,,,,,,,,,,,,,,,,,,,,,,,,,,,,,,,,,,,,,,,,,,,,,,,,,,,,
,,,,,,,,,,,,,,,,,,,,,,,,,,,,,,,,,,,,,,,,,,,,,,,,,,,,,,,,,,,,,,,,,,,,,,,,,,,
,,,,,,,,,,,,,,,,,,,,,,,,,,,,,,,,,,,,,,,,,,,,,,,,,,,,,,,,,,,,,,,,,,,,,,,,,,,
,,,,,,,,,,,,,,,,,,,,,,,,,,,,,,,,,,,,,,,,,,,,,,,,,,,,,,,,,,,,,,,,,,,,,,,,,,,
,,,,,,,,,,,,,,,,,,,,,,,,,,,,,,,,,,,,,,,,,,,,,,,,,,,,,,,,,,,,,,,,,,,,,,,,,,,
,,,,,,,,,,,,,,,,,,,,,,,,,,,,,,,,,,,,,,,,,,,,,,,,,,,,,,,,,,,,,,,,,,,,,,,,,,,
,,,,,,,,,,,,,,,,,,,,,,,,,,,,,,,,,,,,,,,,,,,,,,,,,,,,,,,,,,,,,,,,,,,,,,,,,,,
,,,,,,,,,,,,,,,,,,,,,,,,,,,,,,,,,,,,,,,,,,,,,,,,,,,,,,,,,,,,,,,,,,,,,,,,,,,
,,,,,,,,,,,,,,,,,,,,,,,,,,,,,,,,,,,,,,,,,,,,,,,,,,,,,,,,,,,,,,,,,,,,,,,,,,,
,,,,,,,,,,,,,,,,,,,,,,,,,,,,,,,,,,,,,,,,,,,,,,,,,,,,,,,,,,,,,,,,,,,,,,,,,,,
,,,,,,,,,,,,,,,,,,,,,,,,,,,,,,,,,,,,,,,,,,,,,,,,,,,,,,,,,,,,,,,,,,,,,,,,,,,
,,,,,,,,,,,,,,,,,,,,,,,,,,,,,,,,,,,,,,,,,,,,,,,,,,,,,,,,,,,,,,,,,,,,,,,,,,,
,,,,,,,,,,,,,,,,,,,,,,,,,,,,,,,,,,,,,,,,,,,,,,,,,,,,,,,,,,,,,,,,,,,,,,,,,,,
,,,,,,,,,,,,,,,,,,,,,,,,,,,,,,,,,,,,,,,,,,,,,,,,,,,,,,,,,,,,,,,,,,,,,,,,,,,
,,,,,,,,,,,,,,,,,,,,,,,,,,,,,,,,,,,,,,,,,,,,,,,,,,,,,,,,,,,,,,,,,,,,,,,,,,,
,,,,,,,,,,,,,,,,,,,,,,,,,,,,,,,,,,,,,,,,,,,,,,,,,,,,,,,,,,,,,,,,,,,,,,,,,,,
,,,,,,,,,,,,,,,,,,,,,,,,,,,,,,,,,,,,,,,,,,,,,,,,,,,,,,,,,,,,,,,,,,,,,,,,,,,
,,,,,,,,,,,,,,,,,,,,,,,,,,,,,,,,,,,,,,,,,,,,,,,,,,,,,,,,,,,,,,,,,,,,,,,,,,,
,,,,,,,,,,,,,,,,,,,,,,,,,,,,,,,,,,,,,,,,,,,,,,,,,,,,,,,,,,,,,,,,,,,,,,,,,,,
,,,,,,,,,,,,,,,,,,,,,,,,,,,,,,,,,,,,,,,,,,,,,,,,,,,,,,,,,,,,,,,,,,,,,,,,,,,
,,,,,,,,,,,,,,,,,,,,,,,,,,,,,,,,,,,,,,,,,,,,,,,,,,,,,,,,,,,,,,,,,,,,,,,,,,,
,,,,,,,,,,,,,,,,,,,,,,,,,,,,,,,,,,,,,,,,,,,,,,,,,,,,,,,,,,,,,,,,,,,,,,,,,,,
,,,,,,,,,,,,,,,,,,,,,,,,,,,,,,,,,,,,,,,,,,,,,,,,,,,,,,,,,,,,,,,,,,,,,,,,,,,
,,,,,,,,,,,,,,,,,,,,,,,,,,,,,,,,,,,,,,,,,,,,,,,,,,,,,,,,,,,,,,,,,,,,,,,,,,,
,,,,,,,,,,,,,,,,,,,,,,,,,,,,,,,,,,,,,,,,,,,,,,,,,,,,,,,,,,,,,,,,,,,,,,,,,,,
,,,,,,,,,,,,,,,,,,,,,,,,,,,,,,,,,,,,,,,,,,,,,,,,,,,,,,,,,,,,,,,,,,,,,,,,,,,
,,,,,,,,,,,,,,,,,,,,,,,,,,,,,,,,,,,,,,,,,,,,,,,,,,,,,,,,,,,,,,,,,,,,,,,,,,,
,,,,,,,,,,,,,,,,,,,,,,,,,,,,,,,,,,,,,,,,,,,,,,,,,,,,,,,,,,,,,,,,,,,,,,,,,,,
,,,,,,,,,,,,,,,,,,,,,,,,,,,,,,,,,,,,,,,,,,,,,,,,,,,,,,,,,,,,,,,,,,,,,,,,,,,
,,,,,,,,,,,,,,,,,,,,,,,,,,,,,,,,,,,,,,,,,,,,,,,,,,,,,,,,,,,,,,,,,,,,,,,,,,,
,,,,,,,,,,,,,,,,,,,,,,,,,,,,,,,,,,,,,,,,,,,,,,,,,,,,,,,,,,,,,,,,,,,,,,,,,,,
,,,,,,,,,,,,,,,,,,,,,,,,,,,,,,,,,,,,,,,,,,,,,,,,,,,,,,,,,,,,,,,,,,,,,,,,,,,
,,,,,,,,,,,,,,,,,,,,,,,,,,,,,,,,,,,,,,,,,,,,,,,,,,,,,,,,,,,,,,,,,,,,,,,,,,,
,,,,,,,,,,,,,,,,,,,,,,,,,,,,,,,,,,,,,,,,,,,,,,,,,,,,,,,,,,,,,,,,,,,,,,,,,,,
,,,,,,,,,,,,,,,,,,,,,,,,,,,,,,,,,,,,,,,,,,,,,,,,,,,,,,,,,,,,,,,,,,,,,,,,,,,
,,,,,,,,,,,,,,,,,,,,,,,,,,,,,,,,,,,,,,,,,,,,,,,,,,,,,,,,,,,,,,,,,,,,,,,,,,,
,,,,,,,,,,,,,,,,,,,,,,,,,,,,,,,,,,,,,,,,,,,,,,,,,,,,,,,,,,,,,,,,,,,,,,,,,,,
,,,,,,,,,,,,,,,,,,,,,,,,,,,,,,,,,,,,,,,,,,,,,,,,,,,,,,,,,,,,,,,,,,,,,,,,,,,
,,,,,,,,,,,,,,,,,,,,,,,,,,,,,,,,,,,,,,,,,,,,,,,,,,,,,,,,,,,,,,,,,,,,,,,,,,,
,,,,,,,,,,,,,,,,,,,,,,,,,,,,,,,,,,,,,,,,,,,,,,,,,,,,,,,,,,,,,,,,,,,,,,,,,,,
,,,,,,,,,,,,,,,,,,,,,,,,,,,,,,,,,,,,,,,,,,,,,,,,,,,,,,,,,,,,,,,,,,,,,,,,,,,
,,,,,,,,,,,,,,,,,,,,,,,,,,,,,,,,,,,,,,,,,,,,,,,,,,,,,,,,,,,,,,,,,,,,,,,,,,,
,,,,,,,,,,,,,,,,,,,,,,,,,,,,,,,,,,,,,,,,,,,,,,,,,,,,,,,,,,,,,,,,,,,,,,,,,,,
,,,,,,,,,,,,,,,,,,,,,,,,,,,,,,,,,,,,,,,,,,,,,,,,,,,,,,,,,,,,,,,,,,,,,,,,,,,
,,,,,,,,,,,,,,,,,,,,,,,,,,,,,,,,,,,,,,,,,,,,,,,,,,,,,,,,,,,,,,,,,,,,,,,,,,,
,,,,,,,,,,,,,,,,,,,,,,,,,,,,,,,,,,,,,,,,,,,,,,,,,,,,,,,,,,,,,,,,,,,,,,,,,,,
,,,,,,,,,,,,,,,,,,,,,,,,,,,,,,,,,,,,,,,,,,,,,,,,,,,,,,,,,,,,,,,,,,,,,,,,,,,
,,,,,,,,,,,,,,,,,,,,,,,,,,,,,,,,,,,,,,,,,,,,,,,,,,,,,,,,,,,,,,,,,,,,,,,,,,,
,,,,,,,,,,,,,,,,,,,,,,,,,,,,,,,,,,,,,,,,,,,,,,,,,,,,,,,,,,,,,,,,,,,,,,,,,,,
,,,,,,,,,,,,,,,,,,,,,,,,,,,,,,,,,,,,,,,,,,,,,,,,,,,,,,,,,,,,,,,,,,,,,,,,,,,
,,,,,,,,,,,,,,,,,,,,,,,,,,,,,,,,,,,,,,,,,,,,,,,,,,,,,,,,,,,,,,,,,,,,,,,,,,,
,,,,,,,,,,,,,,,,,,,,,,,,,,,,,,,,,,,,,,,,,,,,,,,,,,,,,,,,,,,,,,,,,,,,,,,,,,,
,,,,,,,,,,,,,,,,,,,,,,,,,,,,,,,,,,,,,,,,,,,,,,,,,,,,,,,,,,,,,,,,,,,,,,,,,,,
,,,,,,,,,,,,,,,,,,,,,,,,,,,,,,,,,,,,,,,,,,,,,,,,,,,,,,,,,,,,,,,,,,,,,,,,,,,
,,,,,,,,,,,,,,,,,,,,,,,,,,,,,,,,,,,,,,,,,,,,,,,,,,,,,,,,,,,,,,,,,,,,,,,,,,,
,,,,,,,,,,,,,,,,,,,,,,,,,,,,,,,,,,,,,,,,,,,,,,,,,,,,,,,,,,,,,,,,,,,,,,,,,,,
,,,,,,,,,,,,,,,,,,,,,,,,,,,,,,,,,,,,,,,,,,,,,,,,,,,,,,,,,,,,,,,,,,,,,,,,,,,
,,,,,,,,,,,,,,,,,,,,,,,,,,,,,,,,,,,,,,,,,,,,,,,,,,,,,,,,,,,,,,,,,,,,,,,,,,,
,,,,,,,,,,,,,,,,,,,,,,,,,,,,,,,,,,,,,,,,,,,,,,,,,,,,,,,,,,,,,,,,,,,,,,,,,,,
,,,,,,,,,,,,,,,,,,,,,,,,,,,,,,,,,,,,,,,,,,,,,,,,,,,,,,,,,,,,,,,,,,,,,,,,,,,
,,,,,,,,,,,,,,,,,,,,,,,,,,,,,,,,,,,,,,,,,,,,,,,,,,,,,,,,,,,,,,,,,,,,,,,,,,,
,,,,,,,,,,,,,,,,,,,,,,,,,,,,,,,,,,,,,,,,,,,,,,,,,,,,,,,,,,,,,,,,,,,,,,,,,,,
,,,,,,,,,,,,,,,,,,,,,,,,,,,,,,,,,,,,,,,,,,,,,,,,,,,,,,,,,,,,,,,,,,,,,,,,,,,
,,,,,,,,,,,,,,,,,,,,,,,,,,,,,,,,,,,,,,,,,,,,,,,,,,,,,,,,,,,,,,,,,,,,,,,,,,,
,,,,,,,,,,,,,,,,,,,,,,,,,,,,,,,,,,,,,,,,,,,,,,,,,,,,,,,,,,,,,,,,,,,,,,,,,,,
,,,,,,,,,,,,,,,,,,,,,,,,,,,,,,,,,,,,,,,,,,,,,,,,,,,,,,,,,,,,,,,,,,,,,,,,,,,
,,,,,,,,,,,,,,,,,,,,,,,,,,,,,,,,,,,,,,,,,,,,,,,,,,,,,,,,,,,,,,,,,,,,,,,,,,,
,,,,,,,,,,,,,,,,,,,,,,,,,,,,,,,,,,,,,,,,,,,,,,,,,,,,,,,,,,,,,,,,,,,,,,,,,,,
,,,,,,,,,,,,,,,,,,,,,,,,,,,,,,,,,,,,,,,,,,,,,,,,,,,,,,,,,,,,,,,,,,,,,,,,,,,
,,,,,,,,,,,,,,,,,,,,,,,,,,,,,,,,,,,,,,,,,,,,,,,,,,,,,,,,,,,,,,,,,,,,,,,,,,,
,,,,,,,,,,,,,,,,,,,,,,,,,,,,,,,,,,,,,,,,,,,,,,,,,,,,,,,,,,,,,,,,,,,,,,,,,,,
,,,,,,,,,,,,,,,,,,,,,,,,,,,,,,,,,,,,,,,,,,,,,,,,,,,,,,,,,,,,,,,,,,,,,,,,,,,
,,,,,,,,,,,,,,,,,,,,,,,,,,,,,,,,,,,,,,,,,,,,,,,,,,,,,,,,,,,,,,,,,,,,,,,,,,,
,,,,,,,,,,,,,,,,,,,,,,,,,,,,,,,,,,,,,,,,,,,,,,,,,,,,,,,,,,,,,,,,,,,,,,,,,,,
,,,,,,,,,,,,,,,,,,,,,,,,,,,,,,,,,,,,,,,,,,,,,,,,,,,,,,,,,,,,,,,,,,,,,,,,,,,
,,,,,,,,,,,,,,,,,,,,,,,,,,,,,,,,,,,,,,,,,,,,,,,,,,,,,,,,,,,,,,,,,,,,,,,,,,,
,,,,,,,,,,,,,,,,,,,,,,,,,,,,,,,,,,,,,,,,,,,,,,,,,,,,,,,,,,,,,,,,,,,,,,,,,,,
,,,,,,,,,,,,,,,,,,,,,,,,,,,,,,,,,,,,,,,,,,,,,,,,,,,,,,,,,,,,,,,,,,,,,,,,,,,
,,,,,,,,,,,,,,,,,,,,,,,,,,,,,,,,,,,,,,,,,,,,,,,,,,,,,,,,,,,,,,,,,,,,,,,,,,,
,,,,,,,,,,,,,,,,,,,,,,,,,,,,,,,,,,,,,,,,,,,,,,,,,,,,,,,,,,,,,,,,,,,,,,,,,,,
,,,,,,,,,,,,,,,,,,,,,,,,,,,,,,,,,,,,,,,,,,,,,,,,,,,,,,,,,,,,,,,,,,,,,,,,,,,
,,,,,,,,,,,,,,,,,,,,,,,,,,,,,,,,,,,,,,,,,,,,,,,,,,,,,,,,,,,,,,,,,,,,,,,,,,,
,,,,,,,,,,,,,,,,,,,,,,,,,,,,,,,,,,,,,,,,,,,,,,,,,,,,,,,,,,,,,,,,,,,,,,,,,,,
,,,,,,,,,,,,,,,,,,,,,,,,,,,,,,,,,,,,,,,,,,,,,,,,,,,,,,,,,,,,,,,,,,,,,,,,,,,
,,,,,,,,,,,,,,,,,,,,,,,,,,,,,,,,,,,,,,,,,,,,,,,,,,,,,,,,,,,,,,,,,,,,,,,,,,,
,,,,,,,,,,,,,,,,,,,,,,,,,,,,,,,,,,,,,,,,,,,,,,,,,,,,,,,,,,,,,,,,,,,,,,,,,,,
,,,,,,,,,,,,,,,,,,,,,,,,,,,,,,,,,,,,,,,,,,,,,,,,,,,,,,,,,,,,,,,,,,,,,,,,,,,
,,,,,,,,,,,,,,,,,,,,,,,,,,,,,,,,,,,,,,,,,,,,,,,,,,,,,,,,,,,,,,,,,,,,,,,,,,,
,,,,,,,,,,,,,,,,,,,,,,,,,,,,,,,,,,,,,,,,,,,,,,,,,,,,,,,,,,,,,,,,,,,,,,,,,,,
,,,,,,,,,,,,,,,,,,,,,,,,,,,,,,,,,,,,,,,,,,,,,,,,,,,,,,,,,,,,,,,,,,,,,,,,,,,
,,,,,,,,,,,,,,,,,,,,,,,,,,,,,,,,,,,,,,,,,,,,,,,,,,,,,,,,,,,,,,,,,,,,,,,,,,,
,,,,,,,,,,,,,,,,,,,,,,,,,,,,,,,,,,,,,,,,,,,,,,,,,,,,,,,,,,,,,,,,,,,,,,,,,,,
,,,,,,,,,,,,,,,,,,,,,,,,,,,,,,,,,,,,,,,,,,,,,,,,,,,,,,,,,,,,,,,,,,,,,,,,,,,
,,,,,,,,,,,,,,,,,,,,,,,,,,,,,,,,,,,,,,,,,,,,,,,,,,,,,,,,,,,,,,,,,,,,,,,,,,,
,,,,,,,,,,,,,,,,,,,,,,,,,,,,,,,,,,,,,,,,,,,,,,,,,,,,,,,,,,,,,,,,,,,,,,,,,,,
,,,,,,,,,,,,,,,,,,,,,,,,,,,,,,,,,,,,,,,,,,,,,,,,,,,,,,,,,,,,,,,,,,,,,,,,,,,
,,,,,,,,,,,,,,,,,,,,,,,,,,,,,,,,,,,,,,,,,,,,,,,,,,,,,,,,,,,,,,,,,,,,,,,,,,,
,,,,,,,,,,,,,,,,,,,,,,,,,,,,,,,,,,,,,,,,,,,,,,,,,,,,,,,,,,,,,,,,,,,,,,,,,,,
,,,,,,,,,,,,,,,,,,,,,,,,,,,,,,,,,,,,,,,,,,,,,,,,,,,,,,,,,,,,,,,,,,,,,,,,,,,
,,,,,,,,,,,,,,,,,,,,,,,,,,,,,,,,,,,,,,,,,,,,,,,,,,,,,,,,,,,,,,,,,,,,,,,,,,,
,,,,,,,,,,,,,,,,,,,,,,,,,,,,,,,,,,,,,,,,,,,,,,,,,,,,,,,,,,,,,,,,,,,,,,,,,,,
,,,,,,,,,,,,,,,,,,,,,,,,,,,,,,,,,,,,,,,,,,,,,,,,,,,,,,,,,,,,,,,,,,,,,,,,,,,
,,,,,,,,,,,,,,,,,,,,,,,,,,,,,,,,,,,,,,,,,,,,,,,,,,,,,,,,,,,,,,,,,,,,,,,,,,,
,,,,,,,,,,,,,,,,,,,,,,,,,,,,,,,,,,,,,,,,,,,,,,,,,,,,,,,,,,,,,,,,,,,,,,,,,,,
,,,,,,,,,,,,,,,,,,,,,,,,,,,,,,,,,,,,,,,,,,,,,,,,,,,,,,,,,,,,,,,,,,,,,,,,,,,
,,,,,,,,,,,,,,,,,,,,,,,,,,,,,,,,,,,,,,,,,,,,,,,,,,,,,,,,,,,,,,,,,,,,,,,,,,,
,,,,,,,,,,,,,,,,,,,,,,,,,,,,,,,,,,,,,,,,,,,,,,,,,,,,,,,,,,,,,,,,,,,,,,,,,,,
,,,,,,,,,,,,,,,,,,,,,,,,,,,,,,,,,,,,,,,,,,,,,,,,,,,,,,,,,,,,,,,,,,,,,,,,,,,
,,,,,,,,,,,,,,,,,,,,,,,,,,,,,,,,,,,,,,,,,,,,,,,,,,,,,,,,,,,,,,,,,,,,,,,,,,,
,,,,,,,,,,,,,,,,,,,,,,,,,,,,,,,,,,,,,,,,,,,,,,,,,,,,,,,,,,,,,,,,,,,,,,,,,,,
,,,,,,,,,,,,,,,,,,,,,,,,,,,,,,,,,,,,,,,,,,,,,,,,,,,,,,,,,,,,,,,,,,,,,,,,,,,
,,,,,,,,,,,,,,,,,,,,,,,,,,,,,,,,,,,,,,,,,,,,,,,,,,,,,,,,,,,,,,,,,,,,,,,,,,,
,,,,,,,,,,,,,,,,,,,,,,,,,,,,,,,,,,,,,,,,,,,,,,,,,,,,,,,,,,,,,,,,,,,,,,,,,,,
,,,,,,,,,,,,,,,,,,,,,,,,,,,,,,,,,,,,,,,,,,,,,,,,,,,,,,,,,,,,,,,,,,,,,,,,,,,
,,,,,,,,,,,,,,,,,,,,,,,,,,,,,,,,,,,,,,,,,,,,,,,,,,,,,,,,,,,,,,,,,,,,,,,,,,,
,,,,,,,,,,,,,,,,,,,,,,,,,,,,,,,,,,,,,,,,,,,,,,,,,,,,,,,,,,,,,,,,,,,,,,,,,,,
,,,,,,,,,,,,,,,,,,,,,,,,,,,,,,,,,,,,,,,,,,,,,,,,,,,,,,,,,,,,,,,,,,,,,,,,,,,
,,,,,,,,,,,,,,,,,,,,,,,,,,,,,,,,,,,,,,,,,,,,,,,,,,,,,,,,,,,,,,,,,,,,,,,,,,,
,,,,,,,,,,,,,,,,,,,,,,,,,,,,,,,,,,,,,,,,,,,,,,,,,,,,,,,,,,,,,,,,,,,,,,,,,,,
,,,,,,,,,,,,,,,,,,,,,,,,,,,,,,,,,,,,,,,,,,,,,,,,,,,,,,,,,,,,,,,,,,,,,,,,,,,
,,,,,,,,,,,,,,,,,,,,,,,,,,,,,,,,,,,,,,,,,,,,,,,,,,,,,,,,,,,,,,,,,,,,,,,,,,,
,,,,,,,,,,,,,,,,,,,,,,,,,,,,,,,,,,,,,,,,,,,,,,,,,,,,,,,,,,,,,,,,,,,,,,,,,,,
,,,,,,,,,,,,,,,,,,,,,,,,,,,,,,,,,,,,,,,,,,,,,,,,,,,,,,,,,,,,,,,,,,,,,,,,,,,
,,,,,,,,,,,,,,,,,,,,,,,,,,,,,,,,,,,,,,,,,,,,,,,,,,,,,,,,,,,,,,,,,,,,,,,,,,,
,,,,,,,,,,,,,,,,,,,,,,,,,,,,,,,,,,,,,,,,,,,,,,,,,,,,,,,,,,,,,,,,,,,,,,,,,,,
,,,,,,,,,,,,,,,,,,,,,,,,,,,,,,,,,,,,,,,,,,,,,,,,,,,,,,,,,,,,,,,,,,,,,,,,,,,
,,,,,,,,,,,,,,,,,,,,,,,,,,,,,,,,,,,,,,,,,,,,,,,,,,,,,,,,,,,,,,,,,,,,,,,,,,,
,,,,,,,,,,,,,,,,,,,,,,,,,,,,,,,,,,,,,,,,,,,,,,,,,,,,,,,,,,,,,,,,,,,,,,,,,,,
,,,,,,,,,,,,,,,,,,,,,,,,,,,,,,,,,,,,,,,,,,,,,,,,,,,,,,,,,,,,,,,,,,,,,,,,,,,
,,,,,,,,,,,,,,,,,,,,,,,,,,,,,,,,,,,,,,,,,,,,,,,,,,,,,,,,,,,,,,,,,,,,,,,,,,,
,,,,,,,,,,,,,,,,,,,,,,,,,,,,,,,,,,,,,,,,,,,,,,,,,,,,,,,,,,,,,,,,,,,,,,,,,,,
,,,,,,,,,,,,,,,,,,,,,,,,,,,,,,,,,,,,,,,,,,,,,,,,,,,,,,,,,,,,,,,,,,,,,,,,,,,
,,,,,,,,,,,,,,,,,,,,,,,,,,,,,,,,,,,,,,,,,,,,,,,,,,,,,,,,,,,,,,,,,,,,,,,,,,,
,,,,,,,,,,,,,,,,,,,,,,,,,,,,,,,,,,,,,,,,,,,,,,,,,,,,,,,,,,,,,,,,,,,,,,,,,,,
,,,,,,,,,,,,,,,,,,,,,,,,,,,,,,,,,,,,,,,,,,,,,,,,,,,,,,,,,,,,,,,,,,,,,,,,,,,
,,,,,,,,,,,,,,,,,,,,,,,,,,,,,,,,,,,,,,,,,,,,,,,,,,,,,,,,,,,,,,,,,,,,,,,,,,,
,,,,,,,,,,,,,,,,,,,,,,,,,,,,,,,,,,,,,,,,,,,,,,,,,,,,,,,,,,,,,,,,,,,,,,,,,,,
,,,,,,,,,,,,,,,,,,,,,,,,,,,,,,,,,,,,,,,,,,,,,,,,,,,,,,,,,,,,,,,,,,,,,,,,,,,
,,,,,,,,,,,,,,,,,,,,,,,,,,,,,,,,,,,,,,,,,,,,,,,,,,,,,,,,,,,,,,,,,,,,,,,,,,,
,,,,,,,,,,,,,,,,,,,,,,,,,,,,,,,,,,,,,,,,,,,,,,,,,,,,,,,,,,,,,,,,,,,,,,,,,,,
,,,,,,,,,,,,,,,,,,,,,,,,,,,,,,,,,,,,,,,,,,,,,,,,,,,,,,,,,,,,,,,,,,,,,,,,,,,
,,,,,,,,,,,,,,,,,,,,,,,,,,,,,,,,,,,,,,,,,,,,,,,,,,,,,,,,,,,,,,,,,,,,,,,,,,,
,,,,,,,,,,,,,,,,,,,,,,,,,,,,,,,,,,,,,,,,,,,,,,,,,,,,,,,,,,,,,,,,,,,,,,,,,,,
,,,,,,,,,,,,,,,,,,,,,,,,,,,,,,,,,,,,,,,,,,,,,,,,,,,,,,,,,,,,,,,,,,,,,,,,,,,
,,,,,,,,,,,,,,,,,,,,,,,,,,,,,,,,,,,,,,,,,,,,,,,,,,,,,,,,,,,,,,,,,,,,,,,,,,,
,,,,,,,,,,,,,,,,,,,,,,,,,,,,,,,,,,,,,,,,,,,,,,,,,,,,,,,,,,,,,,,,,,,,,,,,,,,
,,,,,,,,,,,,,,,,,,,,,,,,,,,,,,,,,,,,,,,,,,,,,,,,,,,,,,,,,,,,,,,,,,,,,,,,,,,
,,,,,,,,,,,,,,,,,,,,,,,,,,,,,,,,,,,,,,,,,,,,,,,,,,,,,,,,,,,,,,,,,,,,,,,,,,,
,,,,,,,,,,,,,,,,,,,,,,,,,,,,,,,,,,,,,,,,,,,,,,,,,,,,,,,,,,,,,,,,,,,,,,,,,,,
,,,,,,,,,,,,,,,,,,,,,,,,,,,,,,,,,,,,,,,,,,,,,,,,,,,,,,,,,,,,,,,,,,,,,,,,,,,
,,,,,,,,,,,,,,,,,,,,,,,,,,,,,,,,,,,,,,,,,,,,,,,,,,,,,,,,,,,,,,,,,,,,,,,,,,,
,,,,,,,,,,,,,,,,,,,,,,,,,,,,,,,,,,,,,,,,,,,,,,,,,,,,,,,,,,,,,,,,,,,,,,,,,,,
,,,,,,,,,,,,,,,,,,,,,,,,,,,,,,,,,,,,,,,,,,,,,,,,,,,,,,,,,,,,,,,,,,,,,,,,,,,
,,,,,,,,,,,,,,,,,,,,,,,,,,,,,,,,,,,,,,,,,,,,,,,,,,,,,,,,,,,,,,,,,,,,,,,,,,,
,,,,,,,,,,,,,,,,,,,,,,,,,,,,,,,,,,,,,,,,,,,,,,,,,,,,,,,,,,,,,,,,,,,,,,,,,,,
,,,,,,,,,,,,,,,,,,,,,,,,,,,,,,,,,,,,,,,,,,,,,,,,,,,,,,,,,,,,,,,,,,,,,,,,,,,
,,,,,,,,,,,,,,,,,,,,,,,,,,,,,,,,,,,,,,,,,,,,,,,,,,,,,,,,,,,,,,,,,,,,,,,,,,,
,,,,,,,,,,,,,,,,,,,,,,,,,,,,,,,,,,,,,,,,,,,,,,,,,,,,,,,,,,,,,,,,,,,,,,,,,,,
,,,,,,,,,,,,,,,,,,,,,,,,,,,,,,,,,,,,,,,,,,,,,,,,,,,,,,,,,,,,,,,,,,,,,,,,,,,
,,,,,,,,,,,,,,,,,,,,,,,,,,,,,,,,,,,,,,,,,,,,,,,,,,,,,,,,,,,,,,,,,,,,,,,,,,,
,,,,,,,,,,,,,,,,,,,,,,,,,,,,,,,,,,,,,,,,,,,,,,,,,,,,,,,,,,,,,,,,,,,,,,,,,,,
,,,,,,,,,,,,,,,,,,,,,,,,,,,,,,,,,,,,,,,,,,,,,,,,,,,,,,,,,,,,,,,,,,,,,,,,,,,
,,,,,,,,,,,,,,,,,,,,,,,,,,,,,,,,,,,,,,,,,,,,,,,,,,,,,,,,,,,,,,,,,,,,,,,,,,,
,,,,,,,,,,,,,,,,,,,,,,,,,,,,,,,,,,,,,,,,,,,,,,,,,,,,,,,,,,,,,,,,,,,,,,,,,,,
,,,,,,,,,,,,,,,,,,,,,,,,,,,,,,,,,,,,,,,,,,,,,,,,,,,,,,,,,,,,,,,,,,,,,,,,,,,
,,,,,,,,,,,,,,,,,,,,,,,,,,,,,,,,,,,,,,,,,,,,,,,,,,,,,,,,,,,,,,,,,,,,,,,,,,,
,,,,,,,,,,,,,,,,,,,,,,,,,,,,,,,,,,,,,,,,,,,,,,,,,,,,,,,,,,,,,,,,,,,,,,,,,,,
,,,,,,,,,,,,,,,,,,,,,,,,,,,,,,,,,,,,,,,,,,,,,,,,,,,,,,,,,,,,,,,,,,,,,,,,,,,
,,,,,,,,,,,,,,,,,,,,,,,,,,,,,,,,,,,,,,,,,,,,,,,,,,,,,,,,,,,,,,,,,,,,,,,,,,,
,,,,,,,,,,,,,,,,,,,,,,,,,,,,,,,,,,,,,,,,,,,,,,,,,,,,,,,,,,,,,,,,,,,,,,,,,,,
,,,,,,,,,,,,,,,,,,,,,,,,,,,,,,,,,,,,,,,,,,,,,,,,,,,,,,,,,,,,,,,,,,,,,,,,,,,
,,,,,,,,,,,,,,,,,,,,,,,,,,,,,,,,,,,,,,,,,,,,,,,,,,,,,,,,,,,,,,,,,,,,,,,,,,,
,,,,,,,,,,,,,,,,,,,,,,,,,,,,,,,,,,,,,,,,,,,,,,,,,,,,,,,,,,,,,,,,,,,,,,,,,,,
,,,,,,,,,,,,,,,,,,,,,,,,,,,,,,,,,,,,,,,,,,,,,,,,,,,,,,,,,,,,,,,,,,,,,,,,,,,
,,,,,,,,,,,,,,,,,,,,,,,,,,,,,,,,,,,,,,,,,,,,,,,,,,,,,,,,,,,,,,,,,,,,,,,,,,,
,,,,,,,,,,,,,,,,,,,,,,,,,,,,,,,,,,,,,,,,,,,,,,,,,,,,,,,,,,,,,,,,,,,,,,,,,,,
,,,,,,,,,,,,,,,,,,,,,,,,,,,,,,,,,,,,,,,,,,,,,,,,,,,,,,,,,,,,,,,,,,,,,,,,,,,
,,,,,,,,,,,,,,,,,,,,,,,,,,,,,,,,,,,,,,,,,,,,,,,,,,,,,,,,,,,,,,,,,,,,,,,,,,,
,,,,,,,,,,,,,,,,,,,,,,,,,,,,,,,,,,,,,,,,,,,,,,,,,,,,,,,,,,,,,,,,,,,,,,,,,,,
,,,,,,,,,,,,,,,,,,,,,,,,,,,,,,,,,,,,,,,,,,,,,,,,,,,,,,,,,,,,,,,,,,,,,,,,,,,
,,,,,,,,,,,,,,,,,,,,,,,,,,,,,,,,,,,,,,,,,,,,,,,,,,,,,,,,,,,,,,,,,,,,,,,,,,,
,,,,,,,,,,,,,,,,,,,,,,,,,,,,,,,,,,,,,,,,,,,,,,,,,,,,,,,,,,,,,,,,,,,,,,,,,,,
,,,,,,,,,,,,,,,,,,,,,,,,,,,,,,,,,,,,,,,,,,,,,,,,,,,,,,,,,,,,,,,,,,,,,,,,,,,
,,,,,,,,,,,,,,,,,,,,,,,,,,,,,,,,,,,,,,,,,,,,,,,,,,,,,,,,,,,,,,,,,,,,,,,,,,,
,,,,,,,,,,,,,,,,,,,,,,,,,,,,,,,,,,,,,,,,,,,,,,,,,,,,,,,,,,,,,,,,,,,,,,,,,,,
,,,,,,,,,,,,,,,,,,,,,,,,,,,,,,,,,,,,,,,,,,,,,,,,,,,,,,,,,,,,,,,,,,,,,,,,,,,
,,,,,,,,,,,,,,,,,,,,,,,,,,,,,,,,,,,,,,,,,,,,,,,,,,,,,,,,,,,,,,,,,,,,,,,,,,,
,,,,,,,,,,,,,,,,,,,,,,,,,,,,,,,,,,,,,,,,,,,,,,,,,,,,,,,,,,,,,,,,,,,,,,,,,,,
,,,,,,,,,,,,,,,,,,,,,,,,,,,,,,,,,,,,,,,,,,,,,,,,,,,,,,,,,,,,,,,,,,,,,,,,,,,
,,,,,,,,,,,,,,,,,,,,,,,,,,,,,,,,,,,,,,,,,,,,,,,,,,,,,,,,,,,,,,,,,,,,,,,,,,,
,,,,,,,,,,,,,,,,,,,,,,,,,,,,,,,,,,,,,,,,,,,,,,,,,,,,,,,,,,,,,,,,,,,,,,,,,,,
,,,,,,,,,,,,,,,,,,,,,,,,,,,,,,,,,,,,,,,,,,,,,,,,,,,,,,,,,,,,,,,,,,,,,,,,,,,
,,,,,,,,,,,,,,,,,,,,,,,,,,,,,,,,,,,,,,,,,,,,,,,,,,,,,,,,,,,,,,,,,,,,,,,,,,,
,,,,,,,,,,,,,,,,,,,,,,,,,,,,,,,,,,,,,,,,,,,,,,,,,,,,,,,,,,,,,,,,,,,,,,,,,,,
,,,,,,,,,,,,,,,,,,,,,,,,,,,,,,,,,,,,,,,,,,,,,,,,,,,,,,,,,,,,,,,,,,,,,,,,,,,
,,,,,,,,,,,,,,,,,,,,,,,,,,,,,,,,,,,,,,,,,,,,,,,,,,,,,,,,,,,,,,,,,,,,,,,,,,,
,,,,,,,,,,,,,,,,,,,,,,,,,,,,,,,,,,,,,,,,,,,,,,,,,,,,,,,,,,,,,,,,,,,,,,,,,,,
,,,,,,,,,,,,,,,,,,,,,,,,,,,,,,,,,,,,,,,,,,,,,,,,,,,,,,,,,,,,,,,,,,,,,,,,,,,
,,,,,,,,,,,,,,,,,,,,,,,,,,,,,,,,,,,,,,,,,,,,,,,,,,,,,,,,,,,,,,,,,,,,,,,,,,,
,,,,,,,,,,,,,,,,,,,,,,,,,,,,,,,,,,,,,,,,,,,,,,,,,,,,,,,,,,,,,,,,,,,,,,,,,,,
,,,,,,,,,,,,,,,,,,,,,,,,,,,,,,,,,,,,,,,,,,,,,,,,,,,,,,,,,,,,,,,,,,,,,,,,,,,
,,,,,,,,,,,,,,,,,,,,,,,,,,,,,,,,,,,,,,,,,,,,,,,,,,,,,,,,,,,,,,,,,,,,,,,,,,,
,,,,,,,,,,,,,,,,,,,,,,,,,,,,,,,,,,,,,,,,,,,,,,,,,,,,,,,,,,,,,,,,,,,,,,,,,,,
,,,,,,,,,,,,,,,,,,,,,,,,,,,,,,,,,,,,,,,,,,,,,,,,,,,,,,,,,,,,,,,,,,,,,,,,,,,
,,,,,,,,,,,,,,,,,,,,,,,,,,,,,,,,,,,,,,,,,,,,,,,,,,,,,,,,,,,,,,,,,,,,,,,,,,,
,,,,,,,,,,,,,,,,,,,,,,,,,,,,,,,,,,,,,,,,,,,,,,,,,,,,,,,,,,,,,,,,,,,,,,,,,,,
,,,,,,,,,,,,,,,,,,,,,,,,,,,,,,,,,,,,,,,,,,,,,,,,,,,,,,,,,,,,,,,,,,,,,,,,,,,
,,,,,,,,,,,,,,,,,,,,,,,,,,,,,,,,,,,,,,,,,,,,,,,,,,,,,,,,,,,,,,,,,,,,,,,,,,,
,,,,,,,,,,,,,,,,,,,,,,,,,,,,,,,,,,,,,,,,,,,,,,,,,,,,,,,,,,,,,,,,,,,,,,,,,,,
,,,,,,,,,,,,,,,,,,,,,,,,,,,,,,,,,,,,,,,,,,,,,,,,,,,,,,,,,,,,,,,,,,,,,,,,,,,
,,,,,,,,,,,,,,,,,,,,,,,,,,,,,,,,,,,,,,,,,,,,,,,,,,,,,,,,,,,,,,,,,,,,,,,,,,,
,,,,,,,,,,,,,,,,,,,,,,,,,,,,,,,,,,,,,,,,,,,,,,,,,,,,,,,,,,,,,,,,,,,,,,,,,,,
,,,,,,,,,,,,,,,,,,,,,,,,,,,,,,,,,,,,,,,,,,,,,,,,,,,,,,,,,,,,,,,,,,,,,,,,,,,
,,,,,,,,,,,,,,,,,,,,,,,,,,,,,,,,,,,,,,,,,,,,,,,,,,,,,,,,,,,,,,,,,,,,,,,,,,,
,,,,,,,,,,,,,,,,,,,,,,,,,,,,,,,,,,,,,,,,,,,,,,,,,,,,,,,,,,,,,,,,,,,,,,,,,,,
,,,,,,,,,,,,,,,,,,,,,,,,,,,,,,,,,,,,,,,,,,,,,,,,,,,,,,,,,,,,,,,,,,,,,,,,,,,
,,,,,,,,,,,,,,,,,,,,,,,,,,,,,,,,,,,,,,,,,,,,,,,,,,,,,,,,,,,,,,,,,,,,,,,,,,,
,,,,,,,,,,,,,,,,,,,,,,,,,,,,,,,,,,,,,,,,,,,,,,,,,,,,,,,,,,,,,,,,,,,,,,,,,,,
,,,,,,,,,,,,,,,,,,,,,,,,,,,,,,,,,,,,,,,,,,,,,,,,,,,,,,,,,,,,,,,,,,,,,,,,,,,
,,,,,,,,,,,,,,,,,,,,,,,,,,,,,,,,,,,,,,,,,,,,,,,,,,,,,,,,,,,,,,,,,,,,,,,,,,,
,,,,,,,,,,,,,,,,,,,,,,,,,,,,,,,,,,,,,,,,,,,,,,,,,,,,,,,,,,,,,,,,,,,,,,,,,,,
,,,,,,,,,,,,,,,,,,,,,,,,,,,,,,,,,,,,,,,,,,,,,,,,,,,,,,,,,,,,,,,,,,,,,,,,,,,
,,,,,,,,,,,,,,,,,,,,,,,,,,,,,,,,,,,,,,,,,,,,,,,,,,,,,,,,,,,,,,,,,,,,,,,,,,,
,,,,,,,,,,,,,,,,,,,,,,,,,,,,,,,,,,,,,,,,,,,,,,,,,,,,,,,,,,,,,,,,,,,,,,,,,,,
,,,,,,,,,,,,,,,,,,,,,,,,,,,,,,,,,,,,,,,,,,,,,,,,,,,,,,,,,,,,,,,,,,,,,,,,,,,
,,,,,,,,,,,,,,,,,,,,,,,,,,,,,,,,,,,,,,,,,,,,,,,,,,,,,,,,,,,,,,,,,,,,,,,,,,,
,,,,,,,,,,,,,,,,,,,,,,,,,,,,,,,,,,,,,,,,,,,,,,,,,,,,,,,,,,,,,,,,,,,,,,,,,,,
,,,,,,,,,,,,,,,,,,,,,,,,,,,,,,,,,,,,,,,,,,,,,,,,,,,,,,,,,,,,,,,,,,,,,,,,,,,
,,,,,,,,,,,,,,,,,,,,,,,,,,,,,,,,,,,,,,,,,,,,,,,,,,,,,,,,,,,,,,,,,,,,,,,,,,,
,,,,,,,,,,,,,,,,,,,,,,,,,,,,,,,,,,,,,,,,,,,,,,,,,,,,,,,,,,,,,,,,,,,,,,,,,,,
,,,,,,,,,,,,,,,,,,,,,,,,,,,,,,,,,,,,,,,,,,,,,,,,,,,,,,,,,,,,,,,,,,,,,,,,,,,
,,,,,,,,,,,,,,,,,,,,,,,,,,,,,,,,,,,,,,,,,,,,,,,,,,,,,,,,,,,,,,,,,,,,,,,,,,,
,,,,,,,,,,,,,,,,,,,,,,,,,,,,,,,,,,,,,,,,,,,,,,,,,,,,,,,,,,,,,,,,,,,,,,,,,,,
,,,,,,,,,,,,,,,,,,,,,,,,,,,,,,,,,,,,,,,,,,,,,,,,,,,,,,,,,,,,,,,,,,,,,,,,,,,
,,,,,,,,,,,,,,,,,,,,,,,,,,,,,,,,,,,,,,,,,,,,,,,,,,,,,,,,,,,,,,,,,,,,,,,,,,,
,,,,,,,,,,,,,,,,,,,,,,,,,,,,,,,,,,,,,,,,,,,,,,,,,,,,,,,,,,,,,,,,,,,,,,,,,,,
,,,,,,,,,,,,,,,,,,,,,,,,,,,,,,,,,,,,,,,,,,,,,,,,,,,,,,,,,,,,,,,,,,,,,,,,,,,
,,,,,,,,,,,,,,,,,,,,,,,,,,,,,,,,,,,,,,,,,,,,,,,,,,,,,,,,,,,,,,,,,,,,,,,,,,,
,,,,,,,,,,,,,,,,,,,,,,,,,,,,,,,,,,,,,,,,,,,,,,,,,,,,,,,,,,,,,,,,,,,,,,,,,,,
,,,,,,,,,,,,,,,,,,,,,,,,,,,,,,,,,,,,,,,,,,,,,,,,,,,,,,,,,,,,,,,,,,,,,,,,,,,
,,,,,,,,,,,,,,,,,,,,,,,,,,,,,,,,,,,,,,,,,,,,,,,,,,,,,,,,,,,,,,,,,,,,,,,,,,,
,,,,,,,,,,,,,,,,,,,,,,,,,,,,,,,,,,,,,,,,,,,,,,,,,,,,,,,,,,,,,,,,,,,,,,,,,,,
,,,,,,,,,,,,,,,,,,,,,,,,,,,,,,,,,,,,,,,,,,,,,,,,,,,,,,,,,,,,,,,,,,,,,,,,,,,
,,,,,,,,,,,,,,,,,,,,,,,,,,,,,,,,,,,,,,,,,,,,,,,,,,,,,,,,,,,,,,,,,,,,,,,,,,,
,,,,,,,,,,,,,,,,,,,,,,,,,,,,,,,,,,,,,,,,,,,,,,,,,,,,,,,,,,,,,,,,,,,,,,,,,,,
,,,,,,,,,,,,,,,,,,,,,,,,,,,,,,,,,,,,,,,,,,,,,,,,,,,,,,,,,,,,,,,,,,,,,,,,,,,
,,,,,,,,,,,,,,,,,,,,,,,,,,,,,,,,,,,,,,,,,,,,,,,,,,,,,,,,,,,,,,,,,,,,,,,,,,,
,,,,,,,,,,,,,,,,,,,,,,,,,,,,,,,,,,,,,,,,,,,,,,,,,,,,,,,,,,,,,,,,,,,,,,,,,,,
,,,,,,,,,,,,,,,,,,,,,,,,,,,,,,,,,,,,,,,,,,,,,,,,,,,,,,,,,,,,,,,,,,,,,,,,,,,
,,,,,,,,,,,,,,,,,,,,,,,,,,,,,,,,,,,,,,,,,,,,,,,,,,,,,,,,,,,,,,,,,,,,,,,,,,,
,,,,,,,,,,,,,,,,,,,,,,,,,,,,,,,,,,,,,,,,,,,,,,,,,,,,,,,,,,,,,,,,,,,,,,,,,,,
,,,,,,,,,,,,,,,,,,,,,,,,,,,,,,,,,,,,,,,,,,,,,,,,,,,,,,,,,,,,,,,,,,,,,,,,,,,
,,,,,,,,,,,,,,,,,,,,,,,,,,,,,,,,,,,,,,,,,,,,,,,,,,,,,,,,,,,,,,,,,,,,,,,,,,,
,,,,,,,,,,,,,,,,,,,,,,,,,,,,,,,,,,,,,,,,,,,,,,,,,,,,,,,,,,,,,,,,,,,,,,,,,,,
,,,,,,,,,,,,,,,,,,,,,,,,,,,,,,,,,,,,,,,,,,,,,,,,,,,,,,,,,,,,,,,,,,,,,,,,,,,
,,,,,,,,,,,,,,,,,,,,,,,,,,,,,,,,,,,,,,,,,,,,,,,,,,,,,,,,,,,,,,,,,,,,,,,,,,,
,,,,,,,,,,,,,,,,,,,,,,,,,,,,,,,,,,,,,,,,,,,,,,,,,,,,,,,,,,,,,,,,,,,,,,,,,,,
,,,,,,,,,,,,,,,,,,,,,,,,,,,,,,,,,,,,,,,,,,,,,,,,,,,,,,,,,,,,,,,,,,,,,,,,,,,
,,,,,,,,,,,,,,,,,,,,,,,,,,,,,,,,,,,,,,,,,,,,,,,,,,,,,,,,,,,,,,,,,,,,,,,,,,,
,,,,,,,,,,,,,,,,,,,,,,,,,,,,,,,,,,,,,,,,,,,,,,,,,,,,,,,,,,,,,,,,,,,,,,,,,,,
,,,,,,,,,,,,,,,,,,,,,,,,,,,,,,,,,,,,,,,,,,,,,,,,,,,,,,,,,,,,,,,,,,,,,,,,,,,
,,,,,,,,,,,,,,,,,,,,,,,,,,,,,,,,,,,,,,,,,,,,,,,,,,,,,,,,,,,,,,,,,,,,,,,,,,,
,,,,,,,,,,,,,,,,,,,,,,,,,,,,,,,,,,,,,,,,,,,,,,,,,,,,,,,,,,,,,,,,,,,,,,,,,,,
,,,,,,,,,,,,,,,,,,,,,,,,,,,,,,,,,,,,,,,,,,,,,,,,,,,,,,,,,,,,,,,,,,,,,,,,,,,
,,,,,,,,,,,,,,,,,,,,,,,,,,,,,,,,,,,,,,,,,,,,,,,,,,,,,,,,,,,,,,,,,,,,,,,,,,,
,,,,,,,,,,,,,,,,,,,,,,,,,,,,,,,,,,,,,,,,,,,,,,,,,,,,,,,,,,,,,,,,,,,,,,,,,,,
,,,,,,,,,,,,,,,,,,,,,,,,,,,,,,,,,,,,,,,,,,,,,,,,,,,,,,,,,,,,,,,,,,,,,,,,,,,
,,,,,,,,,,,,,,,,,,,,,,,,,,,,,,,,,,,,,,,,,,,,,,,,,,,,,,,,,,,,,,,,,,,,,,,,,,,
,,,,,,,,,,,,,,,,,,,,,,,,,,,,,,,,,,,,,,,,,,,,,,,,,,,,,,,,,,,,,,,,,,,,,,,,,,,
,,,,,,,,,,,,,,,,,,,,,,,,,,,,,,,,,,,,,,,,,,,,,,,,,,,,,,,,,,,,,,,,,,,,,,,,,,,
,,,,,,,,,,,,,,,,,,,,,,,,,,,,,,,,,,,,,,,,,,,,,,,,,,,,,,,,,,,,,,,,,,,,,,,,,,,
,,,,,,,,,,,,,,,,,,,,,,,,,,,,,,,,,,,,,,,,,,,,,,,,,,,,,,,,,,,,,,,,,,,,,,,,,,,
,,,,,,,,,,,,,,,,,,,,,,,,,,,,,,,,,,,,,,,,,,,,,,,,,,,,,,,,,,,,,,,,,,,,,,,,,,,
,,,,,,,,,,,,,,,,,,,,,,,,,,,,,,,,,,,,,,,,,,,,,,,,,,,,,,,,,,,,,,,,,,,,,,,,,,,
,,,,,,,,,,,,,,,,,,,,,,,,,,,,,,,,,,,,,,,,,,,,,,,,,,,,,,,,,,,,,,,,,,,,,,,,,,,
,,,,,,,,,,,,,,,,,,,,,,,,,,,,,,,,,,,,,,,,,,,,,,,,,,,,,,,,,,,,,,,,,,,,,,,,,,,
,,,,,,,,,,,,,,,,,,,,,,,,,,,,,,,,,,,,,,,,,,,,,,,,,,,,,,,,,,,,,,,,,,,,,,,,,,,
,,,,,,,,,,,,,,,,,,,,,,,,,,,,,,,,,,,,,,,,,,,,,,,,,,,,,,,,,,,,,,,,,,,,,,,,,,,
,,,,,,,,,,,,,,,,,,,,,,,,,,,,,,,,,,,,,,,,,,,,,,,,,,,,,,,,,,,,,,,,,,,,,,,,,,,
,,,,,,,,,,,,,,,,,,,,,,,,,,,,,,,,,,,,,,,,,,,,,,,,,,,,,,,,,,,,,,,,,,,,,,,,,,,
,,,,,,,,,,,,,,,,,,,,,,,,,,,,,,,,,,,,,,,,,,,,,,,,,,,,,,,,,,,,,,,,,,,,,,,,,,,
,,,,,,,,,,,,,,,,,,,,,,,,,,,,,,,,,,,,,,,,,,,,,,,,,,,,,,,,,,,,,,,,,,,,,,,,,,,
,,,,,,,,,,,,,,,,,,,,,,,,,,,,,,,,,,,,,,,,,,,,,,,,,,,,,,,,,,,,,,,,,,,,,,,,,,,
,,,,,,,,,,,,,,,,,,,,,,,,,,,,,,,,,,,,,,,,,,,,,,,,,,,,,,,,,,,,,,,,,,,,,,,,,,,
,,,,,,,,,,,,,,,,,,,,,,,,,,,,,,,,,,,,,,,,,,,,,,,,,,,,,,,,,,,,,,,,,,,,,,,,,,,
,,,,,,,,,,,,,,,,,,,,,,,,,,,,,,,,,,,,,,,,,,,,,,,,,,,,,,,,,,,,,,,,,,,,,,,,,,,
,,,,,,,,,,,,,,,,,,,,,,,,,,,,,,,,,,,,,,,,,,,,,,,,,,,,,,,,,,,,,,,,,,,,,,,,,,,
,,,,,,,,,,,,,,,,,,,,,,,,,,,,,,,,,,,,,,,,,,,,,,,,,,,,,,,,,,,,,,,,,,,,,,,,,,,
,,,,,,,,,,,,,,,,,,,,,,,,,,,,,,,,,,,,,,,,,,,,,,,,,,,,,,,,,,,,,,,,,,,,,,,,,,,
,,,,,,,,,,,,,,,,,,,,,,,,,,,,,,,,,,,,,,,,,,,,,,,,,,,,,,,,,,,,,,,,,,,,,,,,,,,
,,,,,,,,,,,,,,,,,,,,,,,,,,,,,,,,,,,,,,,,,,,,,,,,,,,,,,,,,,,,,,,,,,,,,,,,,,,
,,,,,,,,,,,,,,,,,,,,,,,,,,,,,,,,,,,,,,,,,,,,,,,,,,,,,,,,,,,,,,,,,,,,,,,,,,,
,,,,,,,,,,,,,,,,,,,,,,,,,,,,,,,,,,,,,,,,,,,,,,,,,,,,,,,,,,,,,,,,,,,,,,,,,,,
,,,,,,,,,,,,,,,,,,,,,,,,,,,,,,,,,,,,,,,,,,,,,,,,,,,,,,,,,,,,,,,,,,,,,,,,,,,
,,,,,,,,,,,,,,,,,,,,,,,,,,,,,,,,,,,,,,,,,,,,,,,,,,,,,,,,,,,,,,,,,,,,,,,,,,,
,,,,,,,,,,,,,,,,,,,,,,,,,,,,,,,,,,,,,,,,,,,,,,,,,,,,,,,,,,,,,,,,,,,,,,,,,,,
,,,,,,,,,,,,,,,,,,,,,,,,,,,,,,,,,,,,,,,,,,,,,,,,,,,,,,,,,,,,,,,,,,,,,,,,,,,
,,,,,,,,,,,,,,,,,,,,,,,,,,,,,,,,,,,,,,,,,,,,,,,,,,,,,,,,,,,,,,,,,,,,,,,,,,,
,,,,,,,,,,,,,,,,,,,,,,,,,,,,,,,,,,,,,,,,,,,,,,,,,,,,,,,,,,,,,,,,,,,,,,,,,,,
,,,,,,,,,,,,,,,,,,,,,,,,,,,,,,,,,,,,,,,,,,,,,,,,,,,,,,,,,,,,,,,,,,,,,,,,,,,
,,,,,,,,,,,,,,,,,,,,,,,,,,,,,,,,,,,,,,,,,,,,,,,,,,,,,,,,,,,,,,,,,,,,,,,,,,,
,,,,,,,,,,,,,,,,,,,,,,,,,,,,,,,,,,,,,,,,,,,,,,,,,,,,,,,,,,,,,,,,,,,,,,,,,,,
,,,,,,,,,,,,,,,,,,,,,,,,,,,,,,,,,,,,,,,,,,,,,,,,,,,,,,,,,,,,,,,,,,,,,,,,,,,
,,,,,,,,,,,,,,,,,,,,,,,,,,,,,,,,,,,,,,,,,,,,,,,,,,,,,,,,,,,,,,,,,,,,,,,,,,,
,,,,,,,,,,,,,,,,,,,,,,,,,,,,,,,,,,,,,,,,,,,,,,,,,,,,,,,,,,,,,,,,,,,,,,,,,,,
,,,,,,,,,,,,,,,,,,,,,,,,,,,,,,,,,,,,,,,,,,,,,,,,,,,,,,,,,,,,,,,,,,,,,,,,,,,
,,,,,,,,,,,,,,,,,,,,,,,,,,,,,,,,,,,,,,,,,,,,,,,,,,,,,,,,,,,,,,,,,,,,,,,,,,,
,,,,,,,,,,,,,,,,,,,,,,,,,,,,,,,,,,,,,,,,,,,,,,,,,,,,,,,,,,,,,,,,,,,,,,,,,,,
,,,,,,,,,,,,,,,,,,,,,,,,,,,,,,,,,,,,,,,,,,,,,,,,,,,,,,,,,,,,,,,,,,,,,,,,,,,
,,,,,,,,,,,,,,,,,,,,,,,,,,,,,,,,,,,,,,,,,,,,,,,,,,,,,,,,,,,,,,,,,,,,,,,,,,,
,,,,,,,,,,,,,,,,,,,,,,,,,,,,,,,,,,,,,,,,,,,,,,,,,,,,,,,,,,,,,,,,,,,,,,,,,,,
,,,,,,,,,,,,,,,,,,,,,,,,,,,,,,,,,,,,,,,,,,,,,,,,,,,,,,,,,,,,,,,,,,,,,,,,,,,
,,,,,,,,,,,,,,,,,,,,,,,,,,,,,,,,,,,,,,,,,,,,,,,,,,,,,,,,,,,,,,,,,,,,,,,,,,,
,,,,,,,,,,,,,,,,,,,,,,,,,,,,,,,,,,,,,,,,,,,,,,,,,,,,,,,,,,,,,,,,,,,,,,,,,,,
,,,,,,,,,,,,,,,,,,,,,,,,,,,,,,,,,,,,,,,,,,,,,,,,,,,,,,,,,,,,,,,,,,,,,,,,,,,
,,,,,,,,,,,,,,,,,,,,,,,,,,,,,,,,,,,,,,,,,,,,,,,,,,,,,,,,,,,,,,,,,,,,,,,,,,,
,,,,,,,,,,,,,,,,,,,,,,,,,,,,,,,,,,,,,,,,,,,,,,,,,,,,,,,,,,,,,,,,,,,,,,,,,,,
,,,,,,,,,,,,,,,,,,,,,,,,,,,,,,,,,,,,,,,,,,,,,,,,,,,,,,,,,,,,,,,,,,,,,,,,,,,
,,,,,,,,,,,,,,,,,,,,,,,,,,,,,,,,,,,,,,,,,,,,,,,,,,,,,,,,,,,,,,,,,,,,,,,,,,,
,,,,,,,,,,,,,,,,,,,,,,,,,,,,,,,,,,,,,,,,,,,,,,,,,,,,,,,,,,,,,,,,,,,,,,,,,,,
,,,,,,,,,,,,,,,,,,,,,,,,,,,,,,,,,,,,,,,,,,,,,,,,,,,,,,,,,,,,,,,,,,,,,,,,,,,
,,,,,,,,,,,,,,,,,,,,,,,,,,,,,,,,,,,,,,,,,,,,,,,,,,,,,,,,,,,,,,,,,,,,,,,,,,,
,,,,,,,,,,,,,,,,,,,,,,,,,,,,,,,,,,,,,,,,,,,,,,,,,,,,,,,,,,,,,,,,,,,,,,,,,,,
,,,,,,,,,,,,,,,,,,,,,,,,,,,,,,,,,,,,,,,,,,,,,,,,,,,,,,,,,,,,,,,,,,,,,,,,,,,
,,,,,,,,,,,,,,,,,,,,,,,,,,,,,,,,,,,,,,,,,,,,,,,,,,,,,,,,,,,,,,,,,,,,,,,,,,,
,,,,,,,,,,,,,,,,,,,,,,,,,,,,,,,,,,,,,,,,,,,,,,,,,,,,,,,,,,,,,,,,,,,,,,,,,,,
,,,,,,,,,,,,,,,,,,,,,,,,,,,,,,,,,,,,,,,,,,,,,,,,,,,,,,,,,,,,,,,,,,,,,,,,,,,
,,,,,,,,,,,,,,,,,,,,,,,,,,,,,,,,,,,,,,,,,,,,,,,,,,,,,,,,,,,,,,,,,,,,,,,,,,,
,,,,,,,,,,,,,,,,,,,,,,,,,,,,,,,,,,,,,,,,,,,,,,,,,,,,,,,,,,,,,,,,,,,,,,,,,,,
,,,,,,,,,,,,,,,,,,,,,,,,,,,,,,,,,,,,,,,,,,,,,,,,,,,,,,,,,,,,,,,,,,,,,,,,,,,
,,,,,,,,,,,,,,,,,,,,,,,,,,,,,,,,,,,,,,,,,,,,,,,,,,,,,,,,,,,,,,,,,,,,,,,,,,,
,,,,,,,,,,,,,,,,,,,,,,,,,,,,,,,,,,,,,,,,,,,,,,,,,,,,,,,,,,,,,,,,,,,,,,,,,,,
,,,,,,,,,,,,,,,,,,,,,,,,,,,,,,,,,,,,,,,,,,,,,,,,,,,,,,,,,,,,,,,,,,,,,,,,,,,
,,,,,,,,,,,,,,,,,,,,,,,,,,,,,,,,,,,,,,,,,,,,,,,,,,,,,,,,,,,,,,,,,,,,,,,,,,,
,,,,,,,,,,,,,,,,,,,,,,,,,,,,,,,,,,,,,,,,,,,,,,,,,,,,,,,,,,,,,,,,,,,,,,,,,,,
,,,,,,,,,,,,,,,,,,,,,,,,,,,,,,,,,,,,,,,,,,,,,,,,,,,,,,,,,,,,,,,,,,,,,,,,,,,
,,,,,,,,,,,,,,,,,,,,,,,,,,,,,,,,,,,,,,,,,,,,,,,,,,,,,,,,,,,,,,,,,,,,,,,,,,,
,,,,,,,,,,,,,,,,,,,,,,,,,,,,,,,,,,,,,,,,,,,,,,,,,,,,,,,,,,,,,,,,,,,,,,,,,,,
,,,,,,,,,,,,,,,,,,,,,,,,,,,,,,,,,,,,,,,,,,,,,,,,,,,,,,,,,,,,,,,,,,,,,,,,,,,
,,,,,,,,,,,,,,,,,,,,,,,,,,,,,,,,,,,,,,,,,,,,,,,,,,,,,,,,,,,,,,,,,,,,,,,,,,,
,,,,,,,,,,,,,,,,,,,,,,,,,,,,,,,,,,,,,,,,,,,,,,,,,,,,,,,,,,,,,,,,,,,,,,,,,,,
,,,,,,,,,,,,,,,,,,,,,,,,,,,,,,,,,,,,,,,,,,,,,,,,,,,,,,,,,,,,,,,,,,,,,,,,,,,
,,,,,,,,,,,,,,,,,,,,,,,,,,,,,,,,,,,,,,,,,,,,,,,,,,,,,,,,,,,,,,,,,,,,,,,,,,,
,,,,,,,,,,,,,,,,,,,,,,,,,,,,,,,,,,,,,,,,,,,,,,,,,,,,,,,,,,,,,,,,,,,,,,,,,,,
,,,,,,,,,,,,,,,,,,,,,,,,,,,,,,,,,,,,,,,,,,,,,,,,,,,,,,,,,,,,,,,,,,,,,,,,,,,
,,,,,,,,,,,,,,,,,,,,,,,,,,,,,,,,,,,,,,,,,,,,,,,,,,,,,,,,,,,,,,,,,,,,,,,,,,,
,,,,,,,,,,,,,,,,,,,,,,,,,,,,,,,,,,,,,,,,,,,,,,,,,,,,,,,,,,,,,,,,,,,,,,,,,,,
,,,,,,,,,,,,,,,,,,,,,,,,,,,,,,,,,,,,,,,,,,,,,,,,,,,,,,,,,,,,,,,,,,,,,,,,,,,
,,,,,,,,,,,,,,,,,,,,,,,,,,,,,,,,,,,,,,,,,,,,,,,,,,,,,,,,,,,,,,,,,,,,,,,,,,,
,,,,,,,,,,,,,,,,,,,,,,,,,,,,,,,,,,,,,,,,,,,,,,,,,,,,,,,,,,,,,,,,,,,,,,,,,,,
,,,,,,,,,,,,,,,,,,,,,,,,,,,,,,,,,,,,,,,,,,,,,,,,,,,,,,,,,,,,,,,,,,,,,,,,,,,
,,,,,,,,,,,,,,,,,,,,,,,,,,,,,,,,,,,,,,,,,,,,,,,,,,,,,,,,,,,,,,,,,,,,,,,,,,,
,,,,,,,,,,,,,,,,,,,,,,,,,,,,,,,,,,,,,,,,,,,,,,,,,,,,,,,,,,,,,,,,,,,,,,,,,,,
,,,,,,,,,,,,,,,,,,,,,,,,,,,,,,,,,,,,,,,,,,,,,,,,,,,,,,,,,,,,,,,,,,,,,,,,,,,
,,,,,,,,,,,,,,,,,,,,,,,,,,,,,,,,,,,,,,,,,,,,,,,,,,,,,,,,,,,,,,,,,,,,,,,,,,,
,,,,,,,,,,,,,,,,,,,,,,,,,,,,,,,,,,,,,,,,,,,,,,,,,,,,,,,,,,,,,,,,,,,,,,,,,,,
,,,,,,,,,,,,,,,,,,,,,,,,,,,,,,,,,,,,,,,,,,,,,,,,,,,,,,,,,,,,,,,,,,,,,,,,,,,
,,,,,,,,,,,,,,,,,,,,,,,,,,,,,,,,,,,,,,,,,,,,,,,,,,,,,,,,,,,,,,,,,,,,,,,,,,,
,,,,,,,,,,,,,,,,,,,,,,,,,,,,,,,,,,,,,,,,,,,,,,,,,,,,,,,,,,,,,,,,,,,,,,,,,,,
,,,,,,,,,,,,,,,,,,,,,,,,,,,,,,,,,,,,,,,,,,,,,,,,,,,,,,,,,,,,,,,,,,,,,,,,,,,
,,,,,,,,,,,,,,,,,,,,,,,,,,,,,,,,,,,,,,,,,,,,,,,,,,,,,,,,,,,,,,,,,,,,,,,,,,,
,,,,,,,,,,,,,,,,,,,,,,,,,,,,,,,,,,,,,,,,,,,,,,,,,,,,,,,,,,,,,,,,,,,,,,,,,,,
,,,,,,,,,,,,,,,,,,,,,,,,,,,,,,,,,,,,,,,,,,,,,,,,,,,,,,,,,,,,,,,,,,,,,,,,,,,
,,,,,,,,,,,,,,,,,,,,,,,,,,,,,,,,,,,,,,,,,,,,,,,,,,,,,,,,,,,,,,,,,,,,,,,,,,,
,,,,,,,,,,,,,,,,,,,,,,,,,,,,,,,,,,,,,,,,,,,,,,,,,,,,,,,,,,,,,,,,,,,,,,,,,,,
,,,,,,,,,,,,,,,,,,,,,,,,,,,,,,,,,,,,,,,,,,,,,,,,,,,,,,,,,,,,,,,,,,,,,,,,,,,
,,,,,,,,,,,,,,,,,,,,,,,,,,,,,,,,,,,,,,,,,,,,,,,,,,,,,,,,,,,,,,,,,,,,,,,,,,,
,,,,,,,,,,,,,,,,,,,,,,,,,,,,,,,,,,,,,,,,,,,,,,,,,,,,,,,,,,,,,,,,,,,,,,,,,,,
,,,,,,,,,,,,,,,,,,,,,,,,,,,,,,,,,,,,,,,,,,,,,,,,,,,,,,,,,,,,,,,,,,,,,,,,,,,
,,,,,,,,,,,,,,,,,,,,,,,,,,,,,,,,,,,,,,,,,,,,,,,,,,,,,,,,,,,,,,,,,,,,,,,,,,,
,,,,,,,,,,,,,,,,,,,,,,,,,,,,,,,,,,,,,,,,,,,,,,,,,,,,,,,,,,,,,,,,,,,,,,,,,,,
,,,,,,,,,,,,,,,,,,,,,,,,,,,,,,,,,,,,,,,,,,,,,,,,,,,,,,,,,,,,,,,,,,,,,,,,,,,
,,,,,,,,,,,,,,,,,,,,,,,,,,,,,,,,,,,,,,,,,,,,,,,,,,,,,,,,,,,,,,,,,,,,,,,,,,,
,,,,,,,,,,,,,,,,,,,,,,,,,,,,,,,,,,,,,,,,,,,,,,,,,,,,,,,,,,,,,,,,,,,,,,,,,,,
,,,,,,,,,,,,,,,,,,,,,,,,,,,,,,,,,,,,,,,,,,,,,,,,,,,,,,,,,,,,,,,,,,,,,,,,,,,
,,,,,,,,,,,,,,,,,,,,,,,,,,,,,,,,,,,,,,,,,,,,,,,,,,,,,,,,,,,,,,,,,,,,,,,,,,,
,,,,,,,,,,,,,,,,,,,,,,,,,,,,,,,,,,,,,,,,,,,,,,,,,,,,,,,,,,,,,,,,,,,,,,,,,,,
,,,,,,,,,,,,,,,,,,,,,,,,,,,,,,,,,,,,,,,,,,,,,,,,,,,,,,,,,,,,,,,,,,,,,,,,,,,
,,,,,,,,,,,,,,,,,,,,,,,,,,,,,,,,,,,,,,,,,,,,,,,,,,,,,,,,,,,,,,,,,,,,,,,,,,,
,,,,,,,,,,,,,,,,,,,,,,,,,,,,,,,,,,,,,,,,,,,,,,,,,,,,,,,,,,,,,,,,,,,,,,,,,,,
,,,,,,,,,,,,,,,,,,,,,,,,,,,,,,,,,,,,,,,,,,,,,,,,,,,,,,,,,,,,,,,,,,,,,,,,,,,
,,,,,,,,,,,,,,,,,,,,,,,,,,,,,,,,,,,,,,,,,,,,,,,,,,,,,,,,,,,,,,,,,,,,,,,,,,,
,,,,,,,,,,,,,,,,,,,,,,,,,,,,,,,,,,,,,,,,,,,,,,,,,,,,,,,,,,,,,,,,,,,,,,,,,,,
,,,,,,,,,,,,,,,,,,,,,,,,,,,,,,,,,,,,,,,,,,,,,,,,,,,,,,,,,,,,,,,,,,,,,,,,,,,
,,,,,,,,,,,,,,,,,,,,,,,,,,,,,,,,,,,,,,,,,,,,,,,,,,,,,,,,,,,,,,,,,,,,,,,,,,,
,,,,,,,,,,,,,,,,,,,,,,,,,,,,,,,,,,,,,,,,,,,,,,,,,,,,,,,,,,,,,,,,,,,,,,,,,,,
,,,,,,,,,,,,,,,,,,,,,,,,,,,,,,,,,,,,,,,,,,,,,,,,,,,,,,,,,,,,,,,,,,,,,,,,,,,
,,,,,,,,,,,,,,,,,,,,,,,,,,,,,,,,,,,,,,,,,,,,,,,,,,,,,,,,,,,,,,,,,,,,,,,,,,,
,,,,,,,,,,,,,,,,,,,,,,,,,,,,,,,,,,,,,,,,,,,,,,,,,,,,,,,,,,,,,,,,,,,,,,,,,,,
,,,,,,,,,,,,,,,,,,,,,,,,,,,,,,,,,,,,,,,,,,,,,,,,,,,,,,,,,,,,,,,,,,,,,,,,,,,
,,,,,,,,,,,,,,,,,,,,,,,,,,,,,,,,,,,,,,,,,,,,,,,,,,,,,,,,,,,,,,,,,,,,,,,,,,,
,,,,,,,,,,,,,,,,,,,,,,,,,,,,,,,,,,,,,,,,,,,,,,,,,,,,,,,,,,,,,,,,,,,,,,,,,,,
,,,,,,,,,,,,,,,,,,,,,,,,,,,,,,,,,,,,,,,,,,,,,,,,,,,,,,,,,,,,,,,,,,,,,,,,,,,
,,,,,,,,,,,,,,,,,,,,,,,,,,,,,,,,,,,,,,,,,,,,,,,,,,,,,,,,,,,,,,,,,,,,,,,,,,,
,,,,,,,,,,,,,,,,,,,,,,,,,,,,,,,,,,,,,,,,,,,,,,,,,,,,,,,,,,,,,,,,,,,,,,,,,,,
,,,,,,,,,,,,,,,,,,,,,,,,,,,,,,,,,,,,,,,,,,,,,,,,,,,,,,,,,,,,,,,,,,,,,,,,,,,
,,,,,,,,,,,,,,,,,,,,,,,,,,,,,,,,,,,,,,,,,,,,,,,,,,,,,,,,,,,,,,,,,,,,,,,,,,,
,,,,,,,,,,,,,,,,,,,,,,,,,,,,,,,,,,,,,,,,,,,,,,,,,,,,,,,,,,,,,,,,,,,,,,,,,,,
,,,,,,,,,,,,,,,,,,,,,,,,,,,,,,,,,,,,,,,,,,,,,,,,,,,,,,,,,,,,,,,,,,,,,,,,,,,
,,,,,,,,,,,,,,,,,,,,,,,,,,,,,,,,,,,,,,,,,,,,,,,,,,,,,,,,,,,,,,,,,,,,,,,,,,,
,,,,,,,,,,,,,,,,,,,,,,,,,,,,,,,,,,,,,,,,,,,,,,,,,,,,,,,,,,,,,,,,,,,,,,,,,,,
,,,,,,,,,,,,,,,,,,,,,,,,,,,,,,,,,,,,,,,,,,,,,,,,,,,,,,,,,,,,,,,,,,,,,,,,,,,
,,,,,,,,,,,,,,,,,,,,,,,,,,,,,,,,,,,,,,,,,,,,,,,,,,,,,,,,,,,,,,,,,,,,,,,,,,,
,,,,,,,,,,,,,,,,,,,,,,,,,,,,,,,,,,,,,,,,,,,,,,,,,,,,,,,,,,,,,,,,,,,,,,,,,,,
,,,,,,,,,,,,,,,,,,,,,,,,,,,,,,,,,,,,,,,,,,,,,,,,,,,,,,,,,,,,,,,,,,,,,,,,,,,
,,,,,,,,,,,,,,,,,,,,,,,,,,,,,,,,,,,,,,,,,,,,,,,,,,,,,,,,,,,,,,,,,,,,,,,,,,,
,,,,,,,,,,,,,,,,,,,,,,,,,,,,,,,,,,,,,,,,,,,,,,,,,,,,,,,,,,,,,,,,,,,,,,,,,,,
,,,,,,,,,,,,,,,,,,,,,,,,,,,,,,,,,,,,,,,,,,,,,,,,,,,,,,,,,,,,,,,,,,,,,,,,,,,
,,,,,,,,,,,,,,,,,,,,,,,,,,,,,,,,,,,,,,,,,,,,,,,,,,,,,,,,,,,,,,,,,,,,,,,,,,,
,,,,,,,,,,,,,,,,,,,,,,,,,,,,,,,,,,,,,,,,,,,,,,,,,,,,,,,,,,,,,,,,,,,,,,,,,,,
,,,,,,,,,,,,,,,,,,,,,,,,,,,,,,,,,,,,,,,,,,,,,,,,,,,,,,,,,,,,,,,,,,,,,,,,,,,
,,,,,,,,,,,,,,,,,,,,,,,,,,,,,,,,,,,,,,,,,,,,,,,,,,,,,,,,,,,,,,,,,,,,,,,,,,,
,,,,,,,,,,,,,,,,,,,,,,,,,,,,,,,,,,,,,,,,,,,,,,,,,,,,,,,,,,,,,,,,,,,,,,,,,,,
,,,,,,,,,,,,,,,,,,,,,,,,,,,,,,,,,,,,,,,,,,,,,,,,,,,,,,,,,,,,,,,,,,,,,,,,,,,
,,,,,,,,,,,,,,,,,,,,,,,,,,,,,,,,,,,,,,,,,,,,,,,,,,,,,,,,,,,,,,,,,,,,,,,,,,,
,,,,,,,,,,,,,,,,,,,,,,,,,,,,,,,,,,,,,,,,,,,,,,,,,,,,,,,,,,,,,,,,,,,,,,,,,,,
,,,,,,,,,,,,,,,,,,,,,,,,,,,,,,,,,,,,,,,,,,,,,,,,,,,,,,,,,,,,,,,,,,,,,,,,,,,
,,,,,,,,,,,,,,,,,,,,,,,,,,,,,,,,,,,,,,,,,,,,,,,,,,,,,,,,,,,,,,,,,,,,,,,,,,,
,,,,,,,,,,,,,,,,,,,,,,,,,,,,,,,,,,,,,,,,,,,,,,,,,,,,,,,,,,,,,,,,,,,,,,,,,,,
,,,,,,,,,,,,,,,,,,,,,,,,,,,,,,,,,,,,,,,,,,,,,,,,,,,,,,,,,,,,,,,,,,,,,,,,,,,
,,,,,,,,,,,,,,,,,,,,,,,,,,,,,,,,,,,,,,,,,,,,,,,,,,,,,,,,,,,,,,,,,,,,,,,,,,,
,,,,,,,,,,,,,,,,,,,,,,,,,,,,,,,,,,,,,,,,,,,,,,,,,,,,,,,,,,,,,,,,,,,,,,,,,,,
,,,,,,,,,,,,,,,,,,,,,,,,,,,,,,,,,,,,,,,,,,,,,,,,,,,,,,,,,,,,,,,,,,,,,,,,,,,
,,,,,,,,,,,,,,,,,,,,,,,,,,,,,,,,,,,,,,,,,,,,,,,,,,,,,,,,,,,,,,,,,,,,,,,,,,,
,,,,,,,,,,,,,,,,,,,,,,,,,,,,,,,,,,,,,,,,,,,,,,,,,,,,,,,,,,,,,,,,,,,,,,,,,,,
,,,,,,,,,,,,,,,,,,,,,,,,,,,,,,,,,,,,,,,,,,,,,,,,,,,,,,,,,,,,,,,,,,,,,,,,,,,
,,,,,,,,,,,,,,,,,,,,,,,,,,,,,,,,,,,,,,,,,,,,,,,,,,,,,,,,,,,,,,,,,,,,,,,,,,,
,,,,,,,,,,,,,,,,,,,,,,,,,,,,,,,,,,,,,,,,,,,,,,,,,,,,,,,,,,,,,,,,,,,,,,,,,,,
,,,,,,,,,,,,,,,,,,,,,,,,,,,,,,,,,,,,,,,,,,,,,,,,,,,,,,,,,,,,,,,,,,,,,,,,,,,
,,,,,,,,,,,,,,,,,,,,,,,,,,,,,,,,,,,,,,,,,,,,,,,,,,,,,,,,,,,,,,,,,,,,,,,,,,,
,,,,,,,,,,,,,,,,,,,,,,,,,,,,,,,,,,,,,,,,,,,,,,,,,,,,,,,,,,,,,,,,,,,,,,,,,,,
,,,,,,,,,,,,,,,,,,,,,,,,,,,,,,,,,,,,,,,,,,,,,,,,,,,,,,,,,,,,,,,,,,,,,,,,,,,
,,,,,,,,,,,,,,,,,,,,,,,,,,,,,,,,,,,,,,,,,,,,,,,,,,,,,,,,,,,,,,,,,,,,,,,,,,,
,,,,,,,,,,,,,,,,,,,,,,,,,,,,,,,,,,,,,,,,,,,,,,,,,,,,,,,,,,,,,,,,,,,,,,,,,,,
,,,,,,,,,,,,,,,,,,,,,,,,,,,,,,,,,,,,,,,,,,,,,,,,,,,,,,,,,,,,,,,,,,,,,,,,,,,
,,,,,,,,,,,,,,,,,,,,,,,,,,,,,,,,,,,,,,,,,,,,,,,,,,,,,,,,,,,,,,,,,,,,,,,,,,,
,,,,,,,,,,,,,,,,,,,,,,,,,,,,,,,,,,,,,,,,,,,,,,,,,,,,,,,,,,,,,,,,,,,,,,,,,,,
,,,,,,,,,,,,,,,,,,,,,,,,,,,,,,,,,,,,,,,,,,,,,,,,,,,,,,,,,,,,,,,,,,,,,,,,,,,
,,,,,,,,,,,,,,,,,,,,,,,,,,,,,,,,,,,,,,,,,,,,,,,,,,,,,,,,,,,,,,,,,,,,,,,,,,,
,,,,,,,,,,,,,,,,,,,,,,,,,,,,,,,,,,,,,,,,,,,,,,,,,,,,,,,,,,,,,,,,,,,,,,,,,,,
,,,,,,,,,,,,,,,,,,,,,,,,,,,,,,,,,,,,,,,,,,,,,,,,,,,,,,,,,,,,,,,,,,,,,,,,,,,
,,,,,,,,,,,,,,,,,,,,,,,,,,,,,,,,,,,,,,,,,,,,,,,,,,,,,,,,,,,,,,,,,,,,,,,,,,,
,,,,,,,,,,,,,,,,,,,,,,,,,,,,,,,,,,,,,,,,,,,,,,,,,,,,,,,,,,,,,,,,,,,,,,,,,,,
,,,,,,,,,,,,,,,,,,,,,,,,,,,,,,,,,,,,,,,,,,,,,,,,,,,,,,,,,,,,,,,,,,,,,,,,,,,
,,,,,,,,,,,,,,,,,,,,,,,,,,,,,,,,,,,,,,,,,,,,,,,,,,,,,,,,,,,,,,,,,,,,,,,,,,,
,,,,,,,,,,,,,,,,,,,,,,,,,,,,,,,,,,,,,,,,,,,,,,,,,,,,,,,,,,,,,,,,,,,,,,,,,,,
,,,,,,,,,,,,,,,,,,,,,,,,,,,,,,,,,,,,,,,,,,,,,,,,,,,,,,,,,,,,,,,,,,,,,,,,,,,
,,,,,,,,,,,,,,,,,,,,,,,,,,,,,,,,,,,,,,,,,,,,,,,,,,,,,,,,,,,,,,,,,,,,,,,,,,,
,,,,,,,,,,,,,,,,,,,,,,,,,,,,,,,,,,,,,,,,,,,,,,,,,,,,,,,,,,,,,,,,,,,,,,,,,,,
,,,,,,,,,,,,,,,,,,,,,,,,,,,,,,,,,,,,,,,,,,,,,,,,,,,,,,,,,,,,,,,,,,,,,,,,,,,
,,,,,,,,,,,,,,,,,,,,,,,,,,,,,,,,,,,,,,,,,,,,,,,,,,,,,,,,,,,,,,,,,,,,,,,,,,,
,,,,,,,,,,,,,,,,,,,,,,,,,,,,,,,,,,,,,,,,,,,,,,,,,,,,,,,,,,,,,,,,,,,,,,,,,,,
,,,,,,,,,,,,,,,,,,,,,,,,,,,,,,,,,,,,,,,,,,,,,,,,,,,,,,,,,,,,,,,,,,,,,,,,,,,
,,,,,,,,,,,,,,,,,,,,,,,,,,,,,,,,,,,,,,,,,,,,,,,,,,,,,,,,,,,,,,,,,,,,,,,,,,,
,,,,,,,,,,,,,,,,,,,,,,,,,,,,,,,,,,,,,,,,,,,,,,,,,,,,,,,,,,,,,,,,,,,,,,,,,,,
,,,,,,,,,,,,,,,,,,,,,,,,,,,,,,,,,,,,,,,,,,,,,,,,,,,,,,,,,,,,,,,,,,,,,,,,,,,
,,,,,,,,,,,,,,,,,,,,,,,,,,,,,,,,,,,,,,,,,,,,,,,,,,,,,,,,,,,,,,,,,,,,,,,,,,,
,,,,,,,,,,,,,,,,,,,,,,,,,,,,,,,,,,,,,,,,,,,,,,,,,,,,,,,,,,,,,,,,,,,,,,,,,,,
,,,,,,,,,,,,,,,,,,,,,,,,,,,,,,,,,,,,,,,,,,,,,,,,,,,,,,,,,,,,,,,,,,,,,,,,,,,
,,,,,,,,,,,,,,,,,,,,,,,,,,,,,,,,,,,,,,,,,,,,,,,,,,,,,,,,,,,,,,,,,,,,,,,,,,,
,,,,,,,,,,,,,,,,,,,,,,,,,,,,,,,,,,,,,,,,,,,,,,,,,,,,,,,,,,,,,,,,,,,,,,,,,,,
,,,,,,,,,,,,,,,,,,,,,,,,,,,,,,,,,,,,,,,,,,,,,,,,,,,,,,,,,,,,,,,,,,,,,,,,,,,
,,,,,,,,,,,,,,,,,,,,,,,,,,,,,,,,,,,,,,,,,,,,,,,,,,,,,,,,,,,,,,,,,,,,,,,,,,,
,,,,,,,,,,,,,,,,,,,,,,,,,,,,,,,,,,,,,,,,,,,,,,,,,,,,,,,,,,,,,,,,,,,,,,,,,,,
,,,,,,,,,,,,,,,,,,,,,,,,,,,,,,,,,,,,,,,,,,,,,,,,,,,,,,,,,,,,,,,,,,,,,,,,,,,
,,,,,,,,,,,,,,,,,,,,,,,,,,,,,,,,,,,,,,,,,,,,,,,,,,,,,,,,,,,,,,,,,,,,,,,,,,,
,,,,,,,,,,,,,,,,,,,,,,,,,,,,,,,,,,,,,,,,,,,,,,,,,,,,,,,,,,,,,,,,,,,,,,,,,,,
,,,,,,,,,,,,,,,,,,,,,,,,,,,,,,,,,,,,,,,,,,,,,,,,,,,,,,,,,,,,,,,,,,,,,,,,,,,
,,,,,,,,,,,,,,,,,,,,,,,,,,,,,,,,,,,,,,,,,,,,,,,,,,,,,,,,,,,,,,,,,,,,,,,,,,,
,,,,,,,,,,,,,,,,,,,,,,,,,,,,,,,,,,,,,,,,,,,,,,,,,,,,,,,,,,,,,,,,,,,,,,,,,,,
,,,,,,,,,,,,,,,,,,,,,,,,,,,,,,,,,,,,,,,,,,,,,,,,,,,,,,,,,,,,,,,,,,,,,,,,,,,
,,,,,,,,,,,,,,,,,,,,,,,,,,,,,,,,,,,,,,,,,,,,,,,,,,,,,,,,,,,,,,,,,,,,,,,,,,,
,,,,,,,,,,,,,,,,,,,,,,,,,,,,,,,,,,,,,,,,,,,,,,,,,,,,,,,,,,,,,,,,,,,,,,,,,,,
,,,,,,,,,,,,,,,,,,,,,,,,,,,,,,,,,,,,,,,,,,,,,,,,,,,,,,,,,,,,,,,,,,,,,,,,,,,
,,,,,,,,,,,,,,,,,,,,,,,,,,,,,,,,,,,,,,,,,,,,,,,,,,,,,,,,,,,,,,,,,,,,,,,,,,,
,,,,,,,,,,,,,,,,,,,,,,,,,,,,,,,,,,,,,,,,,,,,,,,,,,,,,,,,,,,,,,,,,,,,,,,,,,,
,,,,,,,,,,,,,,,,,,,,,,,,,,,,,,,,,,,,,,,,,,,,,,,,,,,,,,,,,,,,,,,,,,,,,,,,,,,
,,,,,,,,,,,,,,,,,,,,,,,,,,,,,,,,,,,,,,,,,,,,,,,,,,,,,,,,,,,,,,,,,,,,,,,,,,,
,,,,,,,,,,,,,,,,,,,,,,,,,,,,,,,,,,,,,,,,,,,,,,,,,,,,,,,,,,,,,,,,,,,,,,,,,,,
,,,,,,,,,,,,,,,,,,,,,,,,,,,,,,,,,,,,,,,,,,,,,,,,,,,,,,,,,,,,,,,,,,,,,,,,,,,
,,,,,,,,,,,,,,,,,,,,,,,,,,,,,,,,,,,,,,,,,,,,,,,,,,,,,,,,,,,,,,,,,,,,,,,,,,,
,,,,,,,,,,,,,,,,,,,,,,,,,,,,,,,,,,,,,,,,,,,,,,,,,,,,,,,,,,,,,,,,,,,,,,,,,,,
,,,,,,,,,,,,,,,,,,,,,,,,,,,,,,,,,,,,,,,,,,,,,,,,,,,,,,,,,,,,,,,,,,,,,,,,,,,
,,,,,,,,,,,,,,,,,,,,,,,,,,,,,,,,,,,,,,,,,,,,,,,,,,,,,,,,,,,,,,,,,,,,,,,,,,,
,,,,,,,,,,,,,,,,,,,,,,,,,,,,,,,,,,,,,,,,,,,,,,,,,,,,,,,,,,,,,,,,,,,,,,,,,,,
,,,,,,,,,,,,,,,,,,,,,,,,,,,,,,,,,,,,,,,,,,,,,,,,,,,,,,,,,,,,,,,,,,,,,,,,,,,
,,,,,,,,,,,,,,,,,,,,,,,,,,,,,,,,,,,,,,,,,,,,,,,,,,,,,,,,,,,,,,,,,,,,,,,,,,,
,,,,,,,,,,,,,,,,,,,,,,,,,,,,,,,,,,,,,,,,,,,,,,,,,,,,,,,,,,,,,,,,,,,,,,,,,,,
,,,,,,,,,,,,,,,,,,,,,,,,,,,,,,,,,,,,,,,,,,,,,,,,,,,,,,,,,,,,,,,,,,,,,,,,,,,
,,,,,,,,,,,,,,,,,,,,,,,,,,,,,,,,,,,,,,,,,,,,,,,,,,,,,,,,,,,,,,,,,,,,,,,,,,,
,,,,,,,,,,,,,,,,,,,,,,,,,,,,,,,,,,,,,,,,,,,,,,,,,,,,,,,,,,,,,,,,,,,,,,,,,,,
,,,,,,,,,,,,,,,,,,,,,,,,,,,,,,,,,,,,,,,,,,,,,,,,,,,,,,,,,,,,,,,,,,,,,,,,,,,
,,,,,,,,,,,,,,,,,,,,,,,,,,,,,,,,,,,,,,,,,,,,,,,,,,,,,,,,,,,,,,,,,,,,,,,,,,,
,,,,,,,,,,,,,,,,,,,,,,,,,,,,,,,,,,,,,,,,,,,,,,,,,,,,,,,,,,,,,,,,,,,,,,,,,,,
,,,,,,,,,,,,,,,,,,,,,,,,,,,,,,,,,,,,,,,,,,,,,,,,,,,,,,,,,,,,,,,,,,,,,,,,,,,
,,,,,,,,,,,,,,,,,,,,,,,,,,,,,,,,,,,,,,,,,,,,,,,,,,,,,,,,,,,,,,,,,,,,,,,,,,,
,,,,,,,,,,,,,,,,,,,,,,,,,,,,,,,,,,,,,,,,,,,,,,,,,,,,,,,,,,,,,,,,,,,,,,,,,,,
,,,,,,,,,,,,,,,,,,,,,,,,,,,,,,,,,,,,,,,,,,,,,,,,,,,,,,,,,,,,,,,,,,,,,,,,,,,
,,,,,,,,,,,,,,,,,,,,,,,,,,,,,,,,,,,,,,,,,,,,,,,,,,,,,,,,,,,,,,,,,,,,,,,,,,,
,,,,,,,,,,,,,,,,,,,,,,,,,,,,,,,,,,,,,,,,,,,,,,,,,,,,,,,,,,,,,,,,,,,,,,,,,,,
,,,,,,,,,,,,,,,,,,,,,,,,,,,,,,,,,,,,,,,,,,,,,,,,,,,,,,,,,,,,,,,,,,,,,,,,,,,
,,,,,,,,,,,,,,,,,,,,,,,,,,,,,,,,,,,,,,,,,,,,,,,,,,,,,,,,,,,,,,,,,,,,,,,,,,,
,,,,,,,,,,,,,,,,,,,,,,,,,,,,,,,,,,,,,,,,,,,,,,,,,,,,,,,,,,,,,,,,,,,,,,,,,,,
,,,,,,,,,,,,,,,,,,,,,,,,,,,,,,,,,,,,,,,,,,,,,,,,,,,,,,,,,,,,,,,,,,,,,,,,,,,
,,,,,,,,,,,,,,,,,,,,,,,,,,,,,,,,,,,,,,,,,,,,,,,,,,,,,,,,,,,,,,,,,,,,,,,,,,,
,,,,,,,,,,,,,,,,,,,,,,,,,,,,,,,,,,,,,,,,,,,,,,,,,,,,,,,,,,,,,,,,,,,,,,,,,,,
,,,,,,,,,,,,,,,,,,,,,,,,,,,,,,,,,,,,,,,,,,,,,,,,,,,,,,,,,,,,,,,,,,,,,,,,,,,
,,,,,,,,,,,,,,,,,,,,,,,,,,,,,,,,,,,,,,,,,,,,,,,,,,,,,,,,,,,,,,,,,,,,,,,,,,,
,,,,,,,,,,,,,,,,,,,,,,,,,,,,,,,,,,,,,,,,,,,,,,,,,,,,,,,,,,,,,,,,,,,,,,,,,,,
,,,,,,,,,,,,,,,,,,,,,,,,,,,,,,,,,,,,,,,,,,,,,,,,,,,,,,,,,,,,,,,,,,,,,,,,,,,
,,,,,,,,,,,,,,,,,,,,,,,,,,,,,,,,,,,,,,,,,,,,,,,,,,,,,,,,,,,,,,,,,,,,,,,,,,,
,,,,,,,,,,,,,,,,,,,,,,,,,,,,,,,,,,,,,,,,,,,,,,,,,,,,,,,,,,,,,,,,,,,,,,,,,,,
,,,,,,,,,,,,,,,,,,,,,,,,,,,,,,,,,,,,,,,,,,,,,,,,,,,,,,,,,,,,,,,,,,,,,,,,,,,
,,,,,,,,,,,,,,,,,,,,,,,,,,,,,,,,,,,,,,,,,,,,,,,,,,,,,,,,,,,,,,,,,,,,,,,,,,,
,,,,,,,,,,,,,,,,,,,,,,,,,,,,,,,,,,,,,,,,,,,,,,,,,,,,,,,,,,,,,,,,,,,,,,,,,,,
,,,,,,,,,,,,,,,,,,,,,,,,,,,,,,,,,,,,,,,,,,,,,,,,,,,,,,,,,,,,,,,,,,,,,,,,,,,
,,,,,,,,,,,,,,,,,,,,,,,,,,,,,,,,,,,,,,,,,,,,,,,,,,,,,,,,,,,,,,,,,,,,,,,,,,,
,,,,,,,,,,,,,,,,,,,,,,,,,,,,,,,,,,,,,,,,,,,,,,,,,,,,,,,,,,,,,,,,,,,,,,,,,,,
,,,,,,,,,,,,,,,,,,,,,,,,,,,,,,,,,,,,,,,,,,,,,,,,,,,,,,,,,,,,,,,,,,,,,,,,,,,
,,,,,,,,,,,,,,,,,,,,,,,,,,,,,,,,,,,,,,,,,,,,,,,,,,,,,,,,,,,,,,,,,,,,,,,,,,,
,,,,,,,,,,,,,,,,,,,,,,,,,,,,,,,,,,,,,,,,,,,,,,,,,,,,,,,,,,,,,,,,,,,,,,,,,,,
,,,,,,,,,,,,,,,,,,,,,,,,,,,,,,,,,,,,,,,,,,,,,,,,,,,,,,,,,,,,,,,,,,,,,,,,,,,
,,,,,,,,,,,,,,,,,,,,,,,,,,,,,,,,,,,,,,,,,,,,,,,,,,,,,,,,,,,,,,,,,,,,,,,,,,,
,,,,,,,,,,,,,,,,,,,,,,,,,,,,,,,,,,,,,,,,,,,,,,,,,,,,,,,,,,,,,,,,,,,,,,,,,,,
,,,,,,,,,,,,,,,,,,,,,,,,,,,,,,,,,,,,,,,,,,,,,,,,,,,,,,,,,,,,,,,,,,,,,,,,,,,
,,,,,,,,,,,,,,,,,,,,,,,,,,,,,,,,,,,,,,,,,,,,,,,,,,,,,,,,,,,,,,,,,,,,,,,,,,,
,,,,,,,,,,,,,,,,,,,,,,,,,,,,,,,,,,,,,,,,,,,,,,,,,,,,,,,,,,,,,,,,,,,,,,,,,,,
,,,,,,,,,,,,,,,,,,,,,,,,,,,,,,,,,,,,,,,,,,,,,,,,,,,,,,,,,,,,,,,,,,,,,,,,,,,
,,,,,,,,,,,,,,,,,,,,,,,,,,,,,,,,,,,,,,,,,,,,,,,,,,,,,,,,,,,,,,,,,,,,,,,,,,,
,,,,,,,,,,,,,,,,,,,,,,,,,,,,,,,,,,,,,,,,,,,,,,,,,,,,,,,,,,,,,,,,,,,,,,,,,,,
,,,,,,,,,,,,,,,,,,,,,,,,,,,,,,,,,,,,,,,,,,,,,,,,,,,,,,,,,,,,,,,,,,,,,,,,,,,
,,,,,,,,,,,,,,,,,,,,,,,,,,,,,,,,,,,,,,,,,,,,,,,,,,,,,,,,,,,,,,,,,,,,,,,,,,,
,,,,,,,,,,,,,,,,,,,,,,,,,,,,,,,,,,,,,,,,,,,,,,,,,,,,,,,,,,,,,,,,,,,,,,,,,,,
,,,,,,,,,,,,,,,,,,,,,,,,,,,,,,,,,,,,,,,,,,,,,,,,,,,,,,,,,,,,,,,,,,,,,,,,,,,
,,,,,,,,,,,,,,,,,,,,,,,,,,,,,,,,,,,,,,,,,,,,,,,,,,,,,,,,,,,,,,,,,,,,,,,,,,,
,,,,,,,,,,,,,,,,,,,,,,,,,,,,,,,,,,,,,,,,,,,,,,,,,,,,,,,,,,,,,,,,,,,,,,,,,,,
,,,,,,,,,,,,,,,,,,,,,,,,,,,,,,,,,,,,,,,,,,,,,,,,,,,,,,,,,,,,,,,,,,,,,,,,,,,
,,,,,,,,,,,,,,,,,,,,,,,,,,,,,,,,,,,,,,,,,,,,,,,,,,,,,,,,,,,,,,,,,,,,,,,,,,,
,,,,,,,,,,,,,,,,,,,,,,,,,,,,,,,,,,,,,,,,,,,,,,,,,,,,,,,,,,,,,,,,,,,,,,,,,,,
,,,,,,,,,,,,,,,,,,,,,,,,,,,,,,,,,,,,,,,,,,,,,,,,,,,,,,,,,,,,,,,,,,,,,,,,,,,
,,,,,,,,,,,,,,,,,,,,,,,,,,,,,,,,,,,,,,,,,,,,,,,,,,,,,,,,,,,,,,,,,,,,,,,,,,,
,,,,,,,,,,,,,,,,,,,,,,,,,,,,,,,,,,,,,,,,,,,,,,,,,,,,,,,,,,,,,,,,,,,,,,,,,,,
,,,,,,,,,,,,,,,,,,,,,,,,,,,,,,,,,,,,,,,,,,,,,,,,,,,,,,,,,,,,,,,,,,,,,,,,,,,
,,,,,,,,,,,,,,,,,,,,,,,,,,,,,,,,,,,,,,,,,,,,,,,,,,,,,,,,,,,,,,,,,,,,,,,,,,,
,,,,,,,,,,,,,,,,,,,,,,,,,,,,,,,,,,,,,,,,,,,,,,,,,,,,,,,,,,,,,,,,,,,,,,,,,,,
,,,,,,,,,,,,,,,,,,,,,,,,,,,,,,,,,,,,,,,,,,,,,,,,,,,,,,,,,,,,,,,,,,,,,,,,,,,
,,,,,,,,,,,,,,,,,,,,,,,,,,,,,,,,,,,,,,,,,,,,,,,,,,,,,,,,,,,,,,,,,,,,,,,,,,,
,,,,,,,,,,,,,,,,,,,,,,,,,,,,,,,,,,,,,,,,,,,,,,,,,,,,,,,,,,,,,,,,,,,,,,,,,,,
,,,,,,,,,,,,,,,,,,,,,,,,,,,,,,,,,,,,,,,,,,,,,,,,,,,,,,,,,,,,,,,,,,,,,,,,,,,
,,,,,,,,,,,,,,,,,,,,,,,,,,,,,,,,,,,,,,,,,,,,,,,,,,,,,,,,,,,,,,,,,,,,,,,,,,,
